annualized_return,max_drawdown,sharpe,final_nav,core,anti_max,lowrisk_cluster,period
0.07992987756635572,-0.2234613778936666,0.5732181806762234,1.946254264881425,0.0,0.0,1.0,全周期
0.0784392264678242,-0.21761859980119158,0.5675454711868673,1.9231126288649134,0.0,0.05,0.95,全周期
0.076934340418789,-0.21174272576866005,0.5614720277743291,1.8999972196619292,0.0,0.1,0.9,全周期
0.07541528851038959,-0.20583366396867164,0.5549921743915013,1.8769137982588426,0.0,0.15000000000000002,0.85,全周期
0.07388214031905838,-0.20197621522902165,0.5481021250346803,1.8538680408035355,0.0,0.2,0.8,全周期
0.07233496590167987,-0.20042947908416098,0.5408001489880006,1.8308655367212525,0.0,0.25,0.75,全周期
0.07077383579071506,-0.1988862718082336,0.5330867162438746,1.8079117869111387,0.0,0.30000000000000004,0.7,全周期
0.06919882098930885,-0.19734662358767197,0.5249646179912103,1.7850122020240735,0.0,0.35000000000000003,0.65,全周期
0.06760999296637249,-0.1958105645765159,0.5164390573693061,1.7621721008219087,0.0,0.4,0.6,全周期
0.06600742365164658,-0.19427812489545881,0.5075177062250067,1.7393967086184088,0.0,0.45,0.55,全周期
0.06439118543074596,-0.1927493346308945,0.4982107243805743,1.7166911558019657,0.0,0.5,0.5,全周期
0.06276135114017456,-0.19133690978486328,0.4885307389006888,1.6940604764399847,0.0,0.55,0.45,全周期
0.06111799406233276,-0.1905163190739504,0.47849278200395945,1.6715096069651902,0.0,0.6000000000000001,0.4,全周期
0.05946118792049271,-0.18969892993654214,0.46811418754744366,1.6490433849433976,0.0,0.65,0.35,全周期
0.05779100687376282,-0.18888475253681714,0.4574144473600657,1.6266665479228288,0.0,0.7000000000000001,0.3,全周期
0.05610752551202891,-0.1880737970010945,0.4464150300426863,1.6043837323645551,0.0,0.75,0.25,全周期
0.054410818850882725,-0.18726607341763912,0.43513916611649606,1.582199472653892,0.0,0.8,0.2,全周期
0.052700962326521106,-0.18646159183646005,0.4236116045178885,1.5601182001920688,0.0,0.8500000000000001,0.15,全周期
0.05097803179064364,-0.18566036226910132,0.4118583463462156,1.5381442425681153,0.0,0.9,0.1,全周期
0.04924210350531455,-0.18486239468844978,0.3999063624236076,1.5162818228099946,0.0,0.9500000000000001,0.05,全周期
0.04749325413782701,-0.18406769902852804,0.38778330159321195,1.4945350587148098,0.0,1.0,0.0,全周期
0.08225382080654686,-0.21998993456449334,0.5875956002233185,1.9828238628554264,0.05,0.0,0.95,全周期
0.080757882135426,-0.21412408042597342,0.5819894243636626,1.9592147516397946,0.05,0.05,0.9,全周期
0.07924768366370061,-0.20822502635419993,0.5759746987977346,1.935633145063578,0.05,0.1,0.85,全周期
0.07772329471140216,-0.2022926804671079,0.5695454372585784,1.9120849106980657,0.05,0.15000000000000002,0.8,全周期
0.07618478508438753,-0.1963269514883237,0.5626975826805595,1.888575829298091,0.05,0.2,0.75,全周期
0.07463222506946976,-0.19417862996348512,0.5554291767985137,1.865111592889613,0.05,0.25,0.7,全周期
0.07306568542953706,-0.19262282805966502,0.5477405093481427,1.8416978029400752,0.05,0.30000000000000004,0.65,全周期
0.07148523739863921,-0.1910706125500342,0.5396342416313873,1.8183399686114758,0.05,0.35000000000000003,0.6,全周期
0.06989095267706014,-0.18952201383878386,0.5311154995342963,1.7950435050967322,0.05,0.4,0.55,全周期
0.06828290342636634,-0.1882839567422563,0.5221919316487235,1.7718137320393388,0.05,0.45,0.5,全周期
0.06666116226442709,-0.18745211265745954,0.5128737289486863,1.7486558720363714,0.05,0.5,0.45,全周期
0.06502580226043198,-0.1866234686434488,0.5031736034867911,1.7255750492251947,0.05,0.55,0.4,全周期
0.06337689692986315,-0.1857980350009779,0.49310672476883327,1.702576287953219,0.05,0.6000000000000001,0.35,全周期
0.061714520229473546,-0.18497582199312945,0.4826906137835218,1.6796645115312983,0.05,0.65,0.3,全周期
0.06003874655222696,-0.18415683984510056,0.4719449960451278,1.6568445410699613,0.05,0.7000000000000001,0.25,全周期
0.05834965072222542,-0.18334109874401094,0.460891616377908,1.6341210943984943,0.05,0.75,0.2,全周期
0.056647307989625695,-0.18252860883869537,0.4495540194581513,1.6114987850666183,0.05,0.8,0.15,全周期
0.05493179402552162,-0.18171938023948897,0.4379573012619206,1.58898212142798,0.05,0.8500000000000001,0.1,全周期
0.05320318491682552,-0.1809134230180396,0.42612783748255867,1.5665755058054358,0.05,0.9,0.05,全周期
0.05146155716112322,-0.18061497204187293,0.4140929956344344,1.5442832337372154,0.05,0.9500000000000001,-0.0,全周期
0.08454912405671089,-0.21651015408116991,0.6012804422337884,2.019538053593285,0.1,0.0,0.9,全周期
0.08304792996499022,-0.2106211860805136,0.5957347343285689,1.9954585623052883,0.1,0.05,0.85,全周期
0.08153245161101808,-0.20469891413989405,0.5897738263704997,1.9714078847541006,0.1,0.1,0.8,全周期
0.08000275854223005,-0.19874324632413953,0.5833915034704589,1.9473919954341126,0.1,0.15000000000000002,0.75,全周期
0.07845892079239314,-0.19275409130768295,0.5765835120095425,1.92341678002494,0.1,0.2,0.7,全周期
0.07690100887672902,-0.1878949827345966,0.5693477318865804,1.8994880334512294,0.1,0.25,0.65,全周期
0.07532909378701502,-0.18632651290251068,0.5616843278487363,1.875611458026771,0.1,0.30000000000000004,0.6,全周期
0.07374324698665835,-0.1852479549095004,0.5535958745991547,1.851792661683122,0.1,0.35000000000000003,0.55,全周期
0.07214354040575088,-0.1844048064935918,0.5450874507182909,1.8280371562831825,0.1,0.4,0.5,全周期
0.07053004643610317,-0.18356485631688124,0.536166697021685,1.8043503560197574,0.1,0.45,0.45,全周期
0.06890283792625351,-0.1827281148170068,0.5268438358008913,1.7807375758992519,0.1,0.5,0.4,全周期
0.067261988176466,-0.18189459239411565,0.5171316484340014,1.7572040303105863,0.1,0.55,0.35,全周期
0.06560757093369407,-0.18106429941066982,0.5070454100691426,1.7337548316790259,0.1,0.6000000000000001,0.3,全周期
0.06393966038653476,-0.18023724619122627,0.49660278142489656,1.7103949892050778,0.1,0.65,0.25,全周期
0.062258331160165215,-0.17941344302223694,0.4858236591502494,1.6871294076881125,0.1,0.7000000000000001,0.2,全周期
0.06056365831124744,-0.17859290015183416,0.4747299875705129,1.6639628864342835,0.1,0.75,0.15,全周期
0.05885571732282946,-0.1790701399524428,0.46334553593972794,1.6409001182486787,0.1,0.8,0.1,全周期
0.05713458409922367,-0.18029183074193933,0.4516956464534877,1.6179456885110717,0.1,0.8500000000000001,0.05,全周期
0.055400334960860054,-0.18204532606643153,0.4398069591876736,1.5951040743347127,0.1,0.9,0.0,全周期
0.08681557692824815,-0.21302205793844853,0.6142215704943268,2.056379494433172,0.15000000000000002,0.0,0.85,全周期
0.08530916002306488,-0.20710993849685777,0.608729571675559,2.0318269192359937,0.15000000000000002,0.05,0.8,全周期
0.08378843478467557,-0.2011644110968901,0.6028169620770168,2.007304498077573,0.15000000000000002,0.1,0.75,全周期
0.08225347098640468,-0.19518538375183858,0.5964773845208056,1.9828183126603127,0.15000000000000002,0.15000000000000002,0.7,全周期
0.08070433888840212,-0.18917276508851855,0.5897064674711902,1.9583743538541105,0.15000000000000002,0.2,0.65,全周期
0.07914110923275652,-0.1831264643566708,0.5825019981391635,1.9339785197284987,0.15000000000000002,0.25,0.6,全周期
0.0775638532385794,-0.1813746964213081,0.5748640742222553,1.9096366136707077,0.15000000000000002,0.30000000000000004,0.55,全周期
0.07597264259706304,-0.18052338948308733,0.5667952289651561,1.8853543425900143,0.15000000000000002,0.35000000000000003,0.5,全周期
0.0743675494665259,-0.1796752891958836,0.5583005245888953,1.8611373152087807,0.15000000000000002,0.4,0.45,全周期
0.0727486464674234,-0.17883040609722134,0.5493876097420631,1.8369910404400753,0.15000000000000002,0.45,0.4,全周期
0.07111600667735618,-0.17798875068712017,0.5400667374698596,1.8129209258523742,0.15000000000000002,0.5,0.35,全周期
0.06946970362603566,-0.17827690960207887,0.5303507412521234,1.7889322762207793,0.15000000000000002,0.55,0.3,全周期
0.06780981129024899,-0.1794527762276461,0.5202549678901376,1.7650302921652659,0.15000000000000002,0.6000000000000001,0.25,全周期
0.06613640408878774,-0.18063062521906392,0.5097971673693613,1.7412200688753023,0.15000000000000002,0.65,0.2,全周期
0.06444955687737575,-0.18181044193307772,0.49899734122525946,1.7175065949211112,0.15000000000000002,0.7000000000000001,0.15,全周期
0.0627493449435621,-0.18299221173214297,0.4878775523190529,1.693894751150748,0.15000000000000002,0.75,0.1,全周期
0.061035844001596784,-0.18417591998465332,0.4764617002150562,1.670389309672934,0.15000000000000002,0.8,0.05,全周期
0.059309130187304326,-0.18536155206517424,0.4647752674712691,1.6469949329253177,0.15000000000000002,0.8500000000000001,-0.0,全周期
0.0890529710047201,-0.20952566791733496,0.6263760957260307,2.0933304104015877,0.2,0.0,0.8,全周期
0.08754136434692805,-0.20359035969509465,0.62093057975093,2.068302254801275,0.2,0.05,0.75,全周期
0.08601542567787379,-0.19762153948618255,0.615060338721753,2.0433056246454515,0.2,0.1,0.7,全周期
0.08447522499523585,-0.19161911525392994,0.6087589616033627,2.018346709075085,0.2,0.15000000000000002,0.65,全周期
0.08292083278400253,-0.18558299557912616,0.602022039157882,1.9934316043622395,0.2,0.2,0.6,全周期
0.08135232001156667,-0.17951308966944435,0.5948473360913584,1.968566311914614,0.2,0.25,0.55,全周期
0.07976975812279896,-0.17759518477953384,0.5872349414730715,1.9437567363678776,0.2,0.30000000000000004,0.5,全周期
0.07817321903508967,-0.17875257732447036,0.5791873921667278,1.9190086837658897,0.2,0.35000000000000003,0.45,全周期
0.07656277513337684,-0.17991201746813779,0.5707097643942287,1.894327859829378,0.2,0.4,0.4,全周期
0.07493849926515161,-0.181073490631544,0.5618097291745542,1.8697198683130474,0.2,0.45,0.35,全周期
0.07330046473543606,-0.18223698224015272,0.5524975682339306,1.845190209451142,0.2,0.5,0.3,全周期
0.07164874530175536,-0.18340247772411145,0.5427861480442512,1.8207442784917307,0.2,0.55,0.25,全周期
0.06998341516906637,-0.18456996251847935,0.5326908508739299,1.796387364319118,0.2,0.6000000000000001,0.2,全周期
0.06830454898468963,-0.1857394220634655,0.5222294630742456,1.7721246481648625,0.2,0.65,0.15,全周期
0.06661222183321303,-0.18691084180464124,0.5114220222090694,1.7479612024066893,0.2,0.7000000000000001,0.1,全周期
0.06490650923137076,-0.18808420719318464,0.5002906259945819,1.7239019894550414,0.2,0.75,0.05,全周期
0.06318748712291056,-0.18925950368609545,0.48885920727532517,1.6999518607270427,0.2,0.8,0.0,全周期
0.09126109987060183,-0.20602100608570006,0.6377100736187729,2.130372605281237,0.25,0.0,0.75,全周期
0.08974433697327977,-0.20006247198397964,0.6323035830934883,2.104866586333998,0.25,0.05,0.7,全周期
0.08821321878171595,-0.1940703218592359,0.626469587415808,2.0793934952055673,0.25,0.1,0.65,全周期
0.08666781551638891,-0.18804446362642324,0.6202017095133011,2.053959628650455,0.25,0.15000000000000002,0.6,全周期
0.08510819788555879,-0.1819848058218939,0.6134955816439418,2.028571188499944,0.25,0.2,0.55,全周期
0.08353443708034436,-0.1815928784789227,0.6063490148091658,2.003234279639251,0.25,0.25,0.5,全周期
0.08194660476978077,-0.1827399196086994,0.5987621461772742,1.9779549080742393,0.25,0.30000000000000004,0.45,全周期
0.08034477309584642,-0.18388901476924835,0.5907375593703793,1.9527389790878136,0.25,0.35000000000000003,0.4,全周期
0.07872901466847892,-0.1850401494664694,0.5822803728676395,1.9275922954865001,0.25,0.4,0.35,全周期
0.07709940256056669,-0.18619330921038202,0.5733982924110552,1.9025205559372018,0.25,0.45,0.3,全周期
0.07545601030290983,-0.18734847951535183,0.5641016241575101,1.8775293533940265,0.25,0.5,0.25,全周期
0.0737989118791762,-0.18850564590032381,0.554403246376271,1.852624173615624,0.25,0.55,0.2,全周期
0.07212818172082192,-0.18966479388904434,0.5443185387038201,1.8278103937724082,0.25,0.6000000000000001,0.15,全周期
0.07044389470200585,-0.19082590901029517,0.5338652692833148,1.8030932811439448,0.25,0.65,0.1,全周期
0.06874612613447484,-0.19198897679811877,0.5230634414696871,1.7784779919058973,0.25,0.7000000000000001,0.05,全周期
0.06703495176243268,-0.19315398279204066,0.5119351031033833,1.7539695700063784,0.25,0.75,0.0,全周期
0.09343975913984282,-0.20250809479889553,0.648198924539089,2.1674874734580025,0.30000000000000004,0.0,0.7,全周期
0.091917873966745,-0.19652629796154653,0.6428240056443117,2.141501527867952,0.30000000000000004,0.05,0.65,全周期
0.09038161061364658,-0.1905107810585982,0.6370201531483418,2.1155499432692024,0.30000000000000004,0.1,0.6,全周期
0.08883103952225846,-0.18446145195821484,0.6307811085246494,2.0896391241481793,0.30000000000000004,0.15000000000000002,0.55,全周期
0.08726623162252745,-0.1855865193152444,0.6241026212232693,2.063775377996535,0.30000000000000004,0.2,0.5,全周期
0.08568725832770041,-0.18672325583593274,0.6169826136740297,2.037964913261238,0.30000000000000004,0.25,0.45,全周期
0.08409419152935915,-0.18786205264504552,0.6094213241521356,2.0122138373858123,0.30000000000000004,0.30000000000000004,0.4,全周期
0.08248710359244726,-0.1890028953334416,0.601421422529383,1.9865281549433411,0.30000000000000004,0.35000000000000003,0.35,全周期
0.08086606735026014,-0.19014576949576423,0.59298809434973,1.9609137658610374,0.30000000000000004,0.4,0.3,全周期
0.07923115609942677,-0.19129066073067014,0.5841290893080455,1.935376463736909,0.30000000000000004,0.45,0.25,全周期
0.07758244359485578,-0.1924375546410586,0.5748547310640113,1.9099219342482217,0.30000000000000004,0.5,0.2,全周期
0.07592000404467791,-0.1935864368342981,0.5651778863628362,1.884555753652142,0.30000000000000004,0.55,0.15,全周期
0.07424391210515235,-0.194737292922454,0.55511389261986,1.8592833873779897,0.30000000000000004,0.6000000000000001,0.1,全周期
0.07255424287556411,-0.19589010852251587,0.5446804444040143,1.8341101887112854,0.30000000000000004,0.65,0.05,全周期
0.07085107189310103,-0.19704486925662235,0.5338974405631318,1.8090413975691813,0.30000000000000004,0.7000000000000001,-0.0,全周期
0.09558874648422044,-0.19898695670035393,0.6578275657072028,2.2046560125426518,0.35000000000000003,0.0,0.65,全周期
0.0940617734481608,-0.1929818605157072,0.6524769901055609,2.178188302639334,0.35000000000000003,0.05,0.6,全周期
0.09252039974568449,-0.18845158830309983,0.6466974008856111,2.151756417491957,0.35000000000000003,0.1,0.55,全周期
0.09096469603814716,-0.18957598646015417,0.6404827370191171,2.125366869379385,0.35000000000000003,0.15000000000000002,0.5,全周期
0.08939473347557536,-0.19070246531712898,0.6338289351097469,2.099026071497764,0.35000000000000003,0.2,0.45,全周期
0.08781058369172379,-0.1918310105466805,0.626734088463405,2.0727403358838754,0.35000000000000003,0.25,0.4,全周期
0.08621231879909463,-0.19296160782468652,0.6191985839989494,2.046515871431263,0.35000000000000003,0.30000000000000004,0.35,全周期
0.08460001138394602,-0.1940942428304806,0.6112252122425015,2.0203587819998265,0.35000000000000003,0.35000000000000003,0.3,全周期
0.08297373450127132,-0.19522890124707226,0.6028192460767768,1.9942750646188678,0.35000000000000003,0.4,0.25,全周期
0.08133356166976635,-0.19636556876138545,0.5939884845578638,1.968270607783922,0.35000000000000003,0.45,0.2,全周期
0.07967956686676114,-0.19750423106447934,0.5847432589526588,1.942351189847083,0.35000000000000003,0.5,0.15,全周期
0.07801182452314692,-0.19864487385178076,0.5750963991638641,1.9165224775012686,0.35000000000000003,0.55,0.1,全周期
0.07633040951827175,-0.19978748282329817,0.5650631598559069,1.890790024357808,0.35000000000000003,0.6000000000000001,0.05,全周期
0.07463539717481993,-0.20093204368386453,0.5546611068229148,1.8651592696174768,0.35000000000000003,0.65,-0.0,全周期
0.09770786166148215,-0.19545761472218992,0.6665902633842351,2.241858836761407,0.4,0.0,0.6,全周期
0.09617583562266963,-0.19305028276223557,0.6612572274432998,2.2149077563468906,0.4,0.05,0.55,全周期
0.09462938683245481,-0.1941064943353329,0.6554964226828176,2.1879939948026377,0.4,0.1,0.5,全周期
0.0930685861702294,-0.19516531011755156,0.6493020568548261,2.161124172201576,0.4,0.15000000000000002,0.45,全周期
0.09149350500448117,-0.19622671501270994,0.6426703160794639,2.1343048074305786,0.4,0.2,0.4,全周期
0.08990421518783309,-0.19729069391679377,0.6355995166563975,2.1075423160871574,0.4,0.25,0.35,全周期
0.08830078905205574,-0.1983572317182538,0.6280902348289517,2.0808430084708887,0.4,0.30000000000000004,0.3,全周期
0.08668329940305664,-0.19942631329828764,0.6201454100060312,2.0542130876698885,0.4,0.35000000000000003,0.25,全周期
0.0850518195158505,-0.20049792353113316,0.6117704173840015,2.027658647742625,0.4,0.4,0.2,全周期
0.0834064231295033,-0.2015720472843534,0.6029731065465607,2.0011856719950734,0.4,0.45,0.15,全周期
0.08174718444206097,-0.20264866941912063,0.5937638034412291,1.9748000313534086,0.4,0.5,0.1,全周期
0.0800741781054568,-0.2037277747905062,0.5841552741094487,1.9485074828320785,0.4,0.55,0.05,全周期
0.07838747922039113,-0.20481538741246297,0.5741626496444804,1.9223136680970248,0.4,0.6000000000000001,-0.0,全周期
0.09979690654328444,-0.1976948601006977,0.6744902278525455,2.279076191108334,0.45,0.0,0.55,全周期
0.09825986280758658,-0.19873954240370006,0.669168521440974,2.251640371162945,0.45,0.05,0.5,全周期
0.09670837463899495,-0.19978683124939145,0.6634215728267301,2.224243394272581,0.45,0.1,0.45,全周期
0.09514251313330702,-0.2008367116603511,0.6572439205586864,2.196891988245938,0.45,0.15000000000000002,0.4,全周期
0.09356234987583045,-0.20188916865097883,0.6506320536236759,2.1695927775877695,0.45,0.2,0.35,全周期
0.09196795693640158,-0.20294418722777685,0.6435845549018904,2.1423522813692153,0.45,0.25,0.3,全周期
0.09035940686439003,-0.20400175238963936,0.6361022228256005,2.1151769111947805,0.45,0.30000000000000004,0.25,全周期
0.08873677268366653,-0.20506184912813885,0.6281881670410973,2.0880729692659425,0.45,0.35000000000000003,0.2,全周期
0.08710012788756893,-0.2061244624278108,0.6198478743151637,2.061046646542141,0.45,0.4,0.15,全周期
0.08544954643382363,-0.20718957726644216,0.6110892415520999,2.03410402099855,0.45,0.45,0.1,全周期
0.08378510273946604,-0.20825717861535398,0.6019225735804176,2.007251055981383,0.45,0.5,0.05,全周期
0.08210687167572828,-0.20932725143968778,0.5923605443032126,1.9804935986600916,0.45,0.55,0.0,全周期
0.10185568514290311,-0.20336374893342346,0.681538986428586,2.3162879662502514,0.5,0.0,0.5,全周期
0.10031365946006154,-0.20439957974892442,0.6762231260743496,2.2883662804868417,0.5,0.05,0.45,全周期
0.09875716806835455,-0.20543800436815673,0.6704857712500457,2.2604849917169365,0.5,0.1,0.4,全周期
0.09718628227834358,-0.20647900792376572,0.6643218429537023,2.2326509353659327,0.5,0.15000000000000002,0.35,全周期
0.09560107389049133,-0.2075225755401482,0.6577281764545757,2.204870841423631,0.5,0.2,0.3,全周期
0.09400161519017614,-0.20856869233373887,0.6507036555429727,2.1771513322887213,0.5,0.25,0.25,全周期
0.09238797894267514,-0.20961734341329485,0.6432493253715825,2.14949892071145,0.5,0.30000000000000004,0.2,全周期
0.09076023838812475,-0.21066851388018226,0.6353684800063937,2.121920007834889,0.5,0.35000000000000003,0.15,全周期
0.08911846723646377,-0.2117221888286569,0.627066721246192,2.0944208813351164,0.5,0.4,0.1,全周期
0.08746273966234974,-0.21277835334615258,0.6183519858773712,2.067007713660233,0.5,0.45,0.05,全周期
0.08579313030006297,-0.2138369925135608,0.6092345392899433,2.0396865603684398,0.5,0.5,0.0,全周期
0.10388400364271955,-0.2090034140274576,0.68775557856029,2.353473714173826,0.55,0.0,0.45,全周期
0.10233703220450097,-0.2100304516118432,0.6824409024175518,2.3250652844298925,0.55,0.05,0.4,全周期
0.10077557418896532,-0.21106007027697637,0.6767096244802754,2.2966988350171804,0.55,0.1,0.35,全周期
0.09919970111977161,-0.21209225526498432,0.6705570888932103,2.268381308796853,0.55,0.15000000000000002,0.3,全周期
0.09760948501086375,-0.21312699180967853,0.6639805102618226,2.2401195410502353,0.55,0.2,0.25,全周期
0.09600499836146725,-0.21416426513684417,0.656979098100145,2.2119202572975922,0.55,0.25,0.2,全周期
0.09438631415105903,-0.21520406046452167,0.6495541603903694,2.1837900712169023,0.55,0.30000000000000004,0.15,全周期
0.09275350583431652,-0.21624636300329003,0.6417091827042871,2.1557354826630806,0.55,0.35000000000000003,0.1,全周期
0.09110664733604779,-0.21729115795654952,0.6334498797722056,2.1277628757878597,0.55,0.4,0.05,全周期
0.08944581304608978,-0.21833843052080448,0.62478421697044,2.099878517260154,0.55,0.45,-0.0,全周期
0.10588167042149266,-0.21461391315057976,0.693165621861525,2.3906126645630823,0.6000000000000001,0.0,0.4,全周期
0.10432978985977703,-0.21563221553071887,0.6878483464561066,2.361716866020341,0.6000000000000001,0.05,0.35,全周期
0.10276340226178404,-0.21665308628502167,0.6821204178851282,2.3328646601531067,0.6000000000000001,0.1,0.3,全周期
0.10118257936258512,-0.21767651076451033,0.6759776330768729,2.304063097014717,0.6000000000000001,0.15000000000000002,0.25,全周期
0.0995873933879059,-0.21870247431183332,0.6694176086994265,2.2753191169227516,0.6000000000000001,0.2,0.2,全周期
0.09797791704910952,-0.2197309622615441,0.6624398954568725,2.246639548252456,0.6000000000000001,0.25,0.15,全周期
0.09635422353814782,-0.22076195994038905,0.6550460721395458,2.2180311053319413,0.6000000000000001,0.30000000000000004,0.1,全周期
0.09471638652249847,-0.22179545266758105,0.6472398162153344,2.1895003864396845,0.6000000000000001,0.35000000000000003,0.05,全周期
0.09306448014008284,-0.22283142575508696,0.6390269481744596,2.1610538719044494,0.6000000000000001,0.4,-0.0,全周期
0.10784849608137792,-0.22019530478724159,0.697800298829446,2.4276837418930817,0.65,0.0,0.35,全周期
0.10629174346619608,-0.22120492976000516,0.6924775397337364,2.3983002081144065,0.65,0.05,0.3,全周期
0.10472046376720057,-0.22221711041716552,0.6867510331656947,2.368961907930715,0.65,0.1,0.25,全周期
0.10313472892917708,-0.22323183221806242,0.6806170477386446,2.3396759982805944,0.65,0.15000000000000002,0.2,全周期
0.10153461138792053,-0.22424908061359605,0.6740736150192131,2.3104495242002265,0.65,0.2,0.15,全周期
0.0999201840651942,-0.22526884104651201,0.6671206335523092,2.2812894165917164,0.65,0.25,0.1,全周期
0.09829152036368449,-0.22629109895168054,0.659759953390843,2.252202490095392,0.65,0.30000000000000004,0.05,全周期
0.09664869416191091,-0.2273158397563766,0.6519954382508415,2.2231954410657346,0.65,0.35000000000000003,-0.0,全周期
0.10978429347472174,-0.22574764813043458,0.7016953114700049,2.4646655832250888,0.7000000000000001,0.0,0.3,全周期
0.10822270631222675,-0.22674865326222593,0.6963650717589994,2.434794210998363,0.7000000000000001,0.05,0.25,全周期
0.10664657243171205,-0.2277522014058836,0.6906388415635515,2.404969741391147,0.7000000000000001,0.1,0.2,全周期
0.10505596398596295,-0.2287582781284797,0.6845133700315476,2.3751994378561627,0.7000000000000001,0.15000000000000002,0.15,全周期
0.10345095361910439,-0.22976686898859,0.6779871073350339,2.345490449767257,0.7000000000000001,0.2,0.1,全周期
0.1018316144615583,-0.23077795953657476,0.6710602985101847,2.315849810163391,0.7000000000000001,0.25,0.05,全周期
0.10019802012497725,-0.2317915353148503,0.6637350586444913,2.286284433598034,0.7000000000000001,0.30000000000000004,-0.0,全周期
0.11168887773060443,-0.23127100307356796,0.7048898458776331,2.5015365566860606,0.75,0.0,0.25,全周期
0.1101224939609855,-0.23226344569987034,0.6995509773755464,2.471177510665027,0.75,0.05,0.2,全周期
0.10854154425435114,-0.233258418683156,0.6938246169919836,2.4408670638839323,0.75,0.1,0.15,全周期
0.10694610096974144,-0.2342559076976497,0.6877079941631782,2.410612585873384,0.75,0.15000000000000002,0.1,全周期
0.10533623695786432,-0.23525589840902605,0.6811999732439963,2.3804213299003254,0.75,0.2,0.05,全周期
0.10371202555603443,-0.23625837647467574,0.6743011374253046,2.350300430687727,0.75,0.25,0.0,全周期
0.1135620662811403,-0.23676543020236362,0.7074255818550536,2.538274780614318,0.8,0.0,0.2,全周期
0.11199092427648005,-0.23774936742731123,0.7020777248012015,2.507428497746535,0.8,0.05,0.15,全周期
0.11040519753285793,-0.23873582237240865,0.6963515052849033,2.476632537786401,0.8,0.1,0.1,全周期
0.10880495861381578,-0.23972478081845983,0.6902446248303497,2.445894375840835,0.8,0.15000000000000002,0.05,全周期
0.10719028057487412,-0.24071622853765684,0.6837563505741981,2.415221368560741,0.8,0.2,-0.0,全周期
0.11540367888752101,-0.24223099078678145,0.7093457747922394,2.5748581433513102,0.8500000000000001,0.0,0.15,全周期
0.1138278174495937,-0.24320647948272722,0.7039892816922989,2.5435253370833957,0.8500000000000001,0.05,0.1,全周期
0.11223735288961567,-0.24418447328044846,0.6982640769544686,2.512244603850133,0.8500000000000001,0.1,0.05,全周期
0.11063235797386306,-0.24516495806674965,0.692168319280043,2.4810235237671185,0.8500000000000001,0.15000000000000002,-0.0,全周期
0.11721353766580056,-0.24766774677294257,0.7106944290224697,2.611264323657992,0.9,0.0,0.1,全周期
0.11563299602380583,-0.24863484358006183,0.705330278197174,2.579445987908553,0.9,0.05,0.05,全周期
0.11403783329731532,-0.24960443288943746,0.6996074820959278,2.547681501152777,0.9,0.1,-0.0,全周期
0.11899146711242015,-0.25307576077509464,0.7115155743495752,2.6474708117329784,0.9500000000000001,0.0,0.05,全周期
0.11740628492066851,-0.2540345221009891,0.7061452781529932,2.615168224624144,0.9500000000000001,0.05,-0.0,全周期
0.12073729412946088,-0.25845509606757355,0.7118526508191789,2.6834549308077364,1.0,0.0,0.0,全周期
