core,stable,trend,annualized_return,max_drawdown,sharpe
0.0,0.0,1.0,0.08588132892345524,-0.23719988247386758,0.5697530898941748
0.0,0.05,0.95,0.08557545504102904,-0.23055961486764565,0.5716404048802086
0.0,0.1,0.9,0.08525149444254554,-0.22387038609408672,0.5732851256813828
0.0,0.15000000000000002,0.85,0.08490947040660513,-0.21756469288237223,0.5746711553832345
0.0,0.2,0.8,0.08454940705227298,-0.21123543172332038,0.5757827361401008
0.0,0.25,0.75,0.08417132933671545,-0.20632313356923482,0.5766046254234802
0.0,0.30000000000000004,0.7,0.08377526305277705,-0.20462637966357433,0.5771222809198713
0.0,0.35000000000000003,0.65,0.08336123482650382,-0.20292977889607078,0.5773220509531385
0.0,0.4,0.6,0.08292927211459311,-0.2012333465202384,0.5771913667663329
0.0,0.45,0.55,0.08247940320179858,-0.1996227503751823,0.576718932532625
0.0,0.5,0.5,0.08201165719826231,-0.19830433514718104,0.5758949086088281
0.0,0.55,0.45,0.08152606403679896,-0.19698652762175595,0.5747110833304704
0.0,0.6000000000000001,0.4,0.08102265447011758,-0.19566933713436463,0.5731610286025672
0.0,0.65,0.35,0.0805014600679792,-0.19435277302860898,0.5712402346859015
0.0,0.7000000000000001,0.3,0.07996251321430514,-0.19303684465614468,0.5689462199255654
0.0,0.75,0.25,0.07940584710422272,-0.19172156137657748,0.5662786117157084
0.0,0.8,0.2,0.07883149574105608,-0.1904069325573725,0.5632391957277223
0.0,0.8500000000000001,0.15,0.0782394939332558,-0.19315887582504887,0.5598319313213196
0.0,0.9,0.1,0.0776298772912738,-0.19791115771116818,0.556062932069986
0.0,0.9500000000000001,0.05,0.0770026822243901,-0.20264445268295994,0.5519404114154817
0.0,1.0,0.0,0.07635794593746548,-0.20735876415825605,0.5474745945656131
0.05,0.0,0.95,0.08789982746692515,-0.23519988627973742,0.5824086210191899
0.05,0.05,0.9,0.08758841521741934,-0.22854369790761953,0.5843548123878455
0.05,0.1,0.85,0.08725888720957764,-0.221838446122402,0.5860493234541653
0.05,0.15000000000000002,0.8,0.08691126699804541,-0.21528660969622393,0.5874755826262409
0.05,0.2,0.75,0.08654557897895243,-0.20901373720652472,0.5886174005045253
0.05,0.25,0.7,0.08616184838752816,-0.20731832063820255,0.5894591545526642
0.05,0.30000000000000004,0.65,0.08576010129565392,-0.2056230394509213,0.589985982154195
0.05,0.35000000000000003,0.6,0.08534036460936267,-0.20392790885221146,0.5901839786787312
0.05,0.4,0.55,0.08490266606627639,-0.20223294407782255,0.590040396631029
0.05,0.45,0.5,0.08444703423297861,-0.20053816039153638,0.5895438414922473
0.05,0.5,0.45,0.0839734985023346,-0.19913826711584093,0.5886844595205324
0.05,0.55,0.4,0.08348208909074928,-0.1978214400307441,0.5874541125911499
0.05,0.6000000000000001,0.35,0.08297283703536351,-0.19650522817636684,0.5858465351526521
0.05,0.65,0.3,0.08244577419119925,-0.19518964088713275,0.5838574685746233
0.05,0.7000000000000001,0.25,0.08190093322823833,-0.1938746875055234,0.5814847685729865
0.05,0.75,0.2,0.08133834762845371,-0.19256037738197807,0.5787284820164038
0.05,0.8,0.15,0.08075805168276728,-0.1912467198747948,0.5755908902239163
0.05,0.8500000000000001,0.1,0.08016008048797207,-0.19221291661012518,0.5720765168279213
0.05,0.9,0.05,0.07954446994357656,-0.19697167006943972,0.5681920993542788
0.05,0.9500000000000001,-0.0,0.07891125674860744,-0.20171140360002526,0.5639465248098339
0.1,0.0,0.9,0.08989618526370213,-0.23320190253182183,0.594723706914189
0.1,0.05,0.85,0.0895792241353448,-0.226529816037342,0.5967171600702663
0.1,0.1,0.8,0.08924411861692594,-0.2198085641054458,0.5984499222332509
0.1,0.15000000000000002,0.75,0.08889089253941185,-0.2130378626500995,0.5999050123940309
0.1,0.2,0.7,0.08851957057625182,-0.21001252777948898,0.6010658791865511
0.1,0.25,0.65,0.08813017824096114,-0.20831859871557712,0.6019165933228949
0.1,0.30000000000000004,0.6,0.08772274188466866,-0.20662480250553483,0.6024420479861138
0.1,0.35000000000000003,0.55,0.08729728869358322,-0.20493115433903153,0.6026281635577472
0.1,0.4,0.5,0.08685384668641305,-0.20323766943395571,0.6024620925042161
0.1,0.45,0.45,0.08639244471171814,-0.2015443630362307,0.6019324197914115
0.1,0.5,0.4,0.08591311244520905,-0.19997750979917073,0.6010293538767677
0.1,0.55,0.35,0.08541588038697712,-0.19866167263139112,0.5997449031764092
0.1,0.6000000000000001,0.3,0.08490077985868205,-0.19734644888616004,0.5980730329488415
0.1,0.65,0.25,0.08436784300066047,-0.196031847888667,0.5960097977939322
0.1,0.7000000000000001,0.2,0.08381710276899534,-0.19471787897216075,0.5935534454424677
0.1,0.75,0.15,0.08324859293251508,-0.19340455147785274,0.5907044881994986
0.1,0.8,0.1,0.08266234806974126,-0.19209187475482048,0.5874657392817317
0.1,0.8500000000000001,0.05,0.0820584035657772,-0.19127897629235868,0.5838423123192522
0.1,0.9,0.0,0.08143679560914019,-0.1960441329317021,0.579841583426899
0.15000000000000002,0.0,0.85,0.0918702670766649,-0.23120597305732127,0.6066606620961588
0.15000000000000002,0.05,0.8,0.09154774689244105,-0.22451801141913652,0.6086890682015039
0.15000000000000002,0.1,0.75,0.09120705409908703,-0.21778078254287936,0.610447914810754
0.15000000000000002,0.15000000000000002,0.7,0.09084821280414013,-0.21270892141924003,0.6119198844170313
0.15000000000000002,0.2,0.65,0.09047124795860184,-0.2110163768956005,0.6130881406138139
0.15000000000000002,0.25,0.6,0.09007618535449002,-0.20932394756006545,0.6139365274686509
0.15000000000000002,0.30000000000000004,0.55,0.08966305162236776,-0.20763164855592986,0.6144497762573446
0.15000000000000002,0.35000000000000003,0.5,0.08923187422878986,-0.20593949505490217,0.614613715699479
0.15000000000000002,0.4,0.45,0.08878268147370005,-0.20424750225691501,0.6144154812891109
0.15000000000000002,0.45,0.4,0.08831550248776332,-0.2025556853899375,0.6138437188773823
0.15000000000000002,0.5,0.35,0.08783036722963367,-0.2008640597097877,0.6128887773740574
0.15000000000000002,0.55,0.3,0.08732730648317966,-0.19950720903633956,0.611542885325783
0.15000000000000002,0.6000000000000001,0.25,0.08680635185463692,-0.19819298285712184,0.6098003062260372
0.15000000000000002,0.65,0.2,0.08626753576969914,-0.19687937760735463,0.6076574677307816
0.15000000000000002,0.7000000000000001,0.15,0.08571089147056887,-0.19556640261099567,0.605113060497391
0.15000000000000002,0.75,0.1,0.08513645301293016,-0.19425406719997307,0.6021681031207449
0.15000000000000002,0.8,0.05,0.08454425526287634,-0.19294238071408265,0.5988259705828233
0.15000000000000002,0.8500000000000001,-0.0,0.08393433389377924,-0.19163135250089847,0.5950923847203863
0.2,0.0,0.8,0.09382193889607948,-0.2292121397370721,0.6181836754338759
0.2,0.05,0.75,0.09349384981554354,-0.22250832626916384,0.6202341771820815
0.2,0.1,0.7,0.0931475603215266,-0.21575514398842155,0.6220064643175616
0.2,0.15000000000000002,0.65,0.09278309479838898,-0.21371629435630113,0.6234829624965428
0.2,0.2,0.6,0.0924004784748862,-0.21202526425420098,0.6246466334625678
0.2,0.25,0.55,0.09199973742174117,-0.21033434684053076,0.6254811803713228
0.2,0.30000000000000004,0.5,0.09158089854912399,-0.20864355724053207,0.6259712597105338
0.2,0.35000000000000003,0.45,0.09114398960408865,-0.20695291060785925,0.626102695736533
0.2,0.4,0.4,0.09068903916794091,-0.20526242212439527,0.625862692816526
0.2,0.45,0.35,0.0902160766535578,-0.20357210700005868,0.6252400406548975
0.2,0.5,0.3,0.08972513230263224,-0.2018819804726213,0.6242253071303498
0.2,0.55,0.25,0.08921623718286997,-0.20035803276049735,0.6228110134104261
0.2,0.6000000000000001,0.2,0.08868942318512785,-0.19904481358470627,0.6209917861649414
0.2,0.65,0.15,0.08814472302048149,-0.19773221351922865,0.6187644820826051
0.2,0.7000000000000001,0.1,0.08758217021725012,-0.19642024187867535,0.6161282805047336
0.2,0.75,0.05,0.08700179911795569,-0.19510890798563008,0.6130847408105286
0.2,0.8,0.0,0.08640364487622376,-0.19379822117055034,0.6096378221891571
0.25,0.0,0.75,0.09575106795362309,-0.2272204445042384,0.6292593012588589
0.25,0.05,0.7,0.09541740047466729,-0.22050080285613205,0.6313186549078833
0.25,0.1,0.65,0.09506550519465162,-0.21641827162618477,0.6330914265752292
0.25,0.15000000000000002,0.6,0.09469540677496635,-0.21472867298834342,0.634559870319583
0.25,0.2,0.55,0.09430713072233887,-0.2130391694656536,0.6357068341736627
0.25,0.25,0.5,0.09390070338636347,-0.21134977613660721,0.6365159702829017
0.25,0.30000000000000004,0.45,0.09347615195697534,-0.20966050810829773,0.6369719507128793
0.25,0.35000000000000003,0.4,0.09303350446186176,-0.20797138051622988,0.6370606846509438
0.25,0.4,0.35,0.09257278976380556,-0.20628240852414204,0.6367695322182375
0.25,0.45,0.3,0.09209403755798662,-0.20459360732380638,0.6360875097323873
0.25,0.5,0.25,0.09159727836920428,-0.2029049921348498,0.6350054810549777
0.25,0.55,0.2,0.09108254354905299,-0.20121657820456218,0.6335163296520347
0.25,0.6000000000000001,0.15,0.09054986527303144,-0.19990192446692978,0.6316151062115076
0.25,0.65,0.1,0.0899992765376072,-0.19859033900270062,0.6292991471083454
0.25,0.7000000000000001,0.05,0.08943081115719842,-0.197279380134037,0.626568159680423
0.25,0.75,0.0,0.08884450376112762,-0.19596905717412005,0.6234242711572602
0.30000000000000004,0.0,0.7,0.09765752273630746,-0.22523092934301792,0.6398569169494207
0.30000000000000004,0.05,0.65,0.09731826769690621,-0.21912222940039972,0.6419116663743053
0.30000000000000004,0.1,0.6,0.0969607578876519,-0.21743409432835836,0.6436718301959584
0.30000000000000004,0.15000000000000002,0.55,0.09658501824717103,-0.21574603686839655,0.6451195803140903
0.30000000000000004,0.2,0.5,0.09619107456033804,-0.21405807205197658,0.6462377426179581
0.30000000000000004,0.25,0.45,0.09577895345578713,-0.2123702149393456,0.6470100106708102
0.30000000000000004,0.30000000000000004,0.4,0.09534868240335337,-0.21068248061935613,0.6474211639893606
0.30000000000000004,0.35000000000000003,0.35,0.09490028971147302,-0.20899488420927081,0.6474572864767348
0.30000000000000004,0.4,0.3,0.09443380452450434,-0.20730744085458386,0.6471059800901021
0.30000000000000004,0.45,0.25,0.09394925682000288,-0.20562016572883124,0.646356568490715
0.30000000000000004,0.5,0.2,0.09344667740592416,-0.20393307403339977,0.6452002852694417
0.30000000000000004,0.55,0.15,0.09292609791778061,-0.20224618099734237,0.6436304413933173
0.30000000000000004,0.6000000000000001,0.1,0.09238755081572925,-0.20076429880486701,0.6416425667963997
0.30000000000000004,0.65,0.05,0.09183106938160668,-0.19945373733905403,0.639234521546863
0.30000000000000004,0.7000000000000001,-0.0,0.09125668771590334,-0.1981438006386056,0.636406572752933
0.35000000000000003,0.0,0.65,0.09954117300029175,-0.2232436362873198,0.6499491330381287
0.35000000000000003,0.05,0.6,0.09919632158021274,-0.22014144900900845,0.6519857909433459
0.35000000000000003,0.1,0.55,0.09883318884226311,-0.2184548696535742,0.6537202992885737
0.35000000000000003,0.15000000000000002,0.5,0.09845180000249787,-0.21676836546202027,0.6551348398988162
0.35000000000000003,0.2,0.45,0.09805218112409975,-0.21508195144747377,0.6562123098412316
0.35000000000000003,0.25,0.4,0.09763435911488161,-0.21339564265184152,0.6569365372816759
0.35000000000000003,0.30000000000000004,0.35,0.09719836172470697,-0.21170945414563946,0.6572925007346648
0.35000000000000003,0.35000000000000003,0.3,0.09674421754285767,-0.2100234010277967,0.6572665471329137
0.35000000000000003,0.4,0.25,0.09627195599534377,-0.20833749842547178,0.6568466037053733
0.35000000000000003,0.45,0.2,0.09578160734215069,-0.20665176149386544,0.6560223783683337
0.35000000000000003,0.5,0.15,0.09527320267443051,-0.20496620541603183,0.6547855432358061
0.35000000000000003,0.55,0.1,0.09474677391162034,-0.20328084540269076,0.6531298959684023
0.35000000000000003,0.6000000000000001,0.05,0.09420235379852704,-0.20163191980314066,0.6510514940190332
0.35000000000000003,0.65,-0.0,0.09363997590232853,-0.20032239171293575,0.6485487574006294
0.4,0.0,0.6,0.10140188978459208,-0.2228506579373657,0.6595121433711314
0.4,0.05,0.55,0.10105143350707335,-0.22116558859714852,0.6615173744127194
0.4,0.1,0.5,0.10068266978641138,-0.21948057701209667,0.6632134055906013
0.4,0.15000000000000002,0.45,0.10029562411625226,-0.2177956381479379,0.6645825217107609
0.4,0.2,0.4,0.09989032283824462,-0.21611078699936737,0.6656077843265491
0.4,0.25,0.35,0.09946679313950013,-0.21442603858986786,0.6662732483187623
0.4,0.30000000000000004,0.3,0.09902506305001268,-0.21274140797152197,0.666564180564548
0.4,0.35000000000000003,0.25,0.09856516143999294,-0.21105691022482853,0.6664672760283513
0.4,0.4,0.2,0.09808711801716341,-0.2093725604585167,0.6659708662178612
0.4,0.45,0.15,0.09759096332397954,-0.20768837380935923,0.6650651147180795
0.4,0.5,0.1,0.09707672873479956,-0.20600436544198408,0.6637421944776543
0.4,0.55,0.05,0.0965444464529881,-0.20432055054868303,0.6619964416955828
0.4,0.6000000000000001,-0.0,0.09599414950796947,-0.20263694434922586,0.6598244815542504
0.45,0.0,0.55,0.10323954542468416,-0.22387811464962737,0.668526004991966
0.45,0.05,0.5,0.1028834761580788,-0.22219462752094699,0.6704868054352194
0.45,0.1,0.45,0.10250907374774254,-0.22051119572822575,0.6721319395337227
0.45,0.15000000000000002,0.4,0.10211636396506352,-0.2188278342186678,0.6734438873683458
0.45,0.2,0.35,0.10170537343027841,-0.21714455796844623,0.6744059664819795
0.45,0.25,0.3,0.10127612960991672,-0.21546138198252385,0.675002547694501
0.45,0.30000000000000004,0.25,0.10082866081418107,-0.2137783212944575,0.6752192716282596
0.45,0.35000000000000003,0.2,0.10036299619427824,-0.21209539096622498,0.6750432612270983
0.45,0.4,0.15,0.09987916573968314,-0.21041260608803203,0.67446332521443
0.45,0.45,0.1,0.09937720027534502,-0.20872998177812718,0.6734701472642903
0.45,0.5,0.05,0.09885713145882447,-0.2070475331826187,0.6720564556809837
0.45,0.55,0.0,0.09831899177738879,-0.20536527547527672,0.6702171686163622
0.5,0.0,0.5,0.10505401356598143,-0.22491043798409704,0.6769748401083073
0.5,0.05,0.45,0.10469232352537694,-0.22322854505144407,0.6788787087984886
0.5,0.1,0.4,0.10431227506704555,-0.22154670504093643,0.6804610929950095
0.5,0.15000000000000002,0.35,0.10391389424025488,-0.2198649328811666,0.681704757860101
0.5,0.2,0.3,0.1034972079439449,-0.2181832435296951,0.6825933648785272
0.5,0.25,0.25,0.1030622439241431,-0.21650165197286808,0.6831116854160141
0.5,0.30000000000000004,0.2,0.1026090307713392,-0.2148201732256263,0.6832458135684099
0.5,0.35000000000000003,0.15,0.10213759791777988,-0.2131388223313323,0.6829833735792415
0.5,0.4,0.1,0.10164797563471728,-0.21145761436157595,0.6823137168227541
0.5,0.45,0.05,0.1011401950295916,-0.20977656441599002,0.6812281032381517
0.5,0.5,0.0,0.10061428804315109,-0.20809568762206687,0.6797198621825793
0.55,0.0,0.45,0.10684516917721587,-0.22594760715971318,0.6848469555590928
0.55,0.05,0.4,0.10647785092601136,-0.224267320375231,0.686682051399678
0.55,0.1,0.35,0.10609214941156209,-0.22258708410452055,0.6881905500761598
0.55,0.15000000000000002,0.3,0.10568809096113241,-0.22090691325747203,0.68935558749982
0.55,0.2,0.25,0.10526570275245772,-0.21922682277294037,0.6901612518668602
0.55,0.25,0.2,0.10482501281114565,-0.2175468276185618,0.6905927935039651
0.55,0.30000000000000004,0.15,0.1043660500080128,-0.2158669427905734,0.6906368325770799
0.55,0.35000000000000003,0.1,0.10388884405637855,-0.21418718331362685,0.6902815599810751
0.55,0.4,0.05,0.10339342550927766,-0.21250756424060202,0.6895169265067916
0.55,0.45,-0.0,0.1028798257566268,-0.2108281006524244,0.6883348153310279
0.6000000000000001,0.0,0.4,0.10861288856369522,-0.22698960131184476,0.6921348784348104
0.6000000000000001,0.05,0.35,0.10823993501514861,-0.22531093259509427,0.6938901602185841
0.6000000000000001,0.1,0.3,0.10784857378817536,-0.2236323119892304,0.6953144859488618
0.6000000000000001,0.15000000000000002,0.25,0.10743883148813627,-0.22195375438534626,0.6963914423005194
0.6000000000000001,0.2,0.2,0.1070107355716412,-0.22027527470349806,0.6971056203124055
0.6000000000000001,0.25,0.15,0.10656431434392477,-0.21859688789252496,0.6974428201353645
0.6000000000000001,0.30000000000000004,0.1,0.10609959695617399,-0.21691860892986203,0.6973902522418334
0.6000000000000001,0.35000000000000003,0.05,0.1056166134027845,-0.21524045282136295,0.6969367304990396
0.6000000000000001,0.4,-0.0,0.10511539451856633,-0.2135624346011038,0.6960728523467862
0.65,0.0,0.35,0.11035704938044066,-0.22803639949292887,0.698835309708823
0.65,0.05,0.3,0.1099784537991848,-0.22635936073066065,0.7005006549827825
0.65,0.1,0.25,0.10958142655648695,-0.2246823676819215,0.7018314773657612
0.65,0.15000000000000002,0.2,0.10916599453588405,-0.22300543521891691,0.7028118873348509
0.65,0.2,0.15,0.10873218547292085,-0.22132857824281693,0.7034270470363209
0.65,0.25,0.1,0.10828002795249869,-0.21965181168356862,0.7036633686564348
0.65,0.30000000000000004,0.05,0.1078095514061852,-0.21797515049971716,0.7035087079100167
0.65,0.35000000000000003,-0.0,0.10732078610944829,-0.216298609678223,0.7029525481749884
0.7000000000000001,0.0,0.3,0.11207753064521442,-0.2290879806731272,0.7049490007156468
0.7000000000000001,0.05,0.25,0.11169328664873812,-0.22741258371904016,0.7065153013201514
0.7000000000000001,0.1,0.2,0.11129058744177045,-0.22573723008669888,0.7077443316436036
0.7000000000000001,0.15000000000000002,0.15,0.11086946018609378,-0.22406193462933144,0.708620790940108
0.7000000000000001,0.2,0.1,0.11042993289622305,-0.22238671222912998,0.7091304718989311
0.7000000000000001,0.25,0.05,0.10997203443674719,-0.2207115777970593,0.7092604514920786
0.7000000000000001,0.30000000000000004,-0.0,0.10949579451961466,-0.2190365462726812,0.7089992756824488
0.75,0.0,0.25,0.11377421275141475,-0.23014432374096172,0.7104805598934332
0.75,0.05,0.2,0.1133843143115103,-0.22847058041547808,0.7119397928324879
0.75,0.1,0.15,0.11297593754780766,-0.2267968780255719,0.7130598435986015
0.75,0.15000000000000002,0.1,0.11254910990037637,-0.2251232314054078,0.7138260563104939
0.75,0.2,0.05,0.11210385966273084,-0.22344965541810602,0.7142249041319922
0.75,0.25,0.0,0.11164021597914942,-0.2217761649555614,0.7142441716065875
0.8,0.0,0.2,0.11544697748086108,-0.23120540750397334,0.715438199263646
0.8,0.05,0.15,0.11505141892503712,-0.22953332959400075,0.7167834725705435
0.8,0.1,0.1,0.11463735936959507,-0.22786129023910118,0.7177884919285277
0.8,0.15000000000000002,0.05,0.11420482653292008,-0.2261893042542823,0.7184392929775749
0.8,0.2,-0.0,0.11375384898753116,-0.22451738648350472,0.7187230694037045
0.8500000000000001,0.0,0.15,0.11709570801644564,-0.2322712106893714,0.7198334315711817
0.8500000000000001,0.05,0.1,0.11669448402930582,-0.23060080994807708,0.7210590057723056
0.8500000000000001,0.1,0.05,0.11627473680593159,-0.2289304453870551,0.7219440878267452
0.8500000000000001,0.15000000000000002,-0.0,0.11583649434303611,-0.22726013180206728,0.7224754418578159
0.9,0.0,0.1,0.11872028895466258,-0.2333417119446839,0.7236807298242925
0.9,0.05,0.05,0.11831339457924894,-0.23167300009126213,0.7247820164252103
0.9,0.1,-0.0,0.11788795517187833,-0.23000432204906196,0.7255433891757023
0.9500000000000001,0.0,0.05,0.12032060631801,-0.23441688983841535,0.7269971611751396
0.9500000000000001,0.05,-0.0,0.1199080369571155,-0.23274987855786256,0.7279707002626641
1.0,0.0,0.0,0.12189654756725532,-0.235496722860707,0.7298020067286007
