date,equity,cash,holdings
2020-01-02,10094614.765359,487931.76535899926,20
2020-01-03,10040289.765359,487931.76535899926,20
2020-01-06,10137406.765359,487931.76535899926,20
2020-01-07,10255782.765359,487931.76535899926,20
2020-01-08,10119084.765359,487931.76535899926,20
2020-01-09,10165091.765359,487931.76535899926,20
2020-01-10,10120114.765359,487931.76535899926,20
2020-01-13,10259560.765359,487931.76535899926,20
2020-01-14,10297812.765359,487931.76535899926,20
2020-01-15,10225646.765359,487931.76535899926,20
2020-01-16,10099451.765359,487931.76535899926,20
2020-01-17,10173748.765359,487931.76535899926,20
2020-01-20,10189188.765359,487931.76535899926,20
2020-01-21,9987254.765359,487931.76535899926,20
2020-01-22,10044187.765359,487931.76535899926,20
2020-01-23,9719435.765359,487931.76535899926,20
2020-02-03,8904987.878297798,92.87829779935419,21
2020-02-04,9056352.878297798,92.87829779935419,21
2020-02-05,9239353.878297798,92.87829779935419,21
2020-02-06,9358992.8782978,92.87829779935419,21
2020-02-07,9375402.878297798,92.87829779935419,21
2020-02-10,9548107.878297798,92.87829779935419,21
2020-02-11,9506274.878297798,92.87829779935419,21
2020-02-12,9621301.878297798,92.87829779935419,21
2020-02-13,9502753.878297798,92.87829779935419,21
2020-02-14,9451765.878297798,92.87829779935419,21
2020-02-17,9675980.878297798,92.87829779935419,21
2020-02-18,9728283.878297798,92.87829779935419,21
2020-02-19,9693612.878297798,92.87829779935419,21
2020-02-20,9818929.878297798,92.87829779935419,21
2020-02-21,9817822.878297798,92.87829779935419,21
2020-02-24,9729355.878297798,92.87829779935419,21
2020-02-25,9615885.878297798,92.87829779935419,21
2020-02-26,9583265.878297798,92.87829779935419,21
2020-02-27,9578691.878297798,92.87829779935419,21
2020-02-28,9190104.878297798,92.87829779935419,21
2020-03-02,9434694.714432798,434198.71443279955,20
2020-03-03,9446806.714432798,434198.71443279955,20
2020-03-04,9578071.714432798,434198.71443279955,20
2020-03-05,9711990.714432798,434198.71443279955,20
2020-03-06,9854908.714432798,434198.71443279955,20
2020-03-09,9593415.714432798,434198.71443279955,20
2020-03-10,9665035.714432798,434198.71443279955,20
2020-03-11,9541638.714432798,434198.71443279955,20
2020-03-12,9347379.714432798,434198.71443279955,20
2020-03-13,9087475.714432798,434198.71443279955,20
2020-03-16,8910249.714432798,434198.71443279955,20
2020-03-17,8828935.714432798,434198.71443279955,20
2020-03-18,8710431.7144328,434198.71443279955,20
2020-03-19,8669942.714432798,434198.71443279955,20
2020-03-20,8772220.714432798,434198.71443279955,20
2020-03-23,8494109.7144328,434198.71443279955,20
2020-03-24,8666304.714432798,434198.71443279955,20
2020-03-25,8831779.714432798,434198.71443279955,20
2020-03-26,8761237.7144328,434198.71443279955,20
2020-03-27,8821195.7144328,434198.71443279955,20
2020-03-30,8670581.7144328,434198.71443279955,20
2020-03-31,8676966.714432798,434198.71443279955,20
2020-04-01,8640099.842978599,232847.84297859843,21
2020-04-02,8925347.842978599,232847.84297859843,21
2020-04-03,8826516.842978599,232847.84297859843,21
2020-04-07,9122837.842978599,232847.84297859843,21
2020-04-08,9187488.842978599,232847.84297859843,21
2020-04-09,9228429.842978599,232847.84297859843,21
2020-04-10,8938346.842978599,232847.84297859843,21
2020-04-13,8795343.842978599,232847.84297859843,21
2020-04-14,9108607.842978599,232847.84297859843,21
2020-04-15,9188960.842978599,232847.84297859843,21
2020-04-16,9135723.842978599,232847.84297859843,21
2020-04-17,9200287.842978599,232847.84297859843,21
2020-04-20,9262825.842978599,232847.84297859843,21
2020-04-21,9059257.842978599,232847.84297859843,21
2020-04-22,9095665.842978599,245773.84297859846,21
2020-04-23,8979843.842978599,245773.84297859846,21
2020-04-24,8874151.842978599,245773.84297859846,21
2020-04-27,8760215.842978599,245773.84297859846,21
2020-04-28,8684304.842978599,245773.84297859846,21
2020-04-29,8853207.842978599,245773.84297859846,21
2020-04-30,9248169.842978599,253413.8429785985,21
2020-05-06,9214567.141832601,415618.1418326008,20
2020-05-07,9250613.141832601,415618.1418326008,20
2020-05-08,9270649.141832601,415618.1418326008,20
2020-05-11,9230791.141832601,415618.1418326008,20
2020-05-12,9134246.141832601,415618.1418326008,20
2020-05-13,9154550.141832601,415618.1418326008,20
2020-05-14,9101296.141832601,415618.1418326008,20
2020-05-15,9156088.141832601,415618.1418326008,20
2020-05-18,9177050.141832601,427246.1418326009,20
2020-05-19,9195775.141832601,427246.1418326009,20
2020-05-20,9174287.141832601,427246.1418326009,20
2020-05-21,9158671.141832601,458330.1418326008,20
2020-05-22,9010192.141832601,458330.1418326008,20
2020-05-25,9128363.141832601,458330.1418326008,20
2020-05-26,9191867.141832601,458330.1418326008,20
2020-05-27,9290251.141832601,458330.1418326008,20
2020-05-28,9332138.141832601,458330.1418326008,20
2020-05-29,9368412.141832601,458330.1418326008,20
2020-06-01,9479389.777025001,443187.7770250008,20
2020-06-02,9523650.777025001,443187.7770250008,20
2020-06-03,9478642.777025001,443187.7770250008,20
2020-06-04,9543110.777025001,455514.77702500083,20
2020-06-05,9519571.777025001,455514.77702500083,20
2020-06-08,9471787.777025001,455514.77702500083,20
2020-06-09,9449553.777025001,455514.77702500083,20
2020-06-10,9518614.777025001,455514.77702500083,20
2020-06-11,9481169.777025001,455514.77702500083,20
2020-06-12,9521369.777025001,455514.77702500083,20
2020-06-15,9479069.777025001,455514.77702500083,20
2020-06-16,9603902.777025001,455514.77702500083,20
2020-06-17,9613413.777025001,478859.7770250008,20
2020-06-18,9561436.777025001,478859.7770250008,20
2020-06-19,9665850.777025001,478859.7770250008,20
2020-06-22,9693537.777025001,478859.7770250008,20
2020-06-23,9670584.777025001,478859.7770250008,20
2020-06-24,9630501.777025001,487244.3770250008,20
2020-06-29,9546732.177025,487244.3770250008,20
2020-06-30,9663878.977025,487244.3770250008,20
2020-07-01,9763179.224120881,458393.2241208808,20
2020-07-02,9892623.224120881,458393.2241208808,20
2020-07-03,10035156.224120881,458393.2241208808,20
2020-07-06,10434108.224120881,458393.2241208808,20
2020-07-07,10538025.224120881,458393.2241208808,20
2020-07-08,10729995.224120881,458393.2241208808,20
2020-07-09,10946462.224120881,458393.2241208808,20
2020-07-10,10873747.624120882,458393.2241208808,20
2020-07-13,11220420.024120882,465953.2241208808,20
2020-07-14,11244418.124120882,465953.2241208808,20
2020-07-15,10981586.524120882,465953.2241208808,20
2020-07-16,10564210.42412088,465953.2241208808,20
2020-07-17,10588360.124120882,465953.2241208808,20
2020-07-20,11003830.024120882,465953.2241208808,20
2020-07-21,10988825.224120881,465953.2241208808,20
2020-07-22,11039098.024120882,465953.2241208808,20
2020-07-23,11017603.324120881,465953.2241208808,20
2020-07-24,10563963.92412088,465953.2241208808,20
2020-07-27,10552634.024120882,465953.2241208808,20
2020-07-28,10643718.124120882,465953.2241208808,20
2020-07-29,10849267.524120882,465953.2241208808,20
2020-07-30,10801028.124120882,465953.2241208808,20
2020-07-31,10891277.724120881,465953.2241208808,20
2020-08-03,11166146.215777261,1154722.2157772612,19
2020-08-04,11276606.215777261,1154722.2157772612,19
2020-08-05,11309665.215777261,1154722.2157772612,19
2020-08-06,11299880.215777261,1154722.2157772612,19
2020-08-07,11297430.215777261,1154722.2157772612,19
2020-08-10,11476680.215777261,1154722.2157772612,19
2020-08-11,11268224.215777261,1154722.2157772612,19
2020-08-12,11243526.215777261,1154722.2157772612,19
2020-08-13,11340265.215777261,1154722.2157772612,19
2020-08-14,11287615.215777261,1154722.2157772612,19
2020-08-17,11522881.215777261,1154722.2157772612,19
2020-08-18,11654427.215777261,1154722.2157772612,19
2020-08-19,11702154.215777261,1154722.2157772612,19
2020-08-20,11514665.215777261,1154722.2157772612,19
2020-08-21,11637013.215777261,1154722.2157772612,19
2020-08-24,11704157.215777261,1154722.2157772612,19
2020-08-25,11771409.215777261,1154722.2157772612,19
2020-08-26,11455435.215777261,1154722.2157772612,19
2020-08-27,11547611.215777261,1154722.2157772612,19
2020-08-28,11679138.215777261,1154722.2157772612,19
2020-08-31,11613973.215777261,1154722.2157772612,19
2020-09-01,11557306.957416862,538979.9574168625,20
2020-09-02,11512522.957416862,538979.9574168625,20
2020-09-03,11521690.957416862,538979.9574168625,20
2020-09-04,11425057.957416862,538979.9574168625,20
2020-09-07,11294477.957416862,538979.9574168625,20
2020-09-08,11451731.957416862,538979.9574168625,20
2020-09-09,11332746.957416862,538979.9574168625,20
2020-09-10,11077576.957416862,538979.9574168625,20
2020-09-11,11104832.957416862,538979.9574168625,20
2020-09-14,11172648.957416862,538979.9574168625,20
2020-09-15,11142716.957416862,538979.9574168625,20
2020-09-16,11122329.957416862,538979.9574168625,20
2020-09-17,11152433.957416862,538979.9574168625,20
2020-09-18,11287498.957416862,538979.9574168625,20
2020-09-21,11240224.957416862,538979.9574168625,20
2020-09-22,11121876.957416862,538979.9574168625,20
2020-09-23,11096685.957416862,538979.9574168625,20
2020-09-24,10895280.957416862,538979.9574168625,20
2020-09-25,10875870.957416862,538979.9574168625,20
2020-09-28,10848312.957416862,538979.9574168625,20
2020-09-29,10863348.957416862,538979.9574168625,20
2020-09-30,10756593.957416862,538979.9574168625,20
2020-10-09,10926597.355411062,484106.35541106237,21
2020-10-12,11108533.355411062,484106.35541106237,21
2020-10-13,11108446.355411062,484106.35541106237,21
2020-10-14,11131489.355411062,484106.35541106237,21
2020-10-15,11063508.355411062,484106.35541106237,21
2020-10-16,11158323.355411062,484106.35541106237,21
2020-10-19,11057010.355411062,499156.35541106237,21
2020-10-20,11109395.355411062,499156.35541106237,21
2020-10-21,11069172.355411062,499156.35541106237,21
2020-10-22,11070361.355411062,499156.35541106237,21
2020-10-23,11012070.355411062,499156.35541106237,21
2020-10-26,10948138.355411062,499156.35541106237,21
2020-10-27,10875670.355411062,499156.35541106237,21
2020-10-28,10863060.355411062,499156.35541106237,21
2020-10-29,10862658.355411062,499156.35541106237,21
2020-10-30,10737446.355411062,499156.35541106237,21
2020-11-02,10568276.843867663,493550.8438676632,20
2020-11-03,10863725.843867663,493550.8438676632,20
2020-11-04,10869329.843867663,493550.8438676632,20
2020-11-05,11111059.843867663,493550.8438676632,20
2020-11-06,11025302.843867663,493550.8438676632,20
2020-11-09,11238758.843867663,493550.8438676632,20
2020-11-10,11076406.843867663,493550.8438676632,20
2020-11-11,11014974.843867663,493550.8438676632,20
2020-11-12,11082132.843867663,493550.8438676632,20
2020-11-13,10975762.843867663,493550.8438676632,20
2020-11-16,11257958.843867663,493550.8438676632,20
2020-11-17,11288329.843867663,493550.8438676632,20
2020-11-18,11259125.843867663,493550.8438676632,20
2020-11-19,11204868.843867663,493550.8438676632,20
2020-11-20,11235865.843867663,493550.8438676632,20
2020-11-23,11229452.843867663,493550.8438676632,20
2020-11-24,11104866.843867663,493550.8438676632,20
2020-11-25,10934754.843867663,493550.8438676632,20
2020-11-26,10896027.843867663,493550.8438676632,20
2020-11-27,10919333.843867663,493550.8438676632,20
2020-11-30,10915765.843867663,493550.8438676632,20
2020-12-01,11072016.405427864,538601.4054278631,20
2020-12-02,11126033.405427862,538601.4054278631,20
2020-12-03,11229861.405427862,538601.4054278631,20
2020-12-04,11226619.405427862,538601.4054278631,20
2020-12-07,11143767.405427862,538601.4054278631,20
2020-12-08,11115088.405427864,538601.4054278631,20
2020-12-09,10980617.405427862,538601.4054278631,20
2020-12-10,10905808.405427862,538601.4054278631,20
2020-12-11,10749473.405427862,538601.4054278631,20
2020-12-14,10839616.405427864,538601.4054278631,20
2020-12-15,10915692.405427862,538601.4054278631,20
2020-12-16,10823993.405427862,538601.4054278631,20
2020-12-17,10838297.405427862,538601.4054278631,20
2020-12-18,10807112.405427862,538601.4054278631,20
2020-12-21,10848837.405427864,538601.4054278631,20
2020-12-22,10607496.405427862,538601.4054278631,20
2020-12-23,10665355.405427862,538601.4054278631,20
2020-12-24,10500345.405427862,538601.4054278631,20
2020-12-25,10489674.405427862,538601.4054278631,20
2020-12-28,10362913.405427862,538601.4054278631,20
2020-12-29,10539952.405427862,538601.4054278631,20
2020-12-30,10612440.405427862,538601.4054278631,20
2020-12-31,10690678.405427862,538601.4054278631,20
2021-01-04,10716691.541348863,575054.5413488628,20
2021-01-05,10837404.541348863,575054.5413488628,20
2021-01-06,10836313.541348863,575054.5413488628,20
2021-01-07,10505230.541348863,575054.5413488628,20
2021-01-08,10621599.541348863,575054.5413488628,20
2021-01-11,10494376.541348863,575054.5413488628,20
2021-01-12,10578401.541348863,575054.5413488628,20
2021-01-13,10510880.541348863,575054.5413488628,20
2021-01-14,10634780.541348863,575054.5413488628,20
2021-01-15,10664136.541348863,575054.5413488628,20
2021-01-18,10786950.541348863,575054.5413488628,20
2021-01-19,10922804.541348863,575054.5413488628,20
2021-01-20,10811608.541348863,575054.5413488628,20
2021-01-21,10846139.541348863,575054.5413488628,20
2021-01-22,10706059.541348863,575054.5413488628,20
2021-01-25,10470259.541348863,575054.5413488628,20
2021-01-26,10447857.541348863,575054.5413488628,20
2021-01-27,10572843.541348863,575054.5413488628,20
2021-01-28,10413156.541348863,575054.5413488628,20
2021-01-29,10323729.541348863,575054.5413488628,20
2021-02-01,10391771.822696062,494448.8226960617,20
2021-02-02,10515608.822696062,494448.8226960617,20
2021-02-03,10378939.822696062,494448.8226960617,20
2021-02-04,10162034.822696062,494448.8226960617,20
2021-02-05,10202363.822696062,494448.8226960617,20
2021-02-08,10323849.822696062,494448.8226960617,20
2021-02-09,10460053.822696062,494448.8226960617,20
2021-02-10,10595582.822696062,494448.8226960617,20
2021-02-18,10851939.822696062,494448.8226960617,20
2021-02-19,11302801.822696062,494448.8226960617,20
2021-02-22,11496768.822696062,494448.8226960617,20
2021-02-23,11358799.822696062,494448.8226960617,20
2021-02-24,11319568.822696062,494448.8226960617,20
2021-02-25,11326134.822696062,494448.8226960617,20
2021-02-26,11208247.822696062,494448.8226960617,20
2021-03-01,11400304.422947062,553620.4229470625,20
2021-03-02,11324303.422947062,553620.4229470625,20
2021-03-03,11628813.422947062,553620.4229470625,20
2021-03-04,11448594.422947062,553620.4229470625,20
2021-03-05,11645735.422947062,553620.4229470625,20
2021-03-08,11576412.422947062,553620.4229470625,20
2021-03-09,11415753.422947062,553620.4229470625,20
2021-03-10,11239576.422947062,553620.4229470625,20
2021-03-11,11358146.422947062,553620.4229470625,20
2021-03-12,11259715.422947062,553620.4229470625,20
2021-03-15,11345935.422947062,553620.4229470625,20
2021-03-16,11522257.422947062,553620.4229470625,20
2021-03-17,11706424.422947062,553620.4229470625,20
2021-03-18,11723783.422947062,553620.4229470625,20
2021-03-19,11540496.422947062,553620.4229470625,20
2021-03-22,11678286.422947062,553620.4229470625,20
2021-03-23,11489298.422947062,553620.4229470625,20
2021-03-24,11388148.422947062,553620.4229470625,20
2021-03-25,11383398.422947062,553620.4229470625,20
2021-03-26,11566825.422947062,553620.4229470625,20
2021-03-29,11623903.422947062,553620.4229470625,20
2021-03-30,11509128.422947062,553620.4229470625,20
2021-03-31,11517047.422947062,553620.4229470625,20
2021-04-01,11590473.523398062,569296.5233980615,20
2021-04-02,11675919.52339806,569296.5233980615,20
2021-04-06,11729358.52339806,569296.5233980615,20
2021-04-07,11618235.52339806,569296.5233980615,20
2021-04-08,11569704.52339806,569296.5233980615,20
2021-04-09,11450173.52339806,569296.5233980615,20
2021-04-12,11287028.52339806,569296.5233980615,20
2021-04-13,11271818.52339806,569296.5233980615,20
2021-04-14,11420036.52339806,569296.5233980615,20
2021-04-15,11406095.52339806,569296.5233980615,20
2021-04-16,11706777.52339806,569296.5233980615,20
2021-04-19,12075861.52339806,569296.5233980615,20
2021-04-20,12132176.52339806,569296.5233980615,20
2021-04-21,12143941.52339806,569296.5233980615,20
2021-04-22,12118758.523398062,569296.5233980615,20
2021-04-23,12102906.52339806,569296.5233980615,20
2021-04-26,12039422.52339806,569296.5233980615,20
2021-04-27,11974685.52339806,569296.5233980615,20
2021-04-28,12217685.52339806,569296.5233980615,20
2021-04-29,12199964.52339806,569296.5233980615,20
2021-04-30,12148877.52339806,569296.5233980615,20
2021-05-06,12076149.783915658,551656.7839156587,20
2021-05-07,11951734.783915658,551656.7839156587,20
2021-05-10,11926084.78391566,551656.7839156587,20
2021-05-11,12077601.783915658,551656.7839156587,20
2021-05-12,12117036.783915658,551656.7839156587,20
2021-05-13,12164567.783915658,551656.7839156587,20
2021-05-14,12257475.783915658,551656.7839156587,20
2021-05-17,12162343.78391566,551656.7839156587,20
2021-05-18,12255205.783915658,551656.7839156587,20
2021-05-19,12264910.783915658,551656.7839156587,20
2021-05-20,12269723.783915658,551656.7839156587,20
2021-05-21,12264124.78391566,551656.7839156587,20
2021-05-24,12298877.783915658,551656.7839156587,20
2021-05-25,12412047.783915658,551656.7839156587,20
2021-05-26,12463908.783915658,584856.7839156587,20
2021-05-27,12429244.783915658,584856.7839156587,20
2021-05-28,12458140.28391566,584856.7839156587,20
2021-05-31,12525314.083915658,584856.7839156587,20
2021-06-01,12583541.883003559,944028.883003558,19
2021-06-02,12582521.883003559,944028.883003558,19
2021-06-03,12736481.883003559,944028.883003558,19
2021-06-04,12849853.883003559,944028.883003558,19
2021-06-07,12800178.883003559,944028.883003558,19
2021-06-08,12907541.883003559,944028.883003558,19
2021-06-09,12869964.883003559,944028.883003558,19
2021-06-10,12857999.283003557,944028.883003558,19
2021-06-11,12764313.883003559,944028.883003558,19
2021-06-15,12710307.083003558,944028.883003558,19
2021-06-16,12518078.483003559,965127.883003558,19
2021-06-17,12579408.083003558,965127.883003558,19
2021-06-18,12599588.083003558,965127.883003558,19
2021-06-21,12593321.683003558,965127.883003558,19
2021-06-22,12638082.083003558,965127.883003558,19
2021-06-23,12701260.883003557,965127.883003558,19
2021-06-24,12609322.483003559,965127.883003558,19
2021-06-25,12671460.383003559,965127.883003558,19
2021-06-28,12765210.883003557,965127.883003558,19
2021-06-29,12644268.483003559,974027.883003558,19
2021-06-30,12743730.883003557,974027.883003558,19
2021-07-01,12731686.297954317,360807.6979543172,21
2021-07-02,12712786.097954318,360807.6979543172,21
2021-07-05,12780246.097954318,360807.6979543172,21
2021-07-06,12789048.697954318,360807.6979543172,21
2021-07-07,12804706.297954317,360807.6979543172,21
2021-07-08,12691575.897954319,398339.6979543173,21
2021-07-09,12820880.497954316,398339.6979543173,21
2021-07-12,12864676.697954318,398339.6979543173,21
2021-07-13,12954438.697954318,398339.6979543173,21
2021-07-14,12985692.297954317,398339.6979543173,21
2021-07-15,13093276.897954317,398339.6979543173,21
2021-07-16,13059437.397954319,398339.6979543173,21
2021-07-19,13157784.397954319,413571.6979543173,21
2021-07-20,13121437.197954318,413571.6979543173,21
2021-07-21,13069291.197954318,413571.6979543173,21
2021-07-22,13067849.597954318,413571.6979543173,21
2021-07-23,13009057.797954317,413571.6979543173,21
2021-07-26,12793426.097954318,413571.6979543173,21
2021-07-27,12610898.997954316,413571.6979543173,21
2021-07-28,12546470.497954316,413571.6979543173,21
2021-07-29,12649397.197954318,413571.6979543173,21
2021-07-30,12673716.297954317,413571.6979543173,21
2021-08-02,12671723.395218559,594504.3952185572,20
2021-08-03,12727093.395218557,594504.3952185572,20
2021-08-04,12928892.395218557,594504.3952185572,20
2021-08-05,13038580.395218559,594504.3952185572,20
2021-08-06,13215771.395218557,594504.3952185572,20
2021-08-09,13235474.395218557,594504.3952185572,20
2021-08-10,13392812.395218557,594504.3952185572,20
2021-08-11,13492867.395218557,594504.3952185572,20
2021-08-12,13428809.395218557,594504.3952185572,20
2021-08-13,13545896.395218557,594504.3952185572,20
2021-08-16,13616261.395218557,594504.3952185572,20
2021-08-17,13343795.395218557,594504.3952185572,20
2021-08-18,13647122.395218557,594504.3952185572,20
2021-08-19,13389638.395218557,594504.3952185572,20
2021-08-20,13381075.395218557,594504.3952185572,20
2021-08-23,13673840.395218557,594504.3952185572,20
2021-08-24,13748730.395218557,594504.3952185572,20
2021-08-25,13947342.395218557,594504.3952185572,20
2021-08-26,13992602.395218557,594504.3952185572,20
2021-08-27,14018786.395218557,594504.3952185572,20
2021-08-30,14054028.395218557,594504.3952185572,20
2021-08-31,14044542.395218557,594504.3952185572,20
2021-09-01,14102819.850964157,672175.8509641571,20
2021-09-02,14238002.850964157,672175.8509641571,20
2021-09-03,14285904.850964157,672175.8509641571,20
2021-09-06,14401972.850964157,672175.8509641571,20
2021-09-07,14580757.850964157,672175.8509641571,20
2021-09-08,14683119.850964157,672175.8509641571,20
2021-09-09,14863815.850964157,672175.8509641571,20
2021-09-10,14817313.850964157,672175.8509641571,20
2021-09-13,15064907.850964157,672175.8509641571,20
2021-09-14,14725834.850964157,672175.8509641571,20
2021-09-15,14829894.850964157,672175.8509641571,20
2021-09-16,14666902.850964157,672175.8509641571,20
2021-09-17,14547536.850964157,672175.8509641571,20
2021-09-22,14888421.850964157,672175.8509641571,20
2021-09-23,15265551.850964157,672175.8509641571,20
2021-09-24,15060121.850964157,672175.8509641571,20
2021-09-27,14528294.850964157,672175.8509641571,20
2021-09-28,14773860.850964159,672175.8509641571,20
2021-09-29,14583104.850964157,672175.8509641571,20
2021-09-30,14575892.850964159,672175.8509641571,20
2021-10-08,14795371.409506757,1281156.409506758,19
2021-10-11,14723063.409506757,1281156.409506758,19
2021-10-12,14622686.409506757,1281156.409506758,19
2021-10-13,14539092.409506757,1281156.409506758,19
2021-10-14,14602609.409506757,1281156.409506758,19
2021-10-15,14428507.409506757,1281156.409506758,19
2021-10-18,14451287.409506759,1281156.409506758,19
2021-10-19,14431989.409506757,1281156.409506758,19
2021-10-20,14318845.409506757,1281156.409506758,19
2021-10-21,14342915.409506759,1281156.409506758,19
2021-10-22,14176797.409506757,1281156.409506758,19
2021-10-25,14089554.409506757,1281156.409506758,19
2021-10-26,14009424.409506757,1281156.409506758,19
2021-10-27,13862113.409506759,1281156.409506758,19
2021-10-28,13869756.409506759,1281156.409506758,19
2021-10-29,14007198.409506757,1281156.409506758,19
2021-11-01,14051313.448477758,667875.4484777579,20
2021-11-02,13884117.448477758,667875.4484777579,20
2021-11-03,13954432.448477758,667875.4484777579,20
2021-11-04,13972331.448477758,667875.4484777579,20
2021-11-05,13933694.448477758,667875.4484777579,20
2021-11-08,13960495.448477758,667875.4484777579,20
2021-11-09,13937837.448477758,667875.4484777579,20
2021-11-10,14005668.448477758,667875.4484777579,20
2021-11-11,14074865.448477758,667875.4484777579,20
2021-11-12,14042762.448477758,667875.4484777579,20
2021-11-15,14158063.448477758,667875.4484777579,20
2021-11-16,14067533.448477758,667875.4484777579,20
2021-11-17,14122160.448477758,667875.4484777579,20
2021-11-18,14039684.448477758,667875.4484777579,20
2021-11-19,14138742.448477758,667875.4484777579,20
2021-11-22,14053194.448477758,667875.4484777579,20
2021-11-23,14059405.448477758,667875.4484777579,20
2021-11-24,14132749.448477758,667875.4484777579,20
2021-11-25,14120863.448477758,667875.4484777579,20
2021-11-26,14149020.448477758,667875.4484777579,20
2021-11-29,14055861.448477758,667875.4484777579,20
2021-11-30,14097621.448477758,667875.4484777579,20
2021-12-01,14169226.829029158,670244.8290291589,20
2021-12-02,14088347.829029158,670244.8290291589,20
2021-12-03,14148227.829029158,670244.8290291589,20
2021-12-06,14095015.829029158,670244.8290291589,20
2021-12-07,13925703.829029158,670244.8290291589,20
2021-12-08,14188673.829029158,670244.8290291589,20
2021-12-09,14296355.829029158,670244.8290291589,20
2021-12-10,14287941.829029158,670244.8290291589,20
2021-12-13,14316736.829029158,670244.8290291589,20
2021-12-14,14233901.829029158,670244.8290291589,20
2021-12-15,14301491.829029158,670244.8290291589,20
2021-12-16,14419868.829029158,670244.8290291589,20
2021-12-17,14428322.829029158,670244.8290291589,20
2021-12-20,14506033.829029158,670244.8290291589,20
2021-12-21,14699844.829029158,670244.8290291589,20
2021-12-22,14771708.829029158,670244.8290291589,20
2021-12-23,14792540.829029158,670244.8290291589,20
2021-12-24,14663837.829029158,670244.8290291589,20
2021-12-27,14743870.829029158,670244.8290291589,20
2021-12-28,14594696.829029158,670244.8290291589,20
2021-12-29,14497462.829029158,670244.8290291589,20
2021-12-30,14568840.829029158,670244.8290291589,20
2021-12-31,14787116.829029158,670244.8290291589,20
2022-01-04,15137615.83152956,712699.8315295596,20
2022-01-05,15058662.83152956,712699.8315295596,20
2022-01-06,15044100.83152956,712699.8315295596,20
2022-01-07,15087919.83152956,712699.8315295596,20
2022-01-10,15131267.83152956,712699.8315295596,20
2022-01-11,15261319.83152956,712699.8315295596,20
2022-01-12,15325743.83152956,712699.8315295596,20
2022-01-13,15310425.83152956,712699.8315295596,20
2022-01-14,15092559.83152956,712699.8315295596,20
2022-01-17,15225425.83152956,712699.8315295596,20
2022-01-18,15168094.83152956,712699.8315295596,20
2022-01-19,15314542.83152956,712699.8315295596,20
2022-01-20,15129669.83152956,712699.8315295596,20
2022-01-21,14991903.83152956,712699.8315295596,20
2022-01-24,14962356.83152956,712699.8315295596,20
2022-01-25,14475514.83152956,712699.8315295596,20
2022-01-26,14593783.83152956,712699.8315295596,20
2022-01-27,14355727.83152956,712699.8315295596,20
2022-01-28,14460389.83152956,712699.8315295596,20
2022-02-07,14697006.479792167,284194.4797921678,21
2022-02-08,14854548.479792168,284194.4797921678,21
2022-02-09,15019075.479792168,284194.4797921678,21
2022-02-10,15132842.479792167,284194.4797921678,21
2022-02-11,15032878.479792168,284194.4797921678,21
2022-02-14,14839352.479792168,284194.4797921678,21
2022-02-15,14819943.479792168,284194.4797921678,21
2022-02-16,15121798.479792167,284194.4797921678,21
2022-02-17,15243437.479792168,284194.4797921678,21
2022-02-18,15398127.479792168,284194.4797921678,21
2022-02-21,15593239.479792168,284194.4797921678,21
2022-02-22,15468854.479792167,284194.4797921678,21
2022-02-23,15700697.479792167,284194.4797921678,21
2022-02-24,15394293.479792168,284194.4797921678,21
2022-02-25,15464984.479792167,284194.4797921678,21
2022-02-28,15523956.479792168,284194.4797921678,21
2022-03-01,15553532.881088769,739467.8810887688,20
2022-03-02,15538588.881088769,739467.8810887688,20
2022-03-03,15606674.881088769,739467.8810887688,20
2022-03-04,15192861.881088769,739467.8810887688,20
2022-03-07,14867473.881088769,739467.8810887688,20
2022-03-08,14223973.881088769,739467.8810887688,20
2022-03-09,13945049.881088769,739467.8810887688,20
2022-03-10,14210073.881088769,739467.8810887688,20
2022-03-11,14198220.881088769,739467.8810887688,20
2022-03-14,13777916.881088769,739467.8810887688,20
2022-03-15,12986448.881088769,739467.8810887688,20
2022-03-16,13428150.881088769,739467.8810887688,20
2022-03-17,13709764.881088769,739467.8810887688,20
2022-03-18,13996173.881088769,739467.8810887688,20
2022-03-21,14101279.881088769,739467.8810887688,20
2022-03-22,14138187.881088769,739467.8810887688,20
2022-03-23,14102205.881088769,739467.8810887688,20
2022-03-24,13940556.881088769,739467.8810887688,20
2022-03-25,13835572.881088769,739467.8810887688,20
2022-03-28,13806220.881088769,739467.8810887688,20
2022-03-29,13573968.881088769,739467.8810887688,20
2022-03-30,13864054.881088769,739467.8810887688,20
2022-03-31,13772726.881088769,739467.8810887688,20
2022-04-01,13699216.96899657,645861.9689965686,20
2022-04-06,13681906.96899657,645861.9689965686,20
2022-04-07,13280322.96899657,645861.9689965686,20
2022-04-08,13057944.96899657,645861.9689965686,20
2022-04-11,12563462.96899657,645861.9689965686,20
2022-04-12,12762665.96899657,645861.9689965686,20
2022-04-13,12377612.96899657,645861.9689965686,20
2022-04-14,12483749.96899657,645861.9689965686,20
2022-04-15,12427879.96899657,645861.9689965686,20
2022-04-18,12685989.96899657,645861.9689965686,20
2022-04-19,12645294.96899657,645861.9689965686,20
2022-04-20,12465616.96899657,645861.9689965686,20
2022-04-21,11947327.96899657,645861.9689965686,20
2022-04-22,11841530.96899657,645861.9689965686,20
2022-04-25,10931616.96899657,645861.9689965686,20
2022-04-26,10399678.96899657,645861.9689965686,20
2022-04-27,10920749.96899657,645861.9689965686,20
2022-04-28,10902728.96899657,645861.9689965686,20
2022-04-29,11459815.96899657,645861.9689965686,20
2022-05-05,11812467.40338157,393344.4033815691,21
2022-05-06,11635503.40338157,393344.4033815691,21
2022-05-09,11744237.40338157,393344.4033815691,21
2022-05-10,12113805.40338157,393344.4033815691,21
2022-05-11,12466532.40338157,393344.4033815691,21
2022-05-12,12495149.40338157,393344.4033815691,21
2022-05-13,12646154.40338157,393344.4033815691,21
2022-05-16,12522110.40338157,393344.4033815691,21
2022-05-17,12705571.40338157,403844.403381569,21
2022-05-18,12847234.40338157,403844.403381569,21
2022-05-19,13070256.40338157,403844.403381569,21
2022-05-20,13367487.40338157,403844.403381569,21
2022-05-23,13695713.40338157,403844.403381569,21
2022-05-24,13085600.40338157,403844.403381569,21
2022-05-25,13461441.40338157,403844.403381569,21
2022-05-26,13372633.40338157,403844.403381569,21
2022-05-27,13181133.40338157,403844.403381569,21
2022-05-30,13357835.40338157,403844.403381569,21
2022-05-31,13582088.40338157,403844.403381569,21
2022-06-01,13577498.212645166,640565.2126451668,20
2022-06-02,13525691.212645166,640565.2126451668,20
2022-06-06,13873548.212645166,640565.2126451668,20
2022-06-07,14118557.212645166,640565.2126451668,20
2022-06-08,14083837.212645167,640565.2126451668,20
2022-06-09,13838004.212645167,640565.2126451668,20
2022-06-10,14032261.212645166,640565.2126451668,20
2022-06-13,14105548.212645166,640565.2126451668,20
2022-06-14,14217312.212645166,640565.2126451668,20
2022-06-15,14249159.212645167,640565.2126451668,20
2022-06-16,14285916.212645167,640565.2126451668,20
2022-06-17,14369101.212645166,670770.2126451668,20
2022-06-20,14629634.212645166,670770.2126451668,20
2022-06-21,14610974.212645166,670770.2126451668,20
2022-06-22,14411424.212645167,670770.2126451668,20
2022-06-23,14630709.212645166,670770.2126451668,20
2022-06-24,14684154.212645167,674973.8126451668,20
2022-06-27,14823297.612645168,694389.8126451668,20
2022-06-28,14859887.812645167,694389.8126451668,20
2022-06-29,14579339.212645167,694389.8126451668,20
2022-06-30,14650945.612645168,694389.8126451668,20
2022-07-01,14625640.788442247,663783.7884422474,20
2022-07-04,14702621.788442247,663783.7884422474,20
2022-07-05,14718997.788442247,663783.7884422474,20
2022-07-06,14534193.788442247,663783.7884422474,20
2022-07-07,14560845.788442247,663783.7884422474,20
2022-07-08,14568753.788442247,663783.7884422474,20
2022-07-11,14582481.888442248,663783.7884422474,20
2022-07-12,14581971.388442248,663783.7884422474,20
2022-07-13,14615620.888442248,663783.7884422474,20
2022-07-14,14560523.888442248,663783.7884422474,20
2022-07-15,14349483.088442247,663783.7884422474,20
2022-07-18,14720141.288442247,663783.7884422474,20
2022-07-19,14757594.888442248,679521.7884422474,20
2022-07-20,14786130.388442248,702801.7884422473,20
2022-07-21,14748638.288442247,702801.7884422473,20
2022-07-22,14818225.388442248,702801.7884422473,20
2022-07-25,14747086.188442247,702801.7884422473,20
2022-07-26,14859841.388442248,702801.7884422473,20
2022-07-27,14933337.388442248,702801.7884422473,20
2022-07-28,14918480.788442247,702801.7884422473,20
2022-07-29,14850699.088442247,702801.7884422473,20
2022-08-01,14910000.545255087,697475.5452550877,20
2022-08-02,14494404.545255087,697475.5452550877,20
2022-08-03,14389513.545255087,697475.5452550877,20
2022-08-04,14541377.545255087,697475.5452550877,20
2022-08-05,14683656.545255087,697475.5452550877,20
2022-08-08,15008779.545255087,697475.5452550877,20
2022-08-09,14936344.545255087,697475.5452550877,20
2022-08-10,15030916.545255087,697475.5452550877,20
2022-08-11,15166426.545255087,697475.5452550877,20
2022-08-12,15154031.545255087,697475.5452550877,20
2022-08-15,15237431.545255087,697475.5452550877,20
2022-08-16,15280222.545255087,697475.5452550877,20
2022-08-17,15382326.545255087,697475.5452550877,20
2022-08-18,15431088.545255087,697475.5452550877,20
2022-08-19,15357577.545255087,697475.5452550877,20
2022-08-22,15360772.545255087,697475.5452550877,20
2022-08-23,15549250.545255087,697475.5452550877,20
2022-08-24,15194670.545255087,697475.5452550877,20
2022-08-25,15285483.545255087,697475.5452550877,20
2022-08-26,15413476.545255087,697475.5452550877,20
2022-08-29,15654594.545255087,697475.5452550877,20
2022-08-30,15403446.545255087,697475.5452550877,20
2022-08-31,14963165.545255087,697475.5452550877,20
2022-09-01,14988777.943745287,696222.9437452869,20
2022-09-02,14962628.943745287,696222.9437452869,20
2022-09-05,15071319.943745287,696222.9437452869,20
2022-09-06,15222048.943745287,696222.9437452869,20
2022-09-07,15239174.943745287,696222.9437452869,20
2022-09-08,15168883.943745287,696222.9437452869,20
2022-09-09,15334817.943745287,696222.9437452869,20
2022-09-13,15347946.943745287,696222.9437452869,20
2022-09-14,15233500.943745287,696222.9437452869,20
2022-09-15,15148252.943745287,696222.9437452869,20
2022-09-16,14740045.943745287,696222.9437452869,20
2022-09-19,14431981.943745287,696222.9437452869,20
2022-09-20,14542990.943745287,696222.9437452869,20
2022-09-21,14614126.943745287,696222.9437452869,20
2022-09-22,14407462.943745287,696222.9437452869,20
2022-09-23,14163855.943745287,696222.9437452869,20
2022-09-26,13729154.943745287,696222.9437452869,20
2022-09-27,14134960.943745287,696222.9437452869,20
2022-09-28,13865249.943745287,696222.9437452869,20
2022-09-29,13660132.943745287,696222.9437452869,20
2022-09-30,13711903.943745287,696222.9437452869,20
2022-10-10,13568814.544639686,900819.5446396861,20
2022-10-11,13735034.544639686,900819.5446396861,20
2022-10-12,14211952.544639686,900819.5446396861,20
2022-10-13,14197933.544639686,900819.5446396861,20
2022-10-14,14548053.544639686,900819.5446396861,20
2022-10-17,14670954.544639686,900819.5446396861,20
2022-10-18,14765324.544639686,900819.5446396861,20
2022-10-19,14698762.544639686,900819.5446396861,20
2022-10-20,14642017.544639686,900819.5446396861,20
2022-10-21,14757123.544639686,900819.5446396861,20
2022-10-24,14514052.544639686,900819.5446396861,20
2022-10-25,14599743.544639686,900819.5446396861,20
2022-10-26,14856578.544639686,900819.5446396861,20
2022-10-27,14779435.544639686,900819.5446396861,20
2022-10-28,14022603.544639686,900819.5446396861,20
2022-10-31,14118415.544639686,900819.5446396861,20
2022-11-01,14429897.811194684,661306.8111946855,20
2022-11-02,14636181.811194684,661306.8111946855,20
2022-11-03,14701732.811194684,661306.8111946855,20
2022-11-04,15256188.811194684,661306.8111946855,20
2022-11-07,15468751.811194684,661306.8111946855,20
2022-11-08,15411767.811194684,661306.8111946855,20
2022-11-09,15445809.811194684,661306.8111946855,20
2022-11-10,15235224.811194684,661306.8111946855,20
2022-11-11,15711972.811194684,661306.8111946855,20
2022-11-14,15745252.811194684,661306.8111946855,20
2022-11-15,16126626.811194684,661306.8111946855,20
2022-11-16,15909838.811194684,661306.8111946855,20
2022-11-17,15771040.811194684,661306.8111946855,20
2022-11-18,15610331.811194684,661306.8111946855,20
2022-11-21,15670908.811194684,661306.8111946855,20
2022-11-22,15643866.811194684,661306.8111946855,20
2022-11-23,15795976.811194684,661306.8111946855,20
2022-11-24,15904264.811194684,661306.8111946855,20
2022-11-25,15975410.811194684,661306.8111946855,20
2022-11-28,15835352.811194684,661306.8111946855,20
2022-11-29,16459342.811194684,661306.8111946855,20
2022-11-30,16386220.811194684,661306.8111946855,20
2022-12-01,16701140.024904486,793370.0249044846,20
2022-12-02,16721006.024904486,793370.0249044846,20
2022-12-05,16880701.024904486,793370.0249044846,20
2022-12-06,17023216.024904486,793370.0249044846,20
2022-12-07,16947545.024904486,793370.0249044846,20
2022-12-08,16846391.024904486,793370.0249044846,20
2022-12-09,16881286.024904486,793370.0249044846,20
2022-12-12,16555505.024904486,793370.0249044846,20
2022-12-13,16460883.024904486,793370.0249044846,20
2022-12-14,16395658.024904486,793370.0249044846,20
2022-12-15,16480476.024904486,793370.0249044846,20
2022-12-16,16183607.024904486,793370.0249044846,20
2022-12-19,15823387.024904486,793370.0249044846,20
2022-12-20,15877779.024904486,793370.0249044846,20
2022-12-21,15771040.024904486,793370.0249044846,20
2022-12-22,15359997.024904486,793370.0249044846,20
2022-12-23,15177346.024904486,793370.0249044846,20
2022-12-26,15544738.024904486,793370.0249044846,20
2022-12-27,15812834.024904486,793370.0249044846,20
2022-12-28,15627061.024904486,793370.0249044846,20
2022-12-29,15489258.024904486,793370.0249044846,20
2022-12-30,15467002.024904486,793370.0249044846,20
2023-01-03,15738905.348293284,754485.3482932843,20
2023-01-04,15608715.348293284,754485.3482932843,20
2023-01-05,15806704.348293284,754485.3482932843,20
2023-01-06,16067428.348293284,754485.3482932843,20
2023-01-09,16164956.348293284,754485.3482932843,20
2023-01-10,16090034.348293284,754485.3482932843,20
2023-01-11,16124437.348293284,754485.3482932843,20
2023-01-12,16121641.348293284,754485.3482932843,20
2023-01-13,16124822.348293284,754485.3482932843,20
2023-01-16,16310592.348293284,754485.3482932843,20
2023-01-17,16353841.348293284,754485.3482932843,20
2023-01-18,16465843.348293284,754485.3482932843,20
2023-01-19,16443405.348293284,754485.3482932843,20
2023-01-20,16661483.348293284,754485.3482932843,20
2023-01-30,16776312.348293284,754485.3482932843,20
2023-01-31,17032150.348293282,754485.3482932843,20
2023-02-01,17057989.439536683,769147.4395366836,20
2023-02-02,17098208.439536683,769147.4395366836,20
2023-02-03,17006523.439536683,769147.4395366836,20
2023-02-06,16930426.439536683,769147.4395366836,20
2023-02-07,17058889.439536683,769147.4395366836,20
2023-02-08,16936239.439536683,769147.4395366836,20
2023-02-09,17027965.439536683,769147.4395366836,20
2023-02-10,17096895.439536683,769147.4395366836,20
2023-02-13,17272882.439536683,769147.4395366836,20
2023-02-14,17457992.439536683,769147.4395366836,20
2023-02-15,17455475.439536683,769147.4395366836,20
2023-02-16,17392055.439536683,769147.4395366836,20
2023-02-17,17373822.439536683,769147.4395366836,20
2023-02-20,17726744.439536683,769147.4395366836,20
2023-02-21,18052982.439536683,769147.4395366836,20
2023-02-22,18201915.439536683,769147.4395366836,20
2023-02-23,18359587.439536683,769147.4395366836,20
2023-02-24,18321889.439536683,769147.4395366836,20
2023-02-27,18230287.439536683,769147.4395366836,20
2023-02-28,18245727.439536683,769147.4395366836,20
2023-03-01,18249535.311015684,879792.3110156842,20
2023-03-02,18403931.311015684,879792.3110156842,20
2023-03-03,18473462.311015684,879792.3110156842,20
2023-03-06,18542719.311015684,879792.3110156842,20
2023-03-07,18385476.311015684,879792.3110156842,20
2023-03-08,18416934.311015684,879792.3110156842,20
2023-03-09,18334196.311015684,879792.3110156842,20
2023-03-10,18089522.311015684,879792.3110156842,20
2023-03-13,18224384.311015684,879792.3110156842,20
2023-03-14,18029372.311015684,879792.3110156842,20
2023-03-15,18252574.311015684,879792.3110156842,20
2023-03-16,18153433.311015684,879792.3110156842,20
2023-03-17,18260034.311015684,879792.3110156842,20
2023-03-20,18186228.311015684,879792.3110156842,20
2023-03-21,18256514.311015684,879792.3110156842,20
2023-03-22,18394437.311015684,879792.3110156842,20
2023-03-23,18430894.311015684,879792.3110156842,20
2023-03-24,18375560.311015684,879792.3110156842,20
2023-03-27,18403217.311015684,879792.3110156842,20
2023-03-28,18439373.311015684,879792.3110156842,20
2023-03-29,18387528.311015684,879792.3110156842,20
2023-03-30,18274968.311015684,879792.3110156842,20
2023-03-31,18338977.311015684,879792.3110156842,20
2023-04-03,18370777.19359508,871026.1935950828,20
2023-04-04,18468059.19359508,871026.1935950828,20
2023-04-06,18292931.19359508,871026.1935950828,20
2023-04-07,18381908.19359508,871026.1935950828,20
2023-04-10,18289430.19359508,871026.1935950828,20
2023-04-11,18486463.19359508,871026.1935950828,20
2023-04-12,18694933.19359508,871026.1935950828,20
2023-04-13,18879000.19359508,871026.1935950828,20
2023-04-14,18787446.19359508,871026.1935950828,20
2023-04-17,18905410.19359508,871026.1935950828,20
2023-04-18,19081813.19359508,871026.1935950828,20
2023-04-19,19335385.19359508,871026.1935950828,20
2023-04-20,19563887.19359508,871026.1935950828,20
2023-04-21,19388605.19359508,871026.1935950828,20
2023-04-24,19621355.19359508,871026.1935950828,20
2023-04-25,19835993.19359508,871026.1935950828,20
2023-04-26,20138739.19359508,871026.1935950828,20
2023-04-27,20233539.19359508,871026.1935950828,20
2023-04-28,21122966.19359508,871026.1935950828,20
2023-05-04,22161337.514951885,1007918.5149518827,20
2023-05-05,22243350.514951885,1024598.5149518827,20
2023-05-08,22955839.51495188,1024598.5149518827,20
2023-05-09,22612493.514951885,1024598.5149518827,20
2023-05-10,22411275.514951885,1024598.5149518827,20
2023-05-11,22238402.514951885,1042023.5149518827,20
2023-05-12,22304002.31495188,1042023.5149518827,20
2023-05-15,22248277.914951883,1042023.5149518827,20
2023-05-16,21991386.914951883,1042023.5149518827,20
2023-05-17,21943742.71495188,1042023.5149518827,20
2023-05-18,21993276.514951885,1066703.5149518827,20
2023-05-19,21718582.714951884,1066703.5149518827,20
2023-05-22,21625311.714951884,1066703.5149518827,20
2023-05-23,21374057.714951884,1066703.5149518827,20
2023-05-24,21075342.914951883,1066703.5149518827,20
2023-05-25,21108518.51495188,1066703.5149518827,20
2023-05-26,21265158.914951883,1066703.5149518827,20
2023-05-29,21479953.114951883,1066703.5149518827,20
2023-05-30,21525963.31495188,1066703.5149518827,20
2023-05-31,21461736.114951883,1088003.5149518827,20
2023-06-01,21457274.494266886,786853.8942668871,21
2023-06-02,22304528.89426689,786853.8942668871,21
2023-06-05,22160832.494266886,786853.8942668871,21
2023-06-06,21980680.894266885,786853.8942668871,21
2023-06-07,21818317.494266886,835903.8942668871,21
2023-06-08,22065077.89426689,835903.8942668871,21
2023-06-09,21967156.89426689,835903.8942668871,21
2023-06-12,22168649.494266886,835903.8942668871,21
2023-06-13,22020883.194266886,835903.8942668871,21
2023-06-14,21934500.094266888,835903.8942668871,21
2023-06-15,22293519.594266888,864316.8942668871,21
2023-06-16,22369796.994266886,916886.8942668871,21
2023-06-19,22048375.594266888,916886.8942668871,21
2023-06-20,21880994.194266886,1013753.894266887,21
2023-06-21,21561839.194266886,1013753.894266887,21
2023-06-26,21395703.994266886,1013753.894266887,21
2023-06-27,22053040.094266888,1013753.894266887,21
2023-06-28,22038700.094266888,1013753.894266887,21
2023-06-29,21780631.594266888,1013753.894266887,21
2023-06-30,22048992.994266886,1013753.894266887,21
2023-07-03,22457346.983880248,1065410.9838802472,20
2023-07-04,22344840.983880248,1065410.9838802472,20
2023-07-05,22220053.983880248,1065410.9838802472,20
2023-07-06,22116180.983880248,1065410.9838802472,20
2023-07-07,22123762.983880248,1065410.9838802472,20
2023-07-10,22481483.983880248,1065410.9838802472,20
2023-07-11,22342485.983880248,1065410.9838802472,20
2023-07-12,22281161.983880248,1065410.9838802472,20
2023-07-13,22585806.983880248,1065410.9838802472,20
2023-07-14,22473319.983880248,1065410.9838802472,20
2023-07-17,22387171.983880248,1065410.9838802472,20
2023-07-18,22587734.983880248,1065410.9838802472,20
2023-07-19,22728118.983880248,1065410.9838802472,20
2023-07-20,22837404.983880248,1065410.9838802472,20
2023-07-21,22872307.983880248,1065410.9838802472,20
2023-07-24,22584839.983880248,1065410.9838802472,20
2023-07-25,23270735.983880248,1065410.9838802472,20
2023-07-26,23513632.983880248,1065410.9838802472,20
2023-07-27,23432415.983880248,1065410.9838802472,20
2023-07-28,23907951.983880248,1065410.9838802472,20
2023-07-31,24276357.983880248,1086410.9838802472,20
2023-08-01,23989060.04006924,1119454.0400692427,20
2023-08-02,23712340.040069245,1119454.0400692427,20
2023-08-03,23726147.040069245,1119454.0400692427,20
2023-08-04,24148655.04006924,1119454.0400692427,20
2023-08-07,24453896.040069245,1119454.0400692427,20
2023-08-08,24790986.040069245,1119454.0400692427,20
2023-08-09,24071529.040069245,1119454.0400692427,20
2023-08-10,24132176.040069245,1119454.0400692427,20
2023-08-11,23884297.040069245,1119454.0400692427,20
2023-08-14,24299365.040069245,1119454.0400692427,20
2023-08-15,23891829.040069245,1119454.0400692427,20
2023-08-16,23567939.040069245,1119454.0400692427,20
2023-08-17,23586164.040069245,1119454.0400692427,20
2023-08-18,23015017.040069245,1119454.0400692427,20
2023-08-21,22925044.040069245,1119454.0400692427,20
2023-08-22,23524606.040069245,1119454.0400692427,20
2023-08-23,23435731.04006924,1119454.0400692427,20
2023-08-24,23824562.040069245,1119454.0400692427,20
2023-08-25,23218875.04006924,1119454.0400692427,20
2023-08-28,23411401.040069245,1119454.0400692427,20
2023-08-29,24154553.040069245,1119454.0400692427,20
2023-08-30,24568150.040069245,1119454.0400692427,20
2023-08-31,24247490.040069245,1119454.0400692427,20
2023-09-01,24147762.250363246,1155625.250363246,20
2023-09-04,24411206.250363246,1155625.250363246,20
2023-09-05,24336065.250363246,1155625.250363246,20
2023-09-06,24190936.250363246,1155625.250363246,20
2023-09-07,23854318.250363246,1155625.250363246,20
2023-09-08,23513163.250363246,1155625.250363246,20
2023-09-11,23903715.250363246,1155625.250363246,20
2023-09-12,23803552.250363246,1155625.250363246,20
2023-09-13,23514700.250363246,1155625.250363246,20
2023-09-14,23259892.250363246,1155625.250363246,20
2023-09-15,23311409.250363246,1155625.250363246,20
2023-09-18,23497210.250363246,1155625.250363246,20
2023-09-19,23309621.250363246,1155625.250363246,20
2023-09-20,23175978.250363246,1155625.250363246,20
2023-09-21,23018460.250363246,1155625.250363246,20
2023-09-22,23576009.250363246,1155625.250363246,20
2023-09-25,23486956.250363246,1155625.250363246,20
2023-09-26,23516346.250363246,1155625.250363246,20
2023-09-27,23929734.250363246,1155625.250363246,20
2023-09-28,24012677.250363246,1171465.250363246,20
2023-10-09,23797070.937413447,1171317.9374134452,20
2023-10-10,23542674.937413447,1171317.9374134452,20
2023-10-11,23674585.937413447,1171317.9374134452,20
2023-10-12,23946477.937413447,1171317.9374134452,20
2023-10-13,23600898.937413447,1171317.9374134452,20
2023-10-16,23319687.937413447,1171317.9374134452,20
2023-10-17,23319339.937413447,1171317.9374134452,20
2023-10-18,22805426.937413447,1171317.9374134452,20
2023-10-19,22471537.937413447,1171317.9374134452,20
2023-10-20,22474268.937413447,1171317.9374134452,20
2023-10-23,21900099.937413447,1171317.9374134452,20
2023-10-24,22370102.937413447,1171317.9374134452,20
2023-10-25,22238031.937413447,1171317.9374134452,20
2023-10-26,21902256.937413447,1171317.9374134452,20
2023-10-27,22617614.937413447,1171317.9374134452,20
2023-10-30,22872614.937413447,1171317.9374134452,20
2023-10-31,22829548.937413447,1171317.9374134452,20
2023-11-01,22868370.123936646,1816770.1239366457,20
2023-11-02,22883098.123936646,1816770.1239366457,20
2023-11-03,23137286.123936646,1816770.1239366457,20
2023-11-06,23949418.123936646,1816770.1239366457,20
2023-11-07,24034954.123936646,1816770.1239366457,20
2023-11-08,24289693.123936646,1816770.1239366457,20
2023-11-09,24254481.123936646,1816770.1239366457,20
2023-11-10,23953021.123936646,1816770.1239366457,20
2023-11-13,24156309.123936646,1816770.1239366457,20
2023-11-14,24214391.123936646,1816770.1239366457,20
2023-11-15,24145312.123936646,1816770.1239366457,20
2023-11-16,23975416.123936646,1816770.1239366457,20
2023-11-17,24119527.123936646,1816770.1239366457,20
2023-11-20,24373180.123936646,1816770.1239366457,20
2023-11-21,24362916.123936646,1816770.1239366457,20
2023-11-22,24216782.123936646,1816770.1239366457,20
2023-11-23,24406658.123936646,1816770.1239366457,20
2023-11-24,23999113.123936646,1816770.1239366457,20
2023-11-27,23649182.123936646,1816770.1239366457,20
2023-11-28,23709141.123936646,1816770.1239366457,20
2023-11-29,23452752.123936646,1816770.1239366457,20
2023-11-30,23368717.123936646,1816770.1239366457,20
2023-12-01,23722254.783536848,1141971.7835368481,20
2023-12-04,23530472.783536848,1141971.7835368481,20
2023-12-05,22956073.783536848,1141971.7835368481,20
2023-12-06,23252868.783536848,1141971.7835368481,20
2023-12-07,23282012.783536848,1141971.7835368481,20
2023-12-08,23243846.783536848,1141971.7835368481,20
2023-12-11,23500487.783536848,1141971.7835368481,20
2023-12-12,23738084.783536848,1141971.7835368481,20
2023-12-13,23280466.783536848,1141971.7835368481,20
2023-12-14,23301884.783536848,1141971.7835368481,20
2023-12-15,23314530.783536848,1141971.7835368481,20
2023-12-18,22957853.783536848,1141971.7835368481,20
2023-12-19,22956991.783536848,1141971.7835368481,20
2023-12-20,22494815.783536848,1141971.7835368481,20
2023-12-21,22714805.783536848,1141971.7835368481,20
2023-12-22,22222684.783536848,1141971.7835368481,20
2023-12-25,22002860.783536848,1141971.7835368481,20
2023-12-26,21847658.783536848,1141971.7835368481,20
2023-12-27,21886670.783536848,1141971.7835368481,20
2023-12-28,22651930.783536848,1141971.7835368481,20
2023-12-29,22772203.783536848,1141971.7835368481,20
2024-01-02,22249092.22786065,1104684.227860649,20
2024-01-03,22337112.22786065,1104684.227860649,20
2024-01-04,21972862.22786065,1104684.227860649,20
2024-01-05,21920219.22786065,1104684.227860649,20
2024-01-08,21524984.22786065,1104684.227860649,20
2024-01-09,21679006.22786065,1104684.227860649,20
2024-01-10,21586930.22786065,1104684.227860649,20
2024-01-11,21773528.22786065,1104684.227860649,20
2024-01-12,21795060.22786065,1104684.227860649,20
2024-01-15,21804342.22786065,1104684.227860649,20
2024-01-16,21685650.22786065,1104684.227860649,20
2024-01-17,21127175.22786065,1104684.227860649,20
2024-01-18,21185439.22786065,1104684.227860649,20
2024-01-19,21173984.22786065,1104684.227860649,20
2024-01-22,20203267.22786065,1104684.227860649,20
2024-01-23,20621470.22786065,1104684.227860649,20
2024-01-24,21022046.22786065,1104684.227860649,20
2024-01-25,21993277.22786065,1104684.227860649,20
2024-01-26,22413818.22786065,1104684.227860649,20
2024-01-29,22194346.22786065,1104684.227860649,20
2024-01-30,21469650.22786065,1104684.227860649,20
2024-01-31,21042439.22786065,1104684.227860649,20
2024-02-01,20866240.08460285,1641141.0846028514,19
2024-02-02,20111450.08460285,1641141.0846028514,19
2024-02-05,18588653.08460285,1641141.0846028514,19
2024-02-06,19164153.08460285,1641141.0846028514,19
2024-02-07,19282699.08460285,1641141.0846028514,19
2024-02-08,20421451.08460285,1641141.0846028514,19
2024-02-19,21272584.08460285,1641141.0846028514,19
2024-02-20,21639270.08460285,1641141.0846028514,19
2024-02-21,21914059.08460285,1641141.0846028514,19
2024-02-22,22526626.08460285,1641141.0846028514,19
2024-02-23,23168458.08460285,1641141.0846028514,19
2024-02-26,23300399.08460285,1641141.0846028514,19
2024-02-27,24267122.08460285,1641141.0846028514,19
2024-02-28,22862351.08460285,1641141.0846028514,19
2024-02-29,23856706.08460285,1641141.0846028514,19
2024-03-01,24087983.25032065,1108549.2503206509,20
2024-03-04,24479380.25032065,1108549.2503206509,20
2024-03-05,24226256.25032065,1108549.2503206509,20
2024-03-06,24531639.25032065,1108549.2503206509,20
2024-03-07,24211337.25032065,1108549.2503206509,20
2024-03-08,24412075.25032065,1108549.2503206509,20
2024-03-11,25100453.25032065,1108549.2503206509,20
2024-03-12,25650279.25032065,1108549.2503206509,20
2024-03-13,25824912.25032065,1108549.2503206509,20
2024-03-14,25653583.25032065,1108549.2503206509,20
2024-03-15,25985776.25032065,1108549.2503206509,20
2024-03-18,26629675.25032065,1108549.2503206509,20
2024-03-19,26424102.25032065,1108549.2503206509,20
2024-03-20,26821487.25032065,1108549.2503206509,20
2024-03-21,27031495.25032065,1108549.2503206509,20
2024-03-22,26753689.25032065,1108549.2503206509,20
2024-03-25,25912436.25032065,1108549.2503206509,20
2024-03-26,26142245.25032065,1108549.2503206509,20
2024-03-27,25161252.25032065,1108549.2503206509,20
2024-03-28,25879458.25032065,1108549.2503206509,20
2024-03-29,26211940.25032065,1108549.2503206509,20
2024-04-01,26883117.725293253,1175446.7252932526,21
2024-04-02,26705201.725293253,1175446.7252932526,21
2024-04-03,26524174.725293253,1175446.7252932526,21
2024-04-08,25782708.725293253,1175446.7252932526,21
2024-04-09,26209445.725293253,1175446.7252932526,21
2024-04-10,26009127.725293253,1175446.7252932526,21
2024-04-11,25939782.725293253,1175446.7252932526,21
2024-04-12,25319639.725293253,1175446.7252932526,21
2024-04-15,24697974.725293253,1175446.7252932526,21
2024-04-16,23502439.725293253,1175446.7252932526,21
2024-04-17,24423715.725293253,1175446.7252932526,21
2024-04-18,24368856.725293253,1175446.7252932526,21
2024-04-19,24044620.725293253,1175446.7252932526,21
2024-04-22,24020072.725293253,1175446.7252932526,21
2024-04-23,24063388.725293253,1175446.7252932526,21
2024-04-24,24156053.725293253,1175446.7252932526,21
2024-04-25,24326856.725293253,1175446.7252932526,21
2024-04-26,24959119.725293253,1175446.7252932526,21
2024-04-29,26141470.725293253,1175446.7252932526,21
2024-04-30,26105965.725293253,1175446.7252932526,21
2024-05-06,26858366.283822853,1014772.283822852,21
2024-05-07,26780866.28382285,1014772.283822852,21
2024-05-08,26637177.283822853,1014772.283822852,21
2024-05-09,26953123.283822853,1014772.283822852,21
2024-05-10,27126564.283822853,1014772.283822852,21
2024-05-13,27245852.28382285,1014772.283822852,21
2024-05-14,27375327.283822853,1078828.283822852,21
2024-05-15,27328678.283822853,1078828.283822852,21
2024-05-16,27179187.283822853,1078828.283822852,21
2024-05-17,27325509.28382285,1103644.2838228517,21
2024-05-20,27501646.28382285,1103644.2838228517,21
2024-05-21,27503562.28382285,1103644.2838228517,21
2024-05-22,27414596.28382285,1103644.2838228517,21
2024-05-23,27101384.28382285,1103644.2838228517,21
2024-05-24,27230155.28382285,1103644.2838228517,21
2024-05-27,27541867.28382285,1103644.2838228517,21
2024-05-28,27362035.28382285,1103644.2838228517,21
2024-05-29,27415355.28382285,1158349.2838228517,21
2024-05-30,27296175.28382285,1158349.2838228517,21
2024-05-31,27322038.28382285,1158349.2838228517,21
2024-06-03,26980740.57868665,1309477.5786866504,20
2024-06-04,27334700.57868665,1309477.5786866504,20
2024-06-05,26793451.37868665,1309477.5786866504,20
2024-06-06,26368941.57868665,1329717.5786866504,20
2024-06-07,26867176.178686652,1329717.5786866504,20
2024-06-11,26513186.57868665,1329717.5786866504,20
2024-06-12,26627459.17868665,1329717.5786866504,20
2024-06-13,26304157.37868665,1329717.5786866504,20
2024-06-14,26343641.878686648,1329717.5786866504,20
2024-06-17,26157405.77868665,1329717.5786866504,20
2024-06-18,26296804.378686648,1329717.5786866504,20
2024-06-19,26189379.078686655,1329717.5786866504,20
2024-06-20,25905518.77868665,1355341.2786866506,20
2024-06-21,26026167.27868665,1355341.2786866506,20
2024-06-24,25513515.57868665,1355341.2786866506,20
2024-06-25,25714761.178686652,1355341.2786866506,20
2024-06-26,25862170.27868665,1355341.2786866506,20
2024-06-27,25657494.178686652,1424137.2786866506,20
2024-06-28,25952820.878686648,1424137.2786866506,20
2024-07-01,26107963.708356634,1092458.708356635,21
2024-07-02,25903294.708356634,1092458.708356635,21
2024-07-03,25801635.708356634,1092458.708356635,21
2024-07-04,25162852.708356634,1092458.708356635,21
2024-07-05,25311381.708356634,1092458.708356635,21
2024-07-08,24397811.708356634,1092458.708356635,21
2024-07-09,24579835.708356634,1092458.708356635,21
2024-07-10,24555693.708356634,1092458.708356635,21
2024-07-11,25515108.708356634,1092458.708356635,21
2024-07-12,25474211.708356634,1092458.708356635,21
2024-07-15,24985340.708356634,1092458.708356635,21
2024-07-16,25129636.708356634,1092458.708356635,21
2024-07-17,25101923.708356634,1092458.708356635,21
2024-07-18,25114267.708356634,1092458.708356635,21
2024-07-19,25117017.708356634,1092458.708356635,21
2024-07-22,25133386.708356634,1092458.708356635,21
2024-07-23,24398790.708356634,1092458.708356635,21
2024-07-24,23760606.708356634,1092458.708356635,21
2024-07-25,24146866.708356634,1092458.708356635,21
2024-07-26,24731380.708356634,1092458.708356635,21
2024-07-29,24561188.708356634,1092458.708356635,21
2024-07-30,24635991.708356634,1092458.708356635,21
2024-07-31,25977618.708356634,1092458.708356635,21
2024-08-01,25492771.933613032,1221070.933613034,20
2024-08-02,25288773.933613032,1221070.933613034,20
2024-08-05,25254186.933613032,1221070.933613034,20
2024-08-06,25814200.933613032,1221070.933613034,20
2024-08-07,25628163.933613032,1221070.933613034,20
2024-08-08,25716587.933613032,1221070.933613034,20
2024-08-09,25477445.933613032,1221070.933613034,20
2024-08-12,25357192.933613032,1221070.933613034,20
2024-08-13,25266819.933613032,1221070.933613034,20
2024-08-14,24812835.933613032,1221070.933613034,20
2024-08-15,24982525.933613032,1221070.933613034,20
2024-08-16,24648333.933613032,1221070.933613034,20
2024-08-19,24575115.933613032,1221070.933613034,20
2024-08-20,23937188.933613032,1221070.933613034,20
2024-08-21,23856439.933613032,1221070.933613034,20
2024-08-22,23381334.933613032,1264670.933613034,20
2024-08-23,23250585.933613032,1264670.933613034,20
2024-08-26,23277709.933613032,1264670.933613034,20
2024-08-27,23061760.933613032,1264670.933613034,20
2024-08-28,23089314.933613032,1264670.933613034,20
2024-08-29,23603436.933613036,1264670.933613034,20
2024-08-30,24174505.933613032,1264670.933613034,20
2024-09-02,23528777.85016883,1168833.8501688323,20
2024-09-03,23907804.85016883,1168833.8501688323,20
2024-09-04,23933630.85016883,1168833.8501688323,20
2024-09-05,23974529.85016883,1205403.8501688323,20
2024-09-06,23438543.85016883,1205403.8501688323,20
2024-09-09,23148200.85016883,1205403.8501688323,20
2024-09-10,23198064.85016883,1205403.8501688323,20
2024-09-11,23322748.85016883,1205403.8501688323,20
2024-09-12,23182785.85016883,1225486.8501688323,20
2024-09-13,22683980.85016883,1225486.8501688323,20
2024-09-18,22948691.85016883,1225486.8501688323,20
2024-09-19,23688752.85016883,1225486.8501688323,20
2024-09-20,23456901.85016883,1225486.8501688323,20
2024-09-23,23515771.85016883,1225486.8501688323,20
2024-09-24,24752958.85016883,1225486.8501688323,20
2024-09-25,24923169.85016883,1225486.8501688323,20
2024-09-26,26663151.85016883,1225486.8501688323,20
2024-09-27,28530327.85016883,1225486.8501688323,20
2024-09-30,30975175.85016883,1225486.8501688323,20
2024-10-08,32105122.859579235,10816699.859579233,14
2024-10-09,30346392.859579235,10816699.859579233,14
2024-10-10,30476554.859579235,10816699.859579233,14
2024-10-11,30128796.859579235,10816699.859579233,14
2024-10-14,30609795.859579235,10816699.859579233,14
2024-10-15,30151268.859579235,10816699.859579233,14
2024-10-16,30544519.859579235,10816699.859579233,14
2024-10-17,30081901.859579235,10816699.859579233,14
2024-10-18,30366801.859579235,10816699.859579233,14
2024-10-21,30277568.859579235,10816699.859579233,14
2024-10-22,30456334.859579235,10816699.859579233,14
2024-10-23,30657121.859579235,10816699.859579233,14
2024-10-24,30569117.859579235,10816699.859579233,14
2024-10-25,30765027.859579235,10816699.859579233,14
2024-10-28,31268213.859579235,10816699.859579233,14
2024-10-29,30847396.859579235,10816699.859579233,14
2024-10-30,30792399.859579235,10816699.859579233,14
2024-10-31,30752585.859579235,10816699.859579233,14
2024-11-01,29852697.390182633,2915039.390182632,19
2024-11-04,30070085.390182633,2915039.390182632,19
2024-11-05,30376753.390182633,2915039.390182632,19
2024-11-06,30354428.390182633,2915039.390182632,19
2024-11-07,31036367.390182633,2915039.390182632,19
2024-11-08,30514186.390182633,2915039.390182632,19
2024-11-11,30325566.390182633,2915039.390182632,19
2024-11-12,30089289.390182633,2915039.390182632,19
2024-11-13,30312695.390182633,2915039.390182632,19
2024-11-14,29640205.390182633,2915039.390182632,19
2024-11-15,29257481.390182633,2915039.390182632,19
2024-11-18,29310409.390182633,2915039.390182632,19
2024-11-19,29647793.390182633,2915039.390182632,19
2024-11-20,29934047.390182633,2915039.390182632,19
2024-11-21,30376632.390182633,2915039.390182632,19
2024-11-22,29777602.390182633,2915039.390182632,19
2024-11-25,30149492.390182633,2915039.390182632,19
2024-11-26,30297116.390182633,2915039.390182632,19
2024-11-27,30378137.390182633,2915039.390182632,19
2024-11-28,30370740.390182633,2915039.390182632,19
2024-11-29,30573515.390182633,2915039.390182632,19
2024-12-02,30924441.885781042,2608248.885781044,19
2024-12-03,31190796.885781042,2608248.885781044,19
2024-12-04,30618905.885781042,2608248.885781044,19
2024-12-05,31024118.885781042,2608248.885781044,19
2024-12-06,31345941.885781042,2608248.885781044,19
2024-12-09,31518775.885781042,2608248.885781044,19
2024-12-10,31499347.885781042,2608248.885781044,19
2024-12-11,32179971.885781042,2608248.885781044,19
2024-12-12,32745455.885781042,2608248.885781044,19
2024-12-13,32451334.885781042,2608248.885781044,19
2024-12-16,32316540.885781042,2608248.885781044,19
2024-12-17,30991189.885781042,2608248.885781044,19
2024-12-18,30924380.885781042,2608248.885781044,19
2024-12-19,30875299.885781042,2608248.885781044,19
2024-12-20,31288397.885781042,2608248.885781044,19
2024-12-23,30275310.885781042,2608248.885781044,19
2024-12-24,30706350.885781042,2608248.885781044,19
2024-12-25,30316847.885781042,2608248.885781044,19
2024-12-26,30463326.885781042,2608248.885781044,19
2024-12-27,30698512.885781042,2608248.885781044,19
2024-12-30,30362257.885781042,2608248.885781044,19
2024-12-31,29870851.885781042,2608248.885781044,19
2025-01-02,29563108.510402445,1393062.5104024452,20
2025-01-03,29021696.510402445,1393062.5104024452,20
2025-01-06,29040706.510402445,1393062.5104024452,20
2025-01-07,28982654.510402445,1393062.5104024452,20
2025-01-08,29003971.510402445,1393062.5104024452,20
2025-01-09,28510768.510402445,1393062.5104024452,20
2025-01-10,28036949.510402445,1393062.5104024452,20
2025-01-13,27834663.510402445,1393062.5104024452,20
2025-01-14,28546816.510402445,1393062.5104024452,20
2025-01-15,28462620.510402445,1393062.5104024452,20
2025-01-16,28610727.510402445,1393062.5104024452,20
2025-01-17,28846319.510402445,1393062.5104024452,20
2025-01-20,29040504.510402445,1393062.5104024452,20
2025-01-21,28723102.510402445,1428328.5104024452,20
2025-01-22,28425956.510402445,1428328.5104024452,20
2025-01-23,28411206.510402445,1428328.5104024452,20
2025-01-24,28745423.510402445,1428328.5104024452,20
2025-01-27,28914072.510402445,1428328.5104024452,20
2025-02-05,28174523.662573043,1388895.6625730435,20
2025-02-06,28314479.662573043,1388895.6625730435,20
2025-02-07,28403462.662573043,1388895.6625730435,20
2025-02-10,28381678.662573043,1388895.6625730435,20
2025-02-11,28601135.662573043,1388895.6625730435,20
2025-02-12,28586173.662573043,1388895.6625730435,20
2025-02-13,28406740.662573043,1388895.6625730435,20
2025-02-14,28320384.662573043,1388895.6625730435,20
2025-02-17,28361745.662573043,1388895.6625730435,20
2025-02-18,28142050.662573043,1388895.6625730435,20
2025-02-19,28341804.662573043,1388895.6625730435,20
2025-02-20,28444096.662573043,1388895.6625730435,20
2025-02-21,28506262.662573043,1388895.6625730435,20
2025-02-24,28415492.662573043,1388895.6625730435,20
2025-02-25,28169368.662573043,1388895.6625730435,20
2025-02-26,28541748.662573043,1388895.6625730435,20
2025-02-27,28711195.662573043,1388895.6625730435,20
2025-02-28,28317593.662573043,1388895.6625730435,20
2025-03-03,28125630.16438085,1292933.1643808472,21
2025-03-04,28408125.16438085,1292933.1643808472,21
2025-03-05,28512688.16438085,1292933.1643808472,21
2025-03-06,28520336.16438085,1292933.1643808472,21
2025-03-07,28534199.16438085,1292933.1643808472,21
2025-03-10,28597903.16438085,1292933.1643808472,21
2025-03-11,28747261.16438085,1292933.1643808472,21
2025-03-12,28924887.16438085,1292933.1643808472,21
2025-03-13,28835181.16438085,1292933.1643808472,21
2025-03-14,29217367.16438085,1292933.1643808472,21
2025-03-17,29493322.16438085,1292933.1643808472,21
2025-03-18,29617014.16438085,1292933.1643808472,21
2025-03-19,29988122.16438085,1292933.1643808472,21
2025-03-20,30117358.16438085,1292933.1643808472,21
2025-03-21,29729229.16438085,1292933.1643808472,21
2025-03-24,29779178.16438085,1292933.1643808472,21
2025-03-25,29788675.16438085,1292933.1643808472,21
2025-03-26,29836804.16438085,1292933.1643808472,21
2025-03-27,29524819.16438085,1292933.1643808472,21
2025-03-28,29247014.16438085,1292933.1643808472,21
2025-03-31,29194244.16438085,1292933.1643808472,21
2025-04-01,29417810.853062846,1375285.8530628474,20
2025-04-02,29528343.853062846,1375285.8530628474,20
2025-04-03,29419628.853062846,1375285.8530628474,20
2025-04-07,27160520.853062846,1375285.8530628474,20
2025-04-08,27606351.853062846,1375285.8530628474,20
2025-04-09,27799692.853062846,1375285.8530628474,20
2025-04-10,28075575.853062846,1375285.8530628474,20
2025-04-11,27969379.853062846,1375285.8530628474,20
2025-04-14,28350648.853062846,1375285.8530628474,20
2025-04-15,28325214.853062846,1375285.8530628474,20
2025-04-16,28360697.853062846,1375285.8530628474,20
2025-04-17,28385660.853062846,1375285.8530628474,20
2025-04-18,28322033.853062846,1375285.8530628474,20
2025-04-21,28370909.853062846,1375285.8530628474,20
2025-04-22,28670634.853062846,1375285.8530628474,20
2025-04-23,28729728.853062846,1375285.8530628474,20
2025-04-24,28881119.853062846,1375285.8530628474,20
2025-04-25,28948289.853062846,1375285.8530628474,20
2025-04-28,28683967.953062847,1387645.8530628474,20
2025-04-29,28739165.15306285,1387645.8530628474,20
2025-04-30,28628488.053062845,1422345.8530628474,20
2025-05-06,29047695.728817314,1258176.7288173113,21
2025-05-07,29271715.72881731,1258176.7288173113,21
2025-05-08,29550773.72881731,1258176.7288173113,21
2025-05-09,29153883.72881731,1258176.7288173113,21
2025-05-12,29685052.72881731,1258176.7288173113,21
2025-05-13,29867684.72881731,1258176.7288173113,21
2025-05-14,29802992.72881731,1258176.7288173113,21
2025-05-15,29280517.72881731,1258176.7288173113,21
2025-05-16,29366158.72881731,1258176.7288173113,21
2025-05-19,29412430.72881731,1258176.7288173113,21
2025-05-20,29636595.72881731,1258176.7288173113,21
2025-05-21,29782517.72881731,1258176.7288173113,21
2025-05-22,29442211.72881731,1258176.7288173113,21
2025-05-23,29049469.72881731,1258176.7288173113,21
2025-05-26,29049509.72881731,1258176.7288173113,21
2025-05-27,29008287.72881731,1258176.7288173113,21
2025-05-28,28999506.72881731,1326546.7288173113,21
2025-05-29,29377375.728817314,1358081.7288173116,21
2025-05-30,28980349.728817314,1389221.7288173116,21
2025-06-03,28853788.803394716,1297615.8033947153,21
2025-06-04,29172910.803394716,1297615.8033947153,21
2025-06-05,29181169.803394716,1297615.8033947153,21
2025-06-06,29212852.803394716,1297615.8033947153,21
2025-06-09,29526603.803394716,1297615.8033947153,21
2025-06-10,29237323.803394716,1297615.8033947153,21
2025-06-11,29415480.803394716,1332903.8033947153,21
2025-06-12,29432675.803394716,1406823.8033947153,21
2025-06-13,28943172.803394716,1406823.8033947153,21
2025-06-16,28850738.803394716,1406823.8033947153,21
2025-06-17,28852461.803394716,1406823.8033947153,21
2025-06-18,28677256.803394716,1406823.8033947153,21
2025-06-19,28362327.803394716,1406823.8033947153,21
2025-06-20,28384400.803394716,1494435.8033947153,21
2025-06-23,28381817.803394716,1540185.8033947153,21
2025-06-24,28901969.803394716,1540185.8033947153,21
2025-06-25,29340185.803394716,1540185.8033947153,21
2025-06-26,29209331.803394716,1540185.8033947153,21
2025-06-27,29346980.803394716,1540185.8033947153,21
2025-06-30,29815777.803394716,1540185.8033947153,21
2025-07-01,29767724.819257714,1834234.819257712,20
2025-07-02,29699609.819257714,1834234.819257712,20
2025-07-03,29767361.819257714,1834234.819257712,20
2025-07-04,29576761.819257714,1834234.819257712,20
2025-07-07,30004476.819257714,1834234.819257712,20
2025-07-08,30290603.819257714,1834234.819257712,20
2025-07-09,30515638.819257714,1834234.819257712,20
2025-07-10,30554951.819257714,1834234.819257712,20
2025-07-11,30347931.819257714,1834234.819257712,20
2025-07-14,30774147.819257714,1834234.819257712,20
2025-07-15,30658652.819257714,1834234.819257712,20
2025-07-16,30635543.819257714,1834234.819257712,20
2025-07-17,30670088.819257714,1895332.8192577122,20
2025-07-18,30792051.819257714,1895332.8192577122,20
2025-07-21,31072126.819257714,1895332.8192577122,20
2025-07-22,31161174.819257714,1895332.8192577122,20
2025-07-23,31037372.819257714,1895332.8192577122,20
2025-07-24,31248888.819257714,1895332.8192577122,20
2025-07-25,31295032.819257714,1895332.8192577122,20
2025-07-28,31233164.819257714,1895332.8192577122,20
2025-07-29,31226400.819257714,1895332.8192577122,20
2025-07-30,31300870.819257714,1895332.8192577122,20
2025-07-31,30945984.819257714,1895332.8192577122,20
2025-08-01,30977491.757225513,1712095.7572255156,21
2025-08-04,31189890.757225513,1712095.7572255156,21
2025-08-05,31362232.757225513,1712095.7572255156,21
2025-08-06,31412848.757225513,1712095.7572255156,21
2025-08-07,31577382.757225513,1712095.7572255156,21
2025-08-08,31890451.757225513,1712095.7572255156,21
2025-08-11,32419939.757225513,1712095.7572255156,21
2025-08-12,32896744.757225513,1712095.7572255156,21
2025-08-13,32964933.757225513,1712095.7572255156,21
2025-08-14,32609864.757225513,1712095.7572255156,21
2025-08-15,33063714.757225513,1712095.7572255156,21
2025-08-18,33281277.757225513,1743835.7572255156,21
2025-08-19,33145513.757225513,1743835.7572255156,21
2025-08-20,33431880.757225513,1743835.7572255156,21
2025-08-21,33687819.75722551,1743835.7572255156,21
2025-08-22,33699800.75722551,1743835.7572255156,21
2025-08-25,33905917.75722551,1743835.7572255156,21
2025-08-26,34129814.75722551,1743835.7572255156,21
2025-08-27,33618088.75722551,1743835.7572255156,21
2025-08-28,33718634.75722551,1743835.7572255156,21
2025-08-29,33445736.757225513,1743835.7572255156,21
2025-09-01,33068397.796111923,2703900.796111923,19
2025-09-02,32940710.796111923,2703900.796111923,19
2025-09-03,32626767.796111923,2703900.796111923,19
2025-09-04,32902459.796111923,2703900.796111923,19
2025-09-05,33132576.796111923,2703900.796111923,19
2025-09-08,33292376.796111923,2703900.796111923,19
2025-09-09,33370254.796111923,2703900.796111923,19
2025-09-10,33279266.796111923,2703900.796111923,19
2025-09-11,33533871.796111923,2703900.796111923,19
2025-09-12,33470751.796111923,2703900.796111923,19
2025-09-15,33340102.796111923,2703900.796111923,19
2025-09-16,33472769.796111923,2703900.796111923,19
2025-09-17,33538864.796111923,2703900.796111923,19
2025-09-18,33239526.796111923,2703900.796111923,19
2025-09-19,33421060.796111923,2703900.796111923,19
2025-09-22,33473889.796111923,2703900.796111923,19
2025-09-23,33505733.796111923,2703900.796111923,19
2025-09-24,33991982.79611193,2703900.796111923,19
2025-09-25,34059810.79611193,2762100.796111923,19
2025-09-26,33639464.79611193,2762100.796111923,19
2025-09-29,33586594.79611193,2762100.796111923,19
2025-09-30,33225175.796111923,2762100.796111923,19
2025-10-09,33322198.667607915,1564840.6676079158,20
2025-10-10,33780921.66760792,1564840.6676079158,20
2025-10-13,33606134.66760792,1618690.6676079158,20
2025-10-14,33898654.66760792,1618690.6676079158,20
2025-10-15,34168186.66760792,1618690.6676079158,20
2025-10-16,34060294.66760792,1618690.6676079158,20
2025-10-17,33797438.66760792,1618690.6676079158,20
2025-10-20,34116713.66760792,1618690.6676079158,20
2025-10-21,34676991.66760792,1618690.6676079158,20
2025-10-22,34678543.66760792,1618690.6676079158,20
2025-10-23,34837960.66760792,1618690.6676079158,20
2025-10-24,34542406.66760792,1618690.6676079158,20
2025-10-27,34709018.66760792,1618690.6676079158,20
2025-10-28,34554077.66760792,1618690.6676079158,20
2025-10-29,34498532.66760792,1618690.6676079158,20
2025-10-30,34086819.66760792,1618690.6676079158,20
2025-10-31,33958484.66760792,1618690.6676079158,20
2025-11-03,34210002.03546792,1590437.035467923,20
2025-11-04,34364242.03546792,1590437.035467923,20
2025-11-05,34477614.03546792,1590437.035467923,20
2025-11-06,34299463.03546792,1590437.035467923,20
2025-11-07,34265257.03546792,1590437.035467923,20
2025-11-10,34548726.03546792,1590437.035467923,20
2025-11-11,34651702.03546792,1590437.035467923,20
2025-11-12,34691466.03546792,1590437.035467923,20
2025-11-13,34972555.03546792,1590437.035467923,20
2025-11-14,35003398.03546792,1590437.035467923,20
2025-11-17,34862653.03546792,1590437.035467923,20
2025-11-18,34646297.03546792,1590437.035467923,20
2025-11-19,34753894.03546792,1590437.035467923,20
2025-11-20,34566352.03546792,1590437.035467923,20
2025-11-21,33637722.03546792,1590437.035467923,20
2025-11-24,33837195.03546792,1590437.035467923,20
2025-11-25,33986662.03546792,1590437.035467923,20
2025-11-26,33876598.03546792,1590437.035467923,20
2025-11-27,33920979.03546792,1590437.035467923,20
2025-11-28,34019085.03546792,1590437.035467923,20
2025-12-01,34087044.18788392,1630252.1878839224,20
2025-12-02,34281203.18788392,1630252.1878839224,20
2025-12-03,34381720.18788392,1630252.1878839224,20
2025-12-04,34093221.18788392,1630252.1878839224,20
2025-12-05,34350350.18788392,1630252.1878839224,20
2025-12-08,34265297.18788392,1676402.1878839224,20
2025-12-09,33961992.18788392,1676402.1878839224,20
2025-12-10,33909680.18788392,1676402.1878839224,20
2025-12-11,33541408.18788392,1676402.1878839224,20
2025-12-12,33397817.18788392,1676402.1878839224,20
2025-12-15,33485992.18788392,1676402.1878839224,20
2025-12-16,33428922.18788392,1676402.1878839224,20
2025-12-17,33478308.18788392,1676402.1878839224,20
2025-12-18,33809177.18788392,1676402.1878839224,20
2025-12-19,34114285.18788392,1676402.1878839224,20
2025-12-22,33996627.18788392,1676402.1878839224,20
2025-12-23,34075699.18788392,1676402.1878839224,20
2025-12-24,34164818.18788392,1676402.1878839224,20
2025-12-25,34220196.18788392,1676402.1878839224,20
2025-12-26,34004862.18788392,1676402.1878839224,20
2025-12-29,33862928.18788392,1676402.1878839224,20
2025-12-30,33995592.18788392,1676402.1878839224,20
2025-12-31,34153087.18788392,1676402.1878839224,20
2026-01-05,33918027.12907572,1607125.12907572,20
2026-01-06,34085262.12907572,1607125.12907572,20
2026-01-07,33925094.12907572,1607125.12907572,20
2026-01-08,34068269.12907572,1607125.12907572,20
2026-01-09,34181267.12907572,1607125.12907572,20
2026-01-12,34276219.12907572,1607125.12907572,20
2026-01-13,34121591.12907572,1607125.12907572,20
2026-01-14,33888183.12907572,1607125.12907572,20
2026-01-15,34107175.12907572,1607125.12907572,20
2026-01-16,34393369.12907572,1607125.12907572,20
2026-01-19,34850755.12907572,1607125.12907572,20
2026-01-20,35090055.12907572,1607125.12907572,20
2026-01-21,35163679.12907572,1607125.12907572,20
2026-01-22,35382926.12907572,1607125.12907572,20
2026-01-23,35387749.12907572,1607125.12907572,20
2026-01-26,35562329.12907572,1607125.12907572,20
2026-01-27,35139236.12907572,1607125.12907572,20
2026-01-28,35759057.12907572,1607125.12907572,20
2026-01-29,35604979.12907572,1607125.12907572,20
2026-01-30,35810483.12907572,1607125.12907572,20
2026-02-02,34758847.61330852,1683507.6133085187,20
2026-02-03,34967910.61330852,1683507.6133085187,20
2026-02-04,35446944.61330852,1683507.6133085187,20
2026-02-05,35618112.61330852,1683507.6133085187,20
2026-02-06,35780048.61330852,1683507.6133085187,20
2026-02-09,36047797.61330852,1770740.6133085184,20
2026-02-10,35976042.61330852,1770740.6133085184,20
2026-02-11,36032942.61330852,1770740.6133085184,20
2026-02-12,35738443.61330852,1770740.6133085184,20
2026-02-13,35424871.61330852,1770740.6133085184,20
2026-02-24,35950776.61330852,1770740.6133085184,20
2026-02-25,35991085.61330852,1770740.6133085184,20
2026-02-26,35987459.61330852,1770740.6133085184,20
2026-02-27,36001019.61330852,1770740.6133085184,20
2026-03-02,35779046.70419732,1716939.704197319,20
2026-03-03,35244117.70419732,1716939.704197319,20
2026-03-04,34753416.70419732,1716939.704197319,20
2026-03-05,35230970.70419732,1716939.704197319,20
2026-03-06,35827587.70419732,1716939.704197319,20
2026-03-09,35664928.70419732,1716939.704197319,20
2026-03-10,36124299.70419732,1716939.704197319,20
2026-03-11,36231567.70419732,1716939.704197319,20
2026-03-12,36139113.70419732,1716939.704197319,20
2026-03-13,36069446.70419732,1716939.704197319,20
2026-03-16,35916603.70419732,1716939.704197319,20
2026-03-17,35590351.70419732,1716939.704197319,20
2026-03-18,35870466.70419732,1716939.704197319,20
2026-03-19,35120969.70419732,1716939.704197319,20
2026-03-20,34652955.70419732,1716939.704197319,20
2026-03-23,32856754.704197317,1716939.704197319,20
2026-03-24,34147220.70419732,1716939.704197319,20
2026-03-25,34981152.70419732,1716939.704197319,20
2026-03-26,34612111.70419732,1716939.704197319,20
2026-03-27,34637934.70419732,1716939.704197319,20
2026-03-30,35290858.70419732,1716939.704197319,20
2026-03-31,34812475.70419732,1716939.704197319,20
2026-04-01,35307295.13540252,1612076.135402524,20
2026-04-02,34612212.13540252,1612076.135402524,20
2026-04-03,33735695.13540252,1612076.135402524,20
2026-04-07,33911526.13540252,1612076.135402524,20
2026-04-08,35397732.13540252,1612076.135402524,20
2026-04-09,34876996.13540252,1612076.135402524,20
2026-04-10,35118371.13540252,1612076.135402524,20
2026-04-13,34849958.13540252,1612076.135402524,20
2026-04-14,35138560.13540252,1612076.135402524,20
2026-04-15,35514590.13540252,1612076.135402524,20
2026-04-16,35886440.13540252,1612076.135402524,20
2026-04-17,35706160.13540252,1612076.135402524,20
2026-04-20,36020449.13540252,1612076.135402524,20
2026-04-21,36011945.13540252,1612076.135402524,20
2026-04-22,36193261.13540252,1612076.135402524,20
2026-04-23,35760996.13540252,1612076.135402524,20
2026-04-24,35602527.13540252,1612076.135402524,20
2026-04-27,35907573.13540252,1612076.135402524,20
2026-04-28,35416599.13540252,1612076.135402524,20
2026-04-29,35745667.13540252,1612076.135402524,20
2026-04-30,35306920.13540252,1612076.135402524,20
2026-05-06,35512344.063285716,850917.0632857168,21
2026-05-07,35503706.063285716,850917.0632857168,21
2026-05-08,35792862.063285716,850917.0632857168,21
2026-05-11,35707058.063285716,850917.0632857168,21
2026-05-12,35540719.063285716,850917.0632857168,21
2026-05-13,35448154.063285716,905647.0632857168,21
2026-05-14,34868748.063285716,905647.0632857168,21
2026-05-15,34657284.66328572,905647.0632857168,21
2026-05-18,34470699.463285714,905647.0632857168,21
2026-05-19,34717263.26328572,905647.0632857168,21
2026-05-20,34574492.063285716,905647.0632857168,21
2026-05-21,33874223.26328571,905647.0632857168,21
2026-05-22,34081711.26328571,905647.0632857168,21
2026-05-25,34045170.86328572,905647.0632857168,21
2026-05-26,33600129.963285714,905647.0632857168,21
2026-05-27,32983815.763285715,905647.0632857168,21
2026-05-28,32846129.463285714,946939.0632857169,21
2026-05-29,33194237.863285717,946939.0632857169,21
2026-06-01,33554093.167762734,1571890.1677627333,20
2026-06-02,33479027.167762734,1592466.1677627333,20
2026-06-03,33144502.167762734,1592466.1677627333,20
2026-06-04,32655485.167762734,1592466.1677627333,20
2026-06-05,32936731.167762734,1592466.1677627333,20
2026-06-08,32661115.167762734,1592466.1677627333,20
2026-06-09,32701478.167762734,1592466.1677627333,20
2026-06-10,32976815.167762734,1592466.1677627333,20
2026-06-11,32665250.167762734,1640526.1677627335,20
2026-06-12,32995120.167762734,1640526.1677627335,20
2026-06-15,33263470.967762735,1640526.1677627335,20
2026-06-16,32568187.567762733,1640526.1677627335,20
2026-06-17,32366744.367762733,1640526.1677627335,20
2026-06-18,31976643.767762735,1676646.1677627335,20
2026-06-22,31794075.967762735,1676646.1677627335,20
2026-06-23,32095158.567762733,1676646.1677627335,20
2026-06-24,31592560.167762734,1730986.1677627335,20
2026-06-25,31240522.567762733,1730986.1677627335,20
2026-06-26,30800012.967762735,1730986.1677627335,20
2026-06-29,31075151.767762735,1730986.1677627335,20
2026-06-30,30679995.567762736,1730986.1677627335,20
2026-07-01,31337071.877005972,899172.8770059706,21
2026-07-02,31667511.877005972,899172.8770059706,21
2026-07-03,31816378.877005972,899172.8770059706,21
2026-07-06,32269968.877005972,899172.8770059706,21
2026-07-07,31844913.877005972,936469.8770059706,21
2026-07-08,31900782.877005972,936469.8770059706,21
2026-07-09,31513552.877005972,936469.8770059706,21
2026-07-10,31484475.17700597,936469.8770059706,21
2026-07-13,31552919.377005972,936469.8770059706,21
2026-07-14,31894600.97700597,936469.8770059706,21
2026-07-15,32285615.67700597,936469.8770059706,21
2026-07-16,32327607.77700597,936469.8770059706,21
2026-07-17,31984646.07700597,936469.8770059706,21
2026-07-20,32427731.17700597,936469.8770059706,21
2026-07-21,32400747.07700597,936469.8770059706,21
2026-07-22,31994727.97700597,936469.8770059706,21
2026-07-23,32302522.877005972,936469.8770059706,21
2026-07-24,31832182.07700597,936469.8770059706,21
2026-07-27,32174619.97700597,936469.8770059706,21
2026-07-28,32328097.77700597,936469.8770059706,21
2026-07-29,32816013.77700597,936469.8770059706,21
2026-07-30,33037542.377005972,936469.8770059706,21
2026-07-31,33288574.27700597,936469.8770059706,21
2026-08-03,33874560.077379666,1504810.0773796667,20
2026-08-04,34889577.077379666,1504810.0773796667,20
2026-08-05,36108720.077379666,1504810.0773796667,20
2026-08-06,36259310.077379666,1504810.0773796667,20
2026-08-07,36643341.077379666,1504810.0773796667,20
2026-08-10,36936110.077379666,1504810.0773796667,20
2026-08-11,36888298.077379666,1504810.0773796667,20
2026-08-12,37821353.077379666,1504810.0773796667,20
2026-08-13,37925033.077379666,1504810.0773796667,20
2026-08-14,38218045.077379666,1504810.0773796667,20
2026-08-17,39261682.077379666,1504810.0773796667,20
2026-08-18,39434176.077379666,1504810.0773796667,20
2026-08-19,36692338.077379666,1504810.0773796667,20
2026-08-20,37132614.077379666,1504810.0773796667,20
2026-08-21,37083838.077379666,1504810.0773796667,20
2026-08-24,36507808.077379666,1504810.0773796667,20
2026-08-25,37249227.077379666,1504810.0773796667,20
2026-08-26,37233231.077379666,1504810.0773796667,20
2026-08-27,37925774.077379666,1504810.0773796667,20
2026-08-28,37722755.077379666,1504810.0773796667,20
2026-08-31,38458117.077379666,1504810.0773796667,20
2026-09-01,38138976.30264586,1802466.302645865,20
2026-09-02,37678463.30264586,1802466.302645865,20
2026-09-03,37743491.30264586,1802466.302645865,20
2026-09-04,37750279.30264586,1802466.302645865,20
2026-09-07,38084704.30264586,1802466.302645865,20
2026-09-08,38117936.30264586,1802466.302645865,20
2026-09-09,37898870.30264586,1802466.302645865,20
2026-09-10,37547978.30264586,1802466.302645865,20
2026-09-11,37299653.30264586,1802466.302645865,20
