name,symbol,market,industry,ipo_date,region,connect
华兴源创,688001.SH,科创板,专用机械,2019-07-22,江苏,沪股通
睿创微纳,688002.SH,科创板,通信设备,2019-07-22,山东,沪股通
天准科技,688003.SH,科创板,专用机械,2019-07-22,江苏,沪股通
博汇科技,688004.SH,科创板,软件服务,2020-06-12,北京,N
容百科技,688005.SH,科创板,电气设备,2019-07-22,浙江,沪股通
杭可科技,688006.SH,科创板,电气设备,2019-07-22,浙江,沪股通
光峰科技,688007.SH,科创板,元器件,2019-07-22,深圳,沪股通
澜起科技,688008.SH,科创板,半导体,2019-07-22,上海,沪股通
中国通号,688009.SH,科创板,运输设备,2019-07-22,北京,沪股通
福光股份,688010.SH,科创板,元器件,2019-07-22,福建,沪股通
新光光电,688011.SH,科创板,元器件,2019-07-22,黑龙江,沪股通
中微公司,688012.SH,科创板,半导体,2019-07-22,上海,沪股通
天臣医疗,688013.SH,科创板,医疗保健,2020-09-28,江苏,N
交控科技,688015.SH,科创板,运输设备,2019-07-22,北京,N
心脉医疗,688016.SH,科创板,医疗保健,2019-07-22,上海,沪股通
绿的谐波,688017.SH,科创板,机械基件,2020-08-28,江苏,沪股通
乐鑫科技,688018.SH,科创板,半导体,2019-07-22,上海,沪股通
安集科技,688019.SH,科创板,半导体,2019-07-22,上海,沪股通
方邦股份,688020.SH,科创板,元器件,2019-07-22,广东,沪股通
奥福科技,688021.SH,科创板,汽车配件,2019-11-06,山东,N
ST瀚川,688022.SH,科创板,专用机械,2019-07-22,江苏,N
安恒信息,688023.SH,科创板,软件服务,2019-11-05,浙江,沪股通
杰普特,688025.SH,科创板,专用机械,2019-10-31,深圳,沪股通
洁特生物,688026.SH,科创板,医疗保健,2020-01-22,广东,N
国盾量子,688027.SH,科创板,通信设备,2020-07-09,安徽,沪股通
沃尔德,688028.SH,科创板,机械基件,2019-07-22,北京,沪股通
南微医学,688029.SH,科创板,医疗保健,2019-07-22,江苏,沪股通
山石网科,688030.SH,科创板,软件服务,2019-09-30,江苏,N
星环科技,688031.SH,科创板,软件服务,2022-10-18,上海,沪股通
禾迈股份,688032.SH,科创板,电气设备,2021-12-20,浙江,沪股通
*ST天宜,688033.SH,科创板,电气设备,2019-07-22,北京,N
德邦科技,688035.SH,科创板,半导体,2022-09-19,山东,沪股通
传音控股,688036.SH,科创板,通信设备,2019-09-30,深圳,沪股通
芯源微,688037.SH,科创板,半导体,2019-12-16,辽宁,沪股通
中科通达,688038.SH,科创板,软件服务,2021-07-13,湖北,N
当虹科技,688039.SH,科创板,软件服务,2019-12-11,浙江,沪股通
海光信息,688041.SH,科创板,半导体,2022-08-12,天津,沪股通
必易微,688045.SH,科创板,半导体,2022-05-26,深圳,N
药康生物,688046.SH,科创板,生物制药,2022-04-25,江苏,沪股通
龙芯中科,688047.SH,科创板,半导体,2022-06-24,北京,沪股通
长光华芯,688048.SH,科创板,半导体,2022-04-01,江苏,沪股通
炬芯科技,688049.SH,科创板,半导体,2021-11-29,广东,沪股通
爱博医疗,688050.SH,科创板,医疗保健,2020-07-29,北京,沪股通
佳华科技,688051.SH,科创板,软件服务,2020-03-20,北京,N
纳芯微,688052.SH,科创板,半导体,2022-04-22,江苏,沪股通
ST思科瑞,688053.SH,科创板,元器件,2022-07-08,四川,N
龙腾光电,688055.SH,科创板,元器件,2020-08-17,江苏,沪股通
莱伯泰科,688056.SH,科创板,电器仪表,2020-09-02,北京,N
金达莱,688057.SH,科创板,环境保护,2020-11-11,江西,N
宝兰德,688058.SH,科创板,软件服务,2019-11-01,北京,N
华锐精密,688059.SH,科创板,机械基件,2021-02-08,湖南,沪股通
云涌科技,688060.SH,科创板,IT设备,2020-07-10,江苏,N
灿瑞科技,688061.SH,科创板,半导体,2022-10-18,上海,N
迈威生物,688062.SH,科创板,生物制药,2022-01-18,上海,沪股通
派能科技,688063.SH,科创板,电气设备,2020-12-30,上海,沪股通
凯赛生物,688065.SH,科创板,化工原料,2020-08-12,上海,沪股通
*ST航图,688066.SH,科创板,软件服务,2019-07-22,北京,N
爱威科技,688067.SH,科创板,医疗保健,2021-06-16,湖南,N
热景生物,688068.SH,科创板,医疗保健,2019-09-30,北京,沪股通
德林海,688069.SH,科创板,环境保护,2020-07-22,江苏,N
纵横股份,688070.SH,科创板,航空,2021-02-10,四川,N
华依科技,688071.SH,科创板,专用机械,2021-07-29,上海,N
拓荆科技,688072.SH,科创板,半导体,2022-04-20,辽宁,沪股通
毕得医药,688073.SH,科创板,化学制药,2022-10-11,上海,沪股通
安旭生物,688075.SH,科创板,医疗保健,2021-11-18,浙江,沪股通
ST诺泰,688076.SH,科创板,生物制药,2021-05-20,江苏,N
大地熊,688077.SH,科创板,矿物制品,2020-07-22,安徽,N
龙软科技,688078.SH,科创板,软件服务,2019-12-30,北京,N
美迪凯,688079.SH,科创板,元器件,2021-03-02,浙江,沪股通
映翰通,688080.SH,科创板,通信设备,2020-02-12,北京,N
兴图新科,688081.SH,科创板,软件服务,2020-01-06,湖北,N
盛美上海,688082.SH,科创板,半导体,2021-11-18,上海,沪股通
中望软件,688083.SH,科创板,软件服务,2021-03-11,广东,沪股通
晶品特装,688084.SH,科创板,专用机械,2022-12-08,北京,沪股通
三友医疗,688085.SH,科创板,医疗保健,2020-04-09,上海,沪股通
英科再生,688087.SH,科创板,环境保护,2021-07-09,山东,沪股通
虹软科技,688088.SH,科创板,软件服务,2019-07-22,浙江,沪股通
ST嘉必优,688089.SH,科创板,食品,2019-12-19,湖北,N
瑞松科技,688090.SH,科创板,专用机械,2020-02-17,广东,沪股通
上海谊众,688091.SH,科创板,化学制药,2021-09-09,上海,沪股通
爱科科技,688092.SH,科创板,专用机械,2021-03-19,浙江,N
世华科技,688093.SH,科创板,化工原料,2020-09-30,江苏,沪股通
福昕软件,688095.SH,科创板,软件服务,2020-09-08,福建,沪股通
京源环保,688096.SH,科创板,环境保护,2020-04-09,江苏,N
博众精工,688097.SH,科创板,专用机械,2021-05-12,江苏,沪股通
申联生物,688098.SH,科创板,农业综合,2019-10-28,上海,N
晶晨股份,688099.SH,科创板,半导体,2019-08-08,上海,沪股通
威胜信息,688100.SH,科创板,通信设备,2020-01-21,湖南,沪股通
三达膜,688101.SH,科创板,环境保护,2019-11-15,陕西,沪股通
斯瑞新材,688102.SH,科创板,铜,2022-03-16,陕西,沪股通
国力电子,688103.SH,科创板,元器件,2021-09-10,江苏,沪股通
诺唯赞,688105.SH,科创板,生物制药,2021-11-15,江苏,沪股通
金宏气体,688106.SH,科创板,化工原料,2020-06-16,江苏,沪股通
安路科技,688107.SH,科创板,半导体,2021-11-12,上海,沪股通
赛诺医疗,688108.SH,科创板,医疗保健,2019-10-30,天津,沪股通
品茗科技,688109.SH,科创板,软件服务,2021-03-30,浙江,沪股通
东芯股份,688110.SH,科创板,半导体,2021-12-10,上海,沪股通
金山办公,688111.SH,科创板,软件服务,2019-11-18,北京,沪股通
鼎阳科技,688112.SH,科创板,电器仪表,2021-12-01,深圳,沪股通
联测科技,688113.SH,科创板,专用机械,2021-05-06,江苏,N
华大智造,688114.SH,科创板,医疗保健,2022-09-09,深圳,沪股通
思林杰,688115.SH,科创板,电器仪表,2022-03-14,广东,N
天奈科技,688116.SH,科创板,化工原料,2019-09-25,江苏,沪股通
圣诺生物,688117.SH,科创板,生物制药,2021-06-03,四川,沪股通
普元信息,688118.SH,科创板,软件服务,2019-12-04,上海,N
中钢洛耐,688119.SH,科创板,其他建材,2022-06-06,河南,沪股通
华海清科,688120.SH,科创板,半导体,2022-06-08,天津,沪股通
*ST卓然,688121.SH,科创板,专用机械,2021-09-06,上海,N
西部超导,688122.SH,科创板,小金属,2019-07-22,陕西,沪股通
聚辰股份,688123.SH,科创板,半导体,2019-12-23,上海,沪股通
安达智能,688125.SH,科创板,专用机械,2022-04-15,广东,沪股通
沪硅产业,688126.SH,科创板,半导体,2020-04-20,上海,沪股通
蓝特光学,688127.SH,科创板,元器件,2020-09-21,浙江,沪股通
中国电研,688128.SH,科创板,专用机械,2019-11-05,广东,沪股通
东来技术,688129.SH,科创板,染料涂料,2020-10-23,上海,N
晶华微,688130.SH,科创板,半导体,2022-07-29,浙江,N
皓元医药,688131.SH,科创板,化学制药,2021-06-08,上海,沪股通
邦彦技术,688132.SH,科创板,通信设备,2022-09-23,深圳,N
泰坦科技,688133.SH,科创板,化工原料,2020-10-30,上海,N
利扬芯片,688135.SH,科创板,半导体,2020-11-11,广东,沪股通
科兴制药,688136.SH,科创板,生物制药,2020-12-14,山东,沪股通
近岸蛋白,688137.SH,科创板,生物制药,2022-09-29,江苏,N
清溢光电,688138.SH,科创板,半导体,2019-11-20,深圳,沪股通
海尔生物,688139.SH,科创板,医疗保健,2019-10-25,山东,沪股通
杰华特,688141.SH,科创板,半导体,2022-12-23,浙江,沪股通
长盈通,688143.SH,科创板,通信设备,2022-12-12,湖北,沪股通
中船特气,688146.SH,科创板,半导体,2023-04-21,河北,沪股通
微导纳米,688147.SH,科创板,专用机械,2022-12-23,江苏,沪股通
芳源股份,688148.SH,科创板,电气设备,2021-08-06,广东,N
莱特光电,688150.SH,科创板,元器件,2022-03-18,陕西,沪股通
华强科技,688151.SH,科创板,医疗保健,2021-12-06,湖北,沪股通
麒麟信安,688152.SH,科创板,软件服务,2022-10-28,湖南,N
唯捷创芯,688153.SH,科创板,半导体,2022-04-12,天津,沪股通
先惠技术,688155.SH,科创板,电气设备,2020-08-11,上海,沪股通
路德科技,688156.SH,科创板,饲料,2020-09-22,湖北,N
松井股份,688157.SH,科创板,染料涂料,2020-06-09,湖南,沪股通
优刻得,688158.SH,科创板,软件服务,2020-01-20,上海,N
有方科技,688159.SH,科创板,通信设备,2020-01-23,深圳,沪股通
步科股份,688160.SH,科创板,电器仪表,2020-11-12,上海,沪股通
威高骨科,688161.SH,科创板,医疗保健,2021-06-30,山东,沪股通
巨一科技,688162.SH,科创板,专用机械,2021-11-10,安徽,N
赛伦生物,688163.SH,科创板,生物制药,2022-03-11,上海,N
埃夫特,688165.SH,科创板,专用机械,2020-07-15,安徽,沪股通
博瑞医药,688166.SH,科创板,化学制药,2019-11-08,江苏,沪股通
炬光科技,688167.SH,科创板,元器件,2021-12-24,陕西,沪股通
安博通,688168.SH,科创板,软件服务,2019-09-06,北京,沪股通
石头科技,688169.SH,科创板,家用电器,2020-02-21,北京,沪股通
德龙激光,688170.SH,科创板,专用机械,2022-04-29,江苏,沪股通
纬德信息,688171.SH,科创板,软件服务,2022-01-27,广东,N
燕东微,688172.SH,科创板,半导体,2022-12-16,北京,沪股通
希荻微,688173.SH,科创板,半导体,2022-01-21,广东,沪股通
高凌信息,688175.SH,科创板,通信设备,2022-03-15,广东,N
亚虹医药,688176.SH,科创板,化学制药,2022-01-07,江苏,沪股通
百奥泰,688177.SH,科创板,生物制药,2020-02-21,广东,沪股通
万德斯,688178.SH,科创板,环境保护,2020-01-14,江苏,N
阿拉丁,688179.SH,科创板,化学制药,2020-10-26,上海,沪股通
君实生物,688180.SH,科创板,生物制药,2020-07-15,上海,沪股通
八亿时空,688181.SH,科创板,元器件,2020-01-06,北京,N
灿勤科技,688182.SH,科创板,通信设备,2021-11-16,江苏,沪股通
生益电子,688183.SH,科创板,元器件,2021-02-25,广东,沪股通
ST帕瓦,688184.SH,科创板,电气设备,2022-09-19,浙江,N
康希诺,688185.SH,科创板,生物制药,2020-08-13,天津,沪股通
广大特材,688186.SH,科创板,特种钢,2020-02-11,江苏,沪股通
时代电气,688187.SH,科创板,运输设备,2021-09-07,湖南,沪股通
柏楚电子,688188.SH,科创板,专用机械,2019-08-08,上海,沪股通
ST南新,688189.SH,科创板,化学制药,2020-03-26,湖南,N
云路股份,688190.SH,科创板,矿物制品,2021-11-26,山东,沪股通
智洋创新,688191.SH,科创板,软件服务,2021-04-08,山东,沪股通
迪哲医药,688192.SH,科创板,生物制药,2021-12-10,江苏,沪股通
仁度生物,688193.SH,科创板,医疗保健,2022-03-30,上海,N
腾景科技,688195.SH,科创板,元器件,2021-03-26,福建,沪股通
卓越新能,688196.SH,科创板,环境保护,2019-11-21,福建,沪股通
首药控股,688197.SH,科创板,化学制药,2022-03-23,北京,沪股通
佰仁医疗,688198.SH,科创板,医疗保健,2019-12-09,北京,沪股通
久日新材,688199.SH,科创板,化工原料,2019-11-05,天津,N
华峰测控,688200.SH,科创板,半导体,2020-02-18,北京,沪股通
ST信安,688201.SH,科创板,软件服务,2021-04-21,北京,N
美迪西,688202.SH,科创板,医疗保健,2019-11-05,上海,沪股通
海正生材,688203.SH,科创板,塑料,2022-08-16,浙江,N
德科立,688205.SH,科创板,通信设备,2022-08-09,江苏,沪股通
概伦电子,688206.SH,科创板,半导体,2021-12-28,上海,沪股通
格灵深瞳,688207.SH,科创板,软件服务,2022-03-17,北京,N
道通科技,688208.SH,科创板,IT设备,2020-02-13,深圳,沪股通
英集芯,688209.SH,科创板,半导体,2022-04-19,深圳,沪股通
统联精密,688210.SH,科创板,元器件,2021-12-27,深圳,沪股通
中科微至,688211.SH,科创板,专用机械,2021-10-26,江苏,N
澳华内镜,688212.SH,科创板,医疗保健,2021-11-15,上海,沪股通
思特威,688213.SH,科创板,半导体,2022-05-20,上海,沪股通
瑞晟智能,688215.SH,科创板,专用机械,2020-08-28,浙江,N
气派科技,688216.SH,科创板,半导体,2021-06-23,深圳,N
睿昂基因,688217.SH,科创板,医疗保健,2021-05-17,上海,N
江苏北人,688218.SH,科创板,专用机械,2019-12-11,江苏,N
会通股份,688219.SH,科创板,塑料,2020-11-18,安徽,沪股通
翱捷科技,688220.SH,科创板,半导体,2022-01-14,上海,沪股通
前沿生物,688221.SH,科创板,生物制药,2020-10-28,江苏,沪股通
成都先导,688222.SH,科创板,化学制药,2020-04-16,四川,沪股通
晶科能源,688223.SH,科创板,电气设备,2022-01-26,江西,沪股通
亚信安全,688225.SH,科创板,软件服务,2022-02-09,江苏,沪股通
威腾电气,688226.SH,科创板,电气设备,2021-07-07,江苏,沪股通
品高股份,688227.SH,科创板,软件服务,2021-12-30,广东,沪股通
开普云,688228.SH,科创板,软件服务,2020-03-27,广东,沪股通
博睿数据,688229.SH,科创板,软件服务,2020-08-17,北京,N
芯导科技,688230.SH,科创板,半导体,2021-12-01,上海,沪股通
隆达股份,688231.SH,科创板,航空,2022-07-22,江苏,沪股通
新点软件,688232.SH,科创板,软件服务,2021-11-17,江苏,沪股通
神工股份,688233.SH,科创板,半导体,2020-02-21,辽宁,沪股通
天岳先进,688234.SH,科创板,半导体,2022-01-12,山东,沪股通
百济神州,688235.SH,科创板,生物制药,2021-12-15,北京,沪股通
春立医疗,688236.SH,科创板,医疗保健,2021-12-30,北京,沪股通
超卓航科,688237.SH,科创板,航空,2022-07-01,湖北,N
和元生物,688238.SH,科创板,医疗保健,2022-03-22,上海,N
航宇科技,688239.SH,科创板,航空,2021-07-05,贵州,沪股通
永信至诚,688244.SH,科创板,软件服务,2022-10-19,北京,N
嘉和美康,688246.SH,科创板,软件服务,2021-12-14,北京,N
宣泰医药,688247.SH,科创板,化学制药,2022-08-25,上海,沪股通
南网科技,688248.SH,科创板,电气设备,2021-12-22,广东,沪股通
晶合集成,688249.SH,科创板,半导体,2023-05-05,安徽,沪股通
井松智能,688251.SH,科创板,专用机械,2022-06-06,安徽,N
天德钰,688252.SH,科创板,半导体,2022-09-27,深圳,沪股通
英诺特,688253.SH,科创板,医疗保健,2022-07-28,北京,沪股通
凯尔达,688255.SH,科创板,机械基件,2021-10-25,浙江,N
寒武纪,688256.SH,科创板,半导体,2020-07-20,北京,沪股通
新锐股份,688257.SH,科创板,机械基件,2021-10-27,江苏,沪股通
卓易信息,688258.SH,科创板,软件服务,2019-12-09,江苏,沪股通
创耀科技,688259.SH,科创板,半导体,2022-01-12,江苏,N
昀冢科技,688260.SH,科创板,元器件,2021-04-06,江苏,N
东微半导,688261.SH,科创板,半导体,2022-02-10,江苏,沪股通
国芯科技,688262.SH,科创板,半导体,2022-01-06,江苏,沪股通
南模生物,688265.SH,科创板,医疗保健,2021-12-28,上海,N
泽璟制药,688266.SH,科创板,生物制药,2020-01-23,江苏,沪股通
中触媒,688267.SH,科创板,化工原料,2022-02-16,辽宁,沪股通
华特气体,688268.SH,科创板,化工原料,2019-12-26,广东,沪股通
凯立新材,688269.SH,科创板,化工原料,2021-06-09,陕西,沪股通
ST臻镭,688270.SH,科创板,半导体,2022-01-27,浙江,N
联影医疗,688271.SH,科创板,医疗保健,2022-08-22,上海,沪股通
富吉瑞,688272.SH,科创板,元器件,2021-10-18,北京,N
麦澜德,688273.SH,科创板,医疗保健,2022-08-11,江苏,N
万润新能,688275.SH,科创板,电气设备,2022-09-29,湖北,沪股通
百克生物,688276.SH,科创板,生物制药,2021-06-25,吉林,沪股通
天智航,688277.SH,科创板,医疗保健,2020-07-07,北京,沪股通
特宝生物,688278.SH,科创板,生物制药,2020-01-17,福建,沪股通
峰岹科技,688279.SH,科创板,半导体,2022-04-20,深圳,沪股通
精进电动,688280.SH,科创板,汽车配件,2021-10-27,北京,N
华秦科技,688281.SH,科创板,航空,2022-03-07,陕西,沪股通
理工导航,688282.SH,科创板,通信设备,2022-03-18,北京,沪股通
坤恒顺维,688283.SH,科创板,电器仪表,2022-02-15,四川,沪股通
高铁电气,688285.SH,科创板,运输设备,2021-10-20,陕西,N
敏芯股份,688286.SH,科创板,半导体,2020-08-10,江苏,N
退市观典,688287.SH,科创板,,2022-05-25,,N
鸿泉技术,688288.SH,科创板,IT设备,2019-11-06,浙江,N
圣湘生物,688289.SH,科创板,医疗保健,2020-08-28,湖南,沪股通
景业智能,688290.SH,科创板,专用机械,2022-04-29,浙江,沪股通
金橙子,688291.SH,科创板,软件服务,2022-10-26,北京,N
浩瀚深度,688292.SH,科创板,通信设备,2022-08-18,北京,N
奥浦迈,688293.SH,科创板,生物制药,2022-09-02,上海,沪股通
中复神鹰,688295.SH,科创板,化纤,2022-04-06,江苏,沪股通
和达科技,688296.SH,科创板,软件服务,2021-07-27,浙江,N
中无人机,688297.SH,科创板,航空,2022-06-29,四川,沪股通
东方生物,688298.SH,科创板,医疗保健,2020-02-05,浙江,沪股通
长阳科技,688299.SH,科创板,元器件,2019-11-06,浙江,沪股通
联瑞新材,688300.SH,科创板,矿物制品,2019-11-15,江苏,沪股通
奕瑞科技,688301.SH,科创板,医疗保健,2020-09-18,上海,沪股通
海创药业,688302.SH,科创板,生物制药,2022-04-12,四川,沪股通
大全能源,688303.SH,科创板,电气设备,2021-07-22,新疆,沪股通
科德数控,688305.SH,科创板,机床制造,2021-07-09,辽宁,沪股通
均普智能,688306.SH,科创板,专用机械,2022-03-22,浙江,沪股通
中润光学,688307.SH,科创板,元器件,2023-02-16,浙江,沪股通
欧科亿,688308.SH,科创板,机械基件,2020-12-10,湖南,沪股通
恒誉科技,688309.SH,科创板,环境保护,2020-07-14,山东,N
迈得医疗,688310.SH,科创板,医疗保健,2019-12-03,浙江,N
盟升电子,688311.SH,科创板,元器件,2020-07-31,四川,沪股通
燕麦科技,688312.SH,科创板,专用机械,2020-06-08,深圳,沪股通
仕佳光子,688313.SH,科创板,通信设备,2020-08-12,河南,沪股通
康拓医疗,688314.SH,科创板,医疗保健,2021-05-18,陕西,N
诺禾致源,688315.SH,科创板,医疗保健,2021-04-13,北京,沪股通
青云科技,688316.SH,科创板,软件服务,2021-03-16,北京,N
之江生物,688317.SH,科创板,医疗保健,2021-01-18,上海,N
财富趋势,688318.SH,科创板,软件服务,2020-04-27,深圳,沪股通
欧林生物,688319.SH,科创板,生物制药,2021-06-08,四川,沪股通
禾川科技,688320.SH,科创板,电器仪表,2022-04-28,浙江,沪股通
微芯生物,688321.SH,科创板,化学制药,2019-08-12,深圳,沪股通
奥比中光,688322.SH,科创板,元器件,2022-07-07,深圳,沪股通
瑞华泰,688323.SH,科创板,塑料,2021-04-28,深圳,N
赛微微电,688325.SH,科创板,半导体,2022-04-22,广东,沪股通
经纬恒润,688326.SH,科创板,汽车配件,2022-04-19,北京,N
云从科技,688327.SH,科创板,软件服务,2022-05-27,广东,沪股通
深科达,688328.SH,科创板,专用机械,2021-03-09,深圳,N
艾隆科技,688329.SH,科创板,专用机械,2021-03-29,江苏,N
宏力达,688330.SH,科创板,电气设备,2020-10-15,上海,沪股通
荣昌生物,688331.SH,科创板,生物制药,2022-03-31,山东,沪股通
中科蓝讯,688332.SH,科创板,半导体,2022-07-15,深圳,沪股通
铂力特,688333.SH,科创板,机械基件,2019-07-22,陕西,沪股通
西高院,688334.SH,科创板,电气设备,2023-06-19,陕西,沪股通
复洁科技,688335.SH,科创板,环境保护,2020-08-17,上海,N
三生国健,688336.SH,科创板,生物制药,2020-07-22,上海,沪股通
普源精电,688337.SH,科创板,电器仪表,2022-04-08,江苏,沪股通
赛科希德,688338.SH,科创板,医疗保健,2020-08-06,北京,N
亿华通,688339.SH,科创板,汽车配件,2020-08-10,北京,沪股通
云天励飞,688343.SH,科创板,软件服务,2023-04-04,深圳,沪股通
博力威,688345.SH,科创板,电气设备,2021-06-11,广东,N
华虹宏力,688347.SH,科创板,半导体,2023-08-07,上海,沪股通
昱能科技,688348.SH,科创板,电气设备,2022-06-08,浙江,沪股通
三一重能,688349.SH,科创板,电气设备,2022-06-22,北京,沪股通
富淼科技,688350.SH,科创板,化工原料,2021-01-28,江苏,N
微电生理,688351.SH,科创板,医疗保健,2022-08-31,上海,沪股通
颀中科技,688352.SH,科创板,半导体,2023-04-20,安徽,沪股通
华盛锂电,688353.SH,科创板,化工原料,2022-07-13,江苏,沪股通
明志科技,688355.SH,科创板,机械基件,2021-05-12,江苏,N
键凯科技,688356.SH,科创板,化学制药,2020-08-26,北京,沪股通
建龙微纳,688357.SH,科创板,化工原料,2019-12-04,河南,N
祥生医疗,688358.SH,科创板,医疗保健,2019-12-03,江苏,N
三孚新科,688359.SH,科创板,化工原料,2021-05-21,广东,沪股通
德马科技,688360.SH,科创板,机械基件,2020-06-02,浙江,沪股通
中科飞测,688361.SH,科创板,半导体,2023-05-19,深圳,沪股通
甬矽电子,688362.SH,科创板,半导体,2022-11-16,浙江,沪股通
华熙生物,688363.SH,科创板,医疗保健,2019-11-06,山东,沪股通
光云科技,688365.SH,科创板,软件服务,2020-04-29,浙江,沪股通
昊海生科,688366.SH,科创板,医疗保健,2019-10-30,上海,沪股通
工大高科,688367.SH,科创板,运输设备,2021-06-28,安徽,N
晶丰明源,688368.SH,科创板,半导体,2019-10-14,上海,沪股通
致远互联,688369.SH,科创板,软件服务,2019-10-31,北京,N
丛麟科技,688370.SH,科创板,环境保护,2022-08-25,上海,N
菲沃泰,688371.SH,科创板,元器件,2022-08-02,江苏,沪股通
伟测科技,688372.SH,科创板,半导体,2022-10-26,上海,沪股通
盟科药业,688373.SH,科创板,化学制药,2022-08-05,上海,N
国博电子,688375.SH,科创板,元器件,2022-07-22,江苏,沪股通
美埃科技,688376.SH,科创板,专用机械,2022-11-18,江苏,沪股通
迪威尔,688377.SH,科创板,专用机械,2020-07-08,江苏,沪股通
奥来德,688378.SH,科创板,专用机械,2020-09-03,吉林,沪股通
华光新材,688379.SH,科创板,机械基件,2020-08-19,浙江,沪股通
中微半导,688380.SH,科创板,半导体,2022-08-05,深圳,沪股通
帝奥微,688381.SH,科创板,半导体,2022-08-23,江苏,沪股通
益方生物,688382.SH,科创板,生物制药,2022-07-25,上海,沪股通
新益昌,688383.SH,科创板,专用机械,2021-04-28,深圳,沪股通
复旦微电,688385.SH,科创板,半导体,2021-08-04,上海,沪股通
泛亚微透,688386.SH,科创板,化工原料,2020-10-16,江苏,沪股通
信科移动,688387.SH,科创板,通信设备,2022-09-26,湖北,沪股通
嘉元科技,688388.SH,科创板,电气设备,2019-07-22,广东,沪股通
普门科技,688389.SH,科创板,医疗保健,2019-11-05,深圳,沪股通
固德威,688390.SH,科创板,电气设备,2020-09-04,江苏,沪股通
钜泉科技,688391.SH,科创板,半导体,2022-09-13,上海,N
骄成超声,688392.SH,科创板,专用机械,2022-09-27,上海,沪股通
安必平,688393.SH,科创板,医疗保健,2020-08-20,广东,N
正弦电气,688395.SH,科创板,机械基件,2021-04-29,深圳,N
华润微,688396.SH,科创板,半导体,2020-02-27,江苏,沪股通
赛特新材,688398.SH,科创板,矿物制品,2020-02-11,福建,N
硕世生物,688399.SH,科创板,医疗保健,2019-12-05,江苏,沪股通
凌云光,688400.SH,科创板,专用机械,2022-07-06,北京,沪股通
路维光电,688401.SH,科创板,半导体,2022-08-17,深圳,沪股通
汇成股份,688403.SH,科创板,半导体,2022-08-18,安徽,沪股通
中信博,688408.SH,科创板,电气设备,2020-08-28,江苏,沪股通
富创精密,688409.SH,科创板,半导体,2022-10-10,辽宁,沪股通
山外山,688410.SH,科创板,医疗保健,2022-12-26,重庆,沪股通
海博思创,688411.SH,科创板,电气设备,2025-01-27,北京,沪股通
恒烁股份,688416.SH,科创板,半导体,2022-08-29,安徽,沪股通
震有科技,688418.SH,科创板,通信设备,2020-07-22,深圳,沪股通
耐科装备,688419.SH,科创板,半导体,2022-11-07,安徽,N
美腾科技,688420.SH,科创板,专用机械,2022-12-09,天津,N
铁建重工,688425.SH,科创板,工程机械,2021-06-22,湖南,沪股通
康为世纪,688426.SH,科创板,生物制药,2022-10-25,江苏,N
诺诚健华,688428.SH,科创板,生物制药,2022-09-21,北京,沪股通
时创能源,688429.SH,科创板,电气设备,2023-06-29,江苏,沪股通
有研硅,688432.SH,科创板,半导体,2022-11-10,北京,沪股通
华曙高科,688433.SH,科创板,专用机械,2023-04-17,湖南,沪股通
英方软件,688435.SH,科创板,软件服务,2023-01-19,上海,N
振华风光,688439.SH,科创板,元器件,2022-08-26,贵州,沪股通
智翔金泰,688443.SH,科创板,生物制药,2023-06-20,重庆,沪股通
磁谷科技,688448.SH,科创板,专用机械,2022-09-21,江苏,N
联芸科技,688449.SH,科创板,半导体,2024-11-29,浙江,沪股通
光格科技,688450.SH,科创板,电器仪表,2023-07-24,江苏,N
科捷智能,688455.SH,科创板,机械基件,2022-09-15,山东,N
有研粉材,688456.SH,科创板,铜,2021-03-17,北京,沪股通
美芯晟,688458.SH,科创板,半导体,2023-05-22,北京,N
哈铁科技,688459.SH,科创板,运输设备,2022-10-12,黑龙江,N
金科环境,688466.SH,科创板,环境保护,2020-05-08,北京,N
科美诊断,688468.SH,科创板,医疗保健,2021-04-09,北京,N
芯联集成,688469.SH,科创板,半导体,2023-05-10,浙江,沪股通
阿特斯,688472.SH,科创板,电气设备,2023-06-09,江苏,沪股通
萤石网络,688475.SH,科创板,IT设备,2022-12-28,浙江,沪股通
晶升股份,688478.SH,科创板,半导体,2023-04-24,江苏,沪股通
友车科技,688479.SH,科创板,软件服务,2023-05-11,上海,N
赛恩斯,688480.SH,科创板,环境保护,2022-11-25,湖南,沪股通
南芯科技,688484.SH,科创板,半导体,2023-04-07,上海,沪股通
九州一轨,688485.SH,科创板,运输设备,2023-01-18,北京,N
龙迅股份,688486.SH,科创板,半导体,2023-02-21,安徽,沪股通
艾迪药业,688488.SH,科创板,生物制药,2020-07-20,江苏,沪股通
三未信安,688489.SH,科创板,IT设备,2022-12-02,北京,沪股通
*ST清越,688496.SH,科创板,元器件,2022-12-28,江苏,N
源杰科技,688498.SH,科创板,半导体,2022-12-21,陕西,沪股通
利元亨,688499.SH,科创板,专用机械,2021-07-01,广东,沪股通
慧辰股份,688500.SH,科创板,互联网,2020-07-16,北京,N
青达环保,688501.SH,科创板,环境保护,2021-07-16,山东,N
茂莱光学,688502.SH,科创板,元器件,2023-03-09,江苏,沪股通
聚和材料,688503.SH,科创板,电气设备,2022-12-09,江苏,沪股通
复旦张江,688505.SH,科创板,化学制药,2020-06-19,上海,沪股通
百利天恒,688506.SH,科创板,化学制药,2023-01-06,四川,沪股通
索辰科技,688507.SH,科创板,软件服务,2023-04-18,上海,沪股通
芯朋微,688508.SH,科创板,半导体,2020-07-22,江苏,沪股通
正元地信,688509.SH,科创板,软件服务,2021-07-30,北京,N
航亚科技,688510.SH,科创板,航空,2020-12-16,江苏,沪股通
天微电子,688511.SH,科创板,元器件,2021-07-30,四川,N
慧智微,688512.SH,科创板,半导体,2023-05-16,广东,沪股通
苑东生物,688513.SH,科创板,化学制药,2020-09-02,四川,沪股通
裕太微,688515.SH,科创板,半导体,2023-02-10,江苏,沪股通
奥特维,688516.SH,科创板,专用机械,2020-05-21,江苏,沪股通
金冠电气,688517.SH,科创板,电气设备,2021-06-18,河南,N
联赢激光,688518.SH,科创板,专用机械,2020-06-22,深圳,沪股通
南亚新材,688519.SH,科创板,元器件,2020-08-18,上海,沪股通
神州细胞,688520.SH,科创板,生物制药,2020-06-22,北京,沪股通
芯原股份,688521.SH,科创板,半导体,2020-08-18,上海,沪股通
纳睿雷达,688522.SH,科创板,通信设备,2023-03-01,广东,沪股通
航天环宇,688523.SH,科创板,航空,2023-06-02,湖南,沪股通
佰维存储,688525.SH,科创板,半导体,2022-12-30,深圳,沪股通
科前生物,688526.SH,科创板,农业综合,2020-09-22,湖北,沪股通
秦川物联,688528.SH,科创板,电器仪表,2020-07-01,四川,N
豪森智能,688529.SH,科创板,专用机械,2020-11-09,辽宁,N
欧莱新材,688530.SH,科创板,半导体,2024-05-09,广东,N
日联科技,688531.SH,科创板,专用机械,2023-03-31,江苏,沪股通
上声电子,688533.SH,科创板,汽车配件,2021-04-19,江苏,沪股通
华海诚科,688535.SH,科创板,半导体,2023-04-04,江苏,沪股通
思瑞浦,688536.SH,科创板,半导体,2020-09-21,江苏,沪股通
和辉光电,688538.SH,科创板,半导体,2021-05-28,上海,沪股通
高华科技,688539.SH,科创板,电器仪表,2023-04-18,江苏,沪股通
国科军工,688543.SH,科创板,专用机械,2023-06-21,江西,沪股通
兴福电子,688545.SH,科创板,元器件,2025-01-22,湖北,沪股通
广钢气体,688548.SH,科创板,化工原料,2023-08-15,广东,沪股通
中巨芯,688549.SH,科创板,元器件,2023-09-08,浙江,沪股通
瑞联新材,688550.SH,科创板,化工原料,2020-09-02,陕西,沪股通
科威尔,688551.SH,科创板,专用机械,2020-09-10,安徽,N
航天南湖,688552.SH,科创板,通信设备,2023-05-18,湖北,沪股通
汇宇制药,688553.SH,科创板,化学制药,2021-10-26,四川,N
高测股份,688556.SH,科创板,专用机械,2020-08-07,山东,沪股通
兰剑智能,688557.SH,科创板,专用机械,2020-12-02,山东,N
国盛智科,688558.SH,科创板,机床制造,2020-06-30,江苏,N
海目星,688559.SH,科创板,专用机械,2020-09-09,深圳,沪股通
明冠新材,688560.SH,科创板,电气设备,2020-12-24,江西,N
奇安信,688561.SH,科创板,软件服务,2020-07-22,北京,沪股通
航天软件,688562.SH,科创板,软件服务,2023-05-24,北京,沪股通
航材股份,688563.SH,科创板,航空,2023-07-19,北京,沪股通
力源科技,688565.SH,科创板,环境保护,2021-05-13,浙江,N
吉贝尔,688566.SH,科创板,化学制药,2020-05-18,江苏,沪股通
孚能科技,688567.SH,科创板,电气设备,2020-07-17,江西,沪股通
中科星图,688568.SH,科创板,软件服务,2020-07-08,北京,沪股通
铁科轨道,688569.SH,科创板,运输设备,2020-08-31,北京,沪股通
天玛智控,688570.SH,科创板,专用机械,2023-06-05,北京,N
杭华股份,688571.SH,科创板,染料涂料,2020-12-11,浙江,N
信宇人,688573.SH,科创板,专用机械,2023-08-17,深圳,N
亚辉龙,688575.SH,科创板,医疗保健,2021-05-17,深圳,沪股通
西山科技,688576.SH,科创板,医疗保健,2023-06-06,重庆,N
浙海德曼,688577.SH,科创板,机床制造,2020-09-16,浙江,沪股通
艾力斯,688578.SH,科创板,化学制药,2020-12-02,上海,沪股通
地纬智能,688579.SH,科创板,软件服务,2020-07-17,山东,N
伟思医疗,688580.SH,科创板,医疗保健,2020-07-21,江苏,沪股通
安杰思,688581.SH,科创板,医疗保健,2023-05-19,浙江,沪股通
芯动联科,688582.SH,科创板,元器件,2023-06-30,安徽,沪股通
思看科技,688583.SH,科创板,电器仪表,2025-01-15,浙江,沪股通
上海合晶,688584.SH,科创板,半导体,2024-02-08,上海,沪股通
上纬新材,688585.SH,科创板,化工原料,2020-09-28,上海,沪股通
江航装备,688586.SH,科创板,航空,2020-07-31,安徽,沪股通
凌志软件,688588.SH,科创板,软件服务,2020-05-11,江苏,沪股通
力合微,688589.SH,科创板,半导体,2020-07-22,深圳,N
新致软件,688590.SH,科创板,软件服务,2020-12-07,上海,沪股通
泰凌微,688591.SH,科创板,半导体,2023-08-25,上海,沪股通
司南导航,688592.SH,科创板,通信设备,2023-08-16,上海,N
新相微,688593.SH,科创板,半导体,2023-06-01,上海,沪股通
芯海科技,688595.SH,科创板,半导体,2020-09-28,深圳,沪股通
正帆科技,688596.SH,科创板,专用机械,2020-08-20,上海,沪股通
煜邦电力,688597.SH,科创板,电器仪表,2021-06-17,北京,N
金博股份,688598.SH,科创板,矿物制品,2020-05-18,湖南,沪股通
天合光能,688599.SH,科创板,电气设备,2020-06-10,江苏,沪股通
皖仪科技,688600.SH,科创板,电器仪表,2020-07-03,安徽,N
力芯微,688601.SH,科创板,半导体,2021-06-28,江苏,沪股通
康鹏科技,688602.SH,科创板,化工原料,2023-07-20,上海,N
天承科技,688603.SH,科创板,化工原料,2023-07-10,上海,沪股通
先锋精科,688605.SH,科创板,半导体,2024-12-12,江苏,沪股通
奥泰生物,688606.SH,科创板,医疗保健,2021-03-25,浙江,沪股通
康众医疗,688607.SH,科创板,医疗保健,2021-02-01,江苏,N
恒玄科技,688608.SH,科创板,半导体,2020-12-16,上海,沪股通
九联科技,688609.SH,科创板,家用电器,2021-03-23,广东,沪股通
埃科光电,688610.SH,科创板,电器仪表,2023-07-19,安徽,沪股通
杭州柯林,688611.SH,科创板,电气设备,2021-04-12,浙江,沪股通
威迈斯,688612.SH,科创板,汽车配件,2023-07-26,深圳,沪股通
奥精医疗,688613.SH,科创板,医疗保健,2021-05-21,北京,N
合合信息,688615.SH,科创板,软件服务,2024-09-26,上海,沪股通
西力科技,688616.SH,科创板,电器仪表,2021-03-18,浙江,N
惠泰医疗,688617.SH,科创板,医疗保健,2021-01-07,深圳,沪股通
三旺通信,688618.SH,科创板,通信设备,2020-12-30,深圳,N
罗普特,688619.SH,科创板,软件服务,2021-02-23,福建,N
安凯微,688620.SH,科创板,半导体,2023-06-27,广东,N
阳光诺和,688621.SH,科创板,医疗保健,2021-06-21,北京,沪股通
*ST禾信,688622.SH,科创板,电器仪表,2021-09-13,广东,N
双元科技,688623.SH,科创板,专用机械,2023-06-08,浙江,沪股通
呈和科技,688625.SH,科创板,化工原料,2021-06-07,广东,沪股通
翔宇医疗,688626.SH,科创板,医疗保健,2021-03-31,河南,沪股通
精智达,688627.SH,科创板,专用机械,2023-07-18,深圳,沪股通
优利德,688628.SH,科创板,电器仪表,2021-02-01,广东,沪股通
华丰科技,688629.SH,科创板,元器件,2023-06-27,四川,沪股通
芯碁微装,688630.SH,科创板,专用机械,2021-04-01,安徽,沪股通
莱斯信息,688631.SH,科创板,软件服务,2023-06-28,江苏,沪股通
星球石墨,688633.SH,科创板,专用机械,2021-03-24,江苏,N
长进光子,688635.SH,科创板,通信设备,2026-05-27,湖北,N
智明达,688636.SH,科创板,元器件,2021-04-08,四川,沪股通
誉辰智能,688638.SH,科创板,专用机械,2023-07-12,深圳,N
华恒生物,688639.SH,科创板,化学制药,2021-04-22,安徽,沪股通
逸飞激光,688646.SH,科创板,专用机械,2023-07-28,湖北,N
中邮科技,688648.SH,科创板,机床制造,2023-11-13,上海,沪股通
盛邦安全,688651.SH,科创板,软件服务,2023-07-26,北京,N
京仪装备,688652.SH,科创板,半导体,2023-11-29,北京,沪股通
康希通信,688653.SH,科创板,半导体,2023-11-17,上海,沪股通
迅捷兴,688655.SH,科创板,元器件,2021-05-11,深圳,N
浩欧博,688656.SH,科创板,医疗保健,2021-01-13,江苏,沪股通
浩辰软件,688657.SH,科创板,软件服务,2023-10-10,江苏,N
悦康药业,688658.SH,科创板,化学制药,2020-12-24,北京,沪股通
元琛科技,688659.SH,科创板,环境保护,2021-03-31,安徽,N
电气风电,688660.SH,科创板,电气设备,2021-05-19,上海,沪股通
和林微纳,688661.SH,科创板,元器件,2021-03-29,江苏,沪股通
富信科技,688662.SH,科创板,元器件,2021-04-01,广东,沪股通
新风光,688663.SH,科创板,电气设备,2021-04-13,山东,沪股通
四方光电,688665.SH,科创板,电器仪表,2021-02-09,湖北,沪股通
菱电电控,688667.SH,科创板,汽车配件,2021-03-12,湖北,沪股通
鼎通科技,688668.SH,科创板,通信设备,2020-12-21,广东,沪股通
聚石化学,688669.SH,科创板,化工原料,2021-01-25,广东,N
金迪克,688670.SH,科创板,生物制药,2021-08-02,江苏,N
碧兴物联,688671.SH,科创板,环境保护,2023-08-09,深圳,N
金盘科技,688676.SH,科创板,电气设备,2021-03-09,海南,沪股通
海泰新光,688677.SH,科创板,医疗保健,2021-02-26,山东,沪股通
福立旺,688678.SH,科创板,元器件,2020-12-23,江苏,沪股通
通源环境,688679.SH,科创板,环境保护,2020-12-25,安徽,沪股通
海优新材,688680.SH,科创板,塑料,2021-01-22,上海,N
科汇股份,688681.SH,科创板,电气设备,2021-06-16,山东,N
霍莱沃,688682.SH,科创板,软件服务,2021-04-20,上海,沪股通
莱尔科技,688683.SH,科创板,元器件,2021-04-12,广东,沪股通
迈信林,688685.SH,科创板,航空,2021-05-13,江苏,沪股通
奥普特,688686.SH,科创板,电器仪表,2020-12-31,广东,沪股通
凯因科技,688687.SH,科创板,生物制药,2021-02-08,北京,N
银河微电,688689.SH,科创板,半导体,2021-01-27,江苏,N
纳微科技,688690.SH,科创板,化工原料,2021-06-23,江苏,沪股通
灿芯股份,688691.SH,科创板,半导体,2024-04-11,上海,沪股通
达梦数据,688692.SH,科创板,软件服务,2024-06-12,湖北,沪股通
锴威特,688693.SH,科创板,半导体,2023-08-18,江苏,N
中创股份,688695.SH,科创板,软件服务,2024-03-13,山东,N
极米科技,688696.SH,科创板,家用电器,2021-03-03,四川,沪股通
纽威数控,688697.SH,科创板,机床制造,2021-09-17,江苏,沪股通
伟创电气,688698.SH,科创板,电气设备,2020-12-29,江苏,沪股通
明微电子,688699.SH,科创板,半导体,2020-12-18,深圳,沪股通
东威科技,688700.SH,科创板,专用机械,2021-06-15,江苏,沪股通
卓锦股份,688701.SH,科创板,环境保护,2021-09-16,浙江,N
盛科通信,688702.SH,科创板,半导体,2023-09-14,江苏,沪股通
振华新材,688707.SH,科创板,电气设备,2021-09-14,贵州,沪股通
佳驰科技,688708.SH,科创板,化工原料,2024-12-05,四川,沪股通
成都华微,688709.SH,科创板,半导体,2024-02-07,四川,沪股通
益诺思,688710.SH,科创板,生物制药,2024-09-03,上海,沪股通
宏微科技,688711.SH,科创板,半导体,2021-09-01,江苏,沪股通
北芯生命,688712.SH,科创板,医疗保健,2026-02-05,深圳,N
中研股份,688716.SH,科创板,化工原料,2023-09-20,吉林,N
艾罗能源,688717.SH,科创板,电气设备,2024-01-03,浙江,沪股通
唯赛勃,688718.SH,科创板,塑料,2021-07-28,上海,N
爱科赛博,688719.SH,科创板,电气设备,2023-09-28,陕西,沪股通
艾森股份,688720.SH,科创板,半导体,2023-12-06,江苏,沪股通
龙图光罩,688721.SH,科创板,半导体,2024-08-06,深圳,沪股通
同益中,688722.SH,科创板,化纤,2021-10-19,北京,N
拉普拉斯,688726.SH,科创板,专用机械,2024-10-29,深圳,沪股通
恒坤新材,688727.SH,科创板,半导体,2025-11-18,福建,N
格科微,688728.SH,科创板,半导体,2021-08-18,上海,沪股通
屹唐股份,688729.SH,科创板,半导体,2025-07-08,北京,沪股通
壹石通,688733.SH,科创板,矿物制品,2021-08-17,安徽,沪股通
中自科技,688737.SH,科创板,汽车配件,2021-10-22,四川,N
成大生物,688739.SH,科创板,生物制药,2021-10-28,辽宁,沪股通
金天钛业,688750.SH,科创板,小金属,2024-11-20,湖南,沪股通
汉邦科技,688755.SH,科创板,专用机械,2025-05-16,江苏,N
胜科纳米,688757.SH,科创板,电器仪表,2025-03-25,江苏,沪股通
赛分科技,688758.SH,科创板,化工原料,2025-01-10,江苏,沪股通
必贝特,688759.SH,科创板,生物制药,2025-10-28,广东,N
禾元生物,688765.SH,科创板,生物制药,2025-10-28,湖北,N
普冉股份,688766.SH,科创板,半导体,2021-08-23,上海,沪股通
博拓生物,688767.SH,科创板,医疗保健,2021-09-08,浙江,沪股通
容知日新,688768.SH,科创板,电器仪表,2021-07-26,安徽,N
珠海冠宇,688772.SH,科创板,电气设备,2021-10-15,广东,沪股通
影石创新,688775.SH,科创板,IT设备,2025-06-11,深圳,沪股通
国光电气,688776.SH,科创板,元器件,2021-08-31,四川,沪股通
中控技术,688777.SH,科创板,专用机械,2020-11-24,浙江,沪股通
厦钨新能,688778.SH,科创板,电气设备,2021-08-05,福建,沪股通
五矿新能,688779.SH,科创板,电气设备,2021-08-11,湖南,沪股通
视涯科技,688781.SH,科创板,元器件,2026-03-25,安徽,N
西安奕材,688783.SH,科创板,半导体,2025-10-28,陕西,N
恒运昌,688785.SH,科创板,半导体,2026-01-28,深圳,N
悦安新材,688786.SH,科创板,小金属,2021-08-26,江西,N
海天瑞声,688787.SH,科创板,软件服务,2021-08-13,北京,沪股通
科思科技,688788.SH,科创板,通信设备,2020-10-22,深圳,沪股通
宏华数科,688789.SH,科创板,专用机械,2021-07-08,浙江,沪股通
昂瑞微,688790.SH,科创板,半导体,2025-12-16,北京,N
倍轻松,688793.SH,科创板,家用电器,2021-07-15,深圳,N
摩尔线程,688795.SH,科创板,半导体,2025-12-05,北京,N
百奥赛图,688796.SH,科创板,生物制药,2025-12-10,北京,沪股通
臻宝科技,688797.SH,科创板,半导体,2026-06-24,重庆,N
艾为电子,688798.SH,科创板,半导体,2021-08-16,上海,沪股通
华纳药厂,688799.SH,科创板,化学制药,2021-07-13,湖南,沪股通
瑞可达,688800.SH,科创板,元器件,2021-07-22,江苏,沪股通
沐曦股份,688802.SH,科创板,半导体,2025-12-17,上海,N
健信超导,688805.SH,科创板,医疗保健,2025-12-24,浙江,N
泰诺麦博,688806.SH,科创板,生物制药,2026-07-21,广东,N
优迅股份,688807.SH,科创板,半导体,2025-12-19,福建,N
联讯仪器,688808.SH,科创板,电器仪表,2026-04-24,江苏,N
强一股份,688809.SH,科创板,半导体,2025-12-30,江苏,N
有研复材,688811.SH,科创板,小金属,2026-04-10,北京,N
泰金新能,688813.SH,科创板,专用机械,2026-03-31,陕西,N
易思维,688816.SH,科创板,专用机械,2026-02-11,浙江,N
电科蓝天,688818.SH,科创板,航空,2026-02-10,天津,N
天能股份,688819.SH,科创板,电气设备,2021-01-18,浙江,沪股通
盛合晶微,688820.SH,科创板,半导体,2026-04-21,江苏,N
长鑫科技,688825.SH,科创板,半导体,2026-07-27,安徽,N
C频准,688826.SH,科创板,元器件,2026-08-18,上海,N
国仪公司,688828.SH,科创板,电器仪表,2026-08-11,安徽,N
C宇树,688836.SH,科创板,专用机械,2026-08-19,浙江,N
中芯国际,688981.SH,科创板,半导体,2020-07-16,上海,沪股通
