date,attack,defense
2020-01-02,0.0,0.0
2020-01-03,0.0,0.0
2020-01-06,0.0,0.0
2020-01-07,0.0,0.0
2020-01-08,0.0,0.0
2020-01-09,0.0,0.0
2020-01-10,0.0,0.0
2020-01-13,0.0,0.0
2020-01-14,0.0,0.0
2020-01-15,0.0,0.0
2020-01-16,0.0,0.0
2020-01-17,0.0,0.0
2020-01-20,0.0,0.0
2020-01-21,0.0,0.0
2020-01-22,0.0,0.0
2020-01-23,0.0,0.0
2020-02-03,0.0,0.0
2020-02-04,0.05979066748894146,0.0
2020-02-05,0.07469078325321599,0.0
2020-02-06,0.024536927890956184,0.0
2020-02-07,0.0369574849068699,0.0
2020-02-10,0.03192231661871592,0.0
2020-02-11,-0.021605262495105304,0.0
2020-02-12,0.015656950768173417,0.0
2020-02-13,0.006805843117873023,0.0
2020-02-14,-0.010424365555083637,0.0
2020-02-17,0.03941384141686166,0.0
2020-02-18,0.0016632162237935066,0.0
2020-02-19,0.0005639037571487648,0.0
2020-02-20,-0.000793870177609457,0.0
2020-02-21,-0.0020914565160236043,0.0
2020-02-24,-0.0019129011857177414,0.0
2020-02-25,0.0023151129726135533,0.0
2020-02-26,-0.003292505623050057,0.0
2020-02-27,-0.0020320724594367068,0.0
2020-02-28,-0.007870182731310349,0.0
2020-03-02,0.014740313581742992,0.0
2020-03-03,0.00010760252327024489,0.0
2020-03-04,-0.0013277633733574934,0.0
2020-03-05,0.004056345889158042,0.0
2020-03-06,0.00022566689986325272,0.0
2020-03-09,0.002303690183701246,0.0
2020-03-10,0.008101149222073056,0.0
2020-03-11,-0.001081891937584345,0.0
2020-03-12,0.0,0.0
2020-03-13,0.0,0.0
2020-03-16,0.0,0.0
2020-03-17,0.0,0.0
2020-03-18,-0.002719617200662272,0.0
2020-03-19,-0.000802351644627386,0.0
2020-03-20,0.005723255824281681,0.0
2020-03-23,-0.016871939704690808,0.0
2020-03-24,0.0074066237912322475,0.0
2020-03-25,0.013134886018063563,0.0
2020-03-26,-0.010898442231958905,0.0
2020-03-27,-0.004187494986767293,0.0
2020-03-30,-0.015804768262859925,0.0
2020-03-31,-0.008574922183702371,0.0
2020-04-01,0.01774901671279716,0.0
2020-04-02,0.037007854577373545,0.0
2020-04-03,-0.008761524321135417,0.0006550186089600007
2020-04-07,0.020606306823121256,0.003863869093841066
2020-04-08,-0.0014170824073553856,0.00043005553888364467
2020-04-09,-0.0005927884830874142,-0.0004728577376826859
2020-04-10,-0.022225482180119216,-0.0018278146464365541
2020-04-13,-0.02945346248618086,-0.0025851694172583928
2020-04-14,0.03414146186967604,0.0012743360046183483
2020-04-15,0.015437858210124222,0.004616285182742708
2020-04-16,0.009407334442597337,0.013870599760739344
2020-04-17,0.017593754019310515,-0.004391400656680644
2020-04-20,0.017609751972177623,0.013316807292192534
2020-04-21,-0.005427250710911102,0.0032898772417437883
2020-04-22,0.010180192675153021,0.0005236995351443063
2020-04-23,0.012255961517612102,0.009955592227129273
2020-04-24,0.0005172065774927681,0.0006636999916940223
2020-04-27,-0.014280548641314006,-0.002381705595826067
2020-04-28,-0.016150909323289886,-0.003958839334774034
2020-04-29,-0.009705108475348778,-0.002941933816522524
2020-04-30,0.05200799259069666,0.015319737032298608
2020-05-06,0.09578589035564278,0.043353279572544645
2020-05-07,-0.011638599278008477,-0.009487474017970787
2020-05-08,0.007593778213821789,0.004224536344974439
2020-05-11,0.0018741835540831975,0.006426027918567501
2020-05-12,0.0008720302403353308,0.003752311097023675
2020-05-13,0.0033113660599997097,0.0019109911195207552
2020-05-14,-0.007095644883476582,-0.006978791091418635
2020-05-15,0.0066053272453365786,0.006113795864082006
2020-05-18,-0.00468145818265886,0.00486357556704875
2020-05-19,0.010471569525625002,0.0017590264089948349
2020-05-20,0.017166677888765802,0.007471161430925299
2020-05-21,-0.009573972038080969,-0.007321605187177727
2020-05-22,-0.017257968623695774,-0.0060426194902643005
2020-05-25,-0.0105463075145098,0.006491327601598318
2020-05-26,0.04311442514087327,0.011552876980054805
2020-05-27,-0.002254589624730685,0.0034217725098579788
2020-05-28,-0.006839348961638292,-0.005082508835007271
2020-05-29,0.005869231676752795,-0.00022993374435353875
2020-06-01,0.02363828582300309,0.002103234472020654
2020-06-02,0.005545800579368265,-0.001473980571159328
2020-06-03,0.005339166221284941,-0.0015242919316935666
2020-06-04,0.04215286675132157,0.002105127176284416
2020-06-05,0.01959110359622085,-0.0009018697215789073
2020-06-08,-0.017165182356271402,0.0
2020-06-09,-0.008914684465876732,0.0
2020-06-10,0.001800657330400579,0.0017360420747567495
2020-06-11,-0.003529725812867257,-0.0013478913251935287
2020-06-12,-0.00695881104632301,0.00038143994889194843
2020-06-15,-0.0007586878933875107,0.0021704456605498024
2020-06-16,0.05928002706648172,0.004829026077396437
2020-06-17,0.016592266329134686,0.001368930161989912
2020-06-18,-0.020467425633697856,-0.004682903391458382
2020-06-19,-0.004890716221241265,-0.0006721337361321744
2020-06-22,0.019611047023785577,0.0035436749557051783
2020-06-23,0.014400712241172453,0.0002197781241644048
2020-06-24,-0.0015472129671905144,-0.0027608264448156783
2020-06-29,-0.0006101479502595986,-0.0023592360421229586
2020-06-30,0.053953378023120946,0.00900733340883475
2020-07-01,0.01795479816885348,-0.0007835019213749961
2020-07-02,0.006959530328141339,0.0032704484351546714
2020-07-03,-0.006078386337351582,-0.00250520581372482
2020-07-06,0.037606305411751695,0.01133364624861044
2020-07-07,0.021636931165075923,0.0050130732805444556
2020-07-08,0.01823798804471788,0.002620191896224311
2020-07-09,0.04507149671350996,0.005675683771431572
2020-07-10,0.02142792373712621,-0.0023840798493180992
2020-07-13,0.01759670504096067,0.007204845947278882
2020-07-14,0.006606805208781985,0.02312902748294321
2020-07-15,-0.010141106149469503,0.003871697023917209
2020-07-16,-0.011522475364254992,0.0
2020-07-17,-5.0501735131214254e-05,0.0
2020-07-20,0.005655661062925033,0.0
2020-07-21,0.00213126922997553,0.0
2020-07-22,-0.00022267709116319256,0.0
2020-07-23,0.00012145325950885244,0.0
2020-07-24,-0.00395092366789207,0.0
2020-07-27,-0.007983883902180855,0.0
2020-07-28,0.01407730427108711,0.0
2020-07-29,0.03481259080962862,0.0
2020-07-30,-0.006720195446771715,0.0
2020-07-31,-0.0016944036897946768,0.0
2020-08-03,0.041622437920438404,0.0
2020-08-04,-0.012770444596246211,0.0
2020-08-05,0.011330817718983699,0.0
2020-08-06,0.006805925235428223,0.0
2020-08-07,-0.009822038276497636,0.0
2020-08-10,0.0027691003696466154,0.0
2020-08-11,-0.020238610735334506,0.0
2020-08-12,0.0061118748082344965,0.0
2020-08-13,0.0027028013588292765,0.0
2020-08-14,0.005330022478843288,0.0
2020-08-17,0.009224930503793471,0.0
2020-08-18,-0.0002246711043210059,0.0
2020-08-19,-0.007799661640633837,0.0
2020-08-20,-0.01778113086516775,0.0
2020-08-21,-0.0027226262892260378,0.0
2020-08-24,-0.0023610374742566442,0.0
2020-08-25,-0.0036955976441350735,0.0
2020-08-26,-0.00882701515319173,0.0
2020-08-27,0.0008560748128219053,0.0
2020-08-28,0.0014094345036845812,0.0
2020-08-31,0.0038355222785264598,0.0
2020-09-01,-0.0005784034880833566,0.0
2020-09-02,-0.006562630544632686,0.0
2020-09-03,-0.0040335002663961506,0.0
2020-09-04,0.00553117628639388,0.0
2020-09-07,-0.025195039533542518,0.0
2020-09-08,-0.007270098731727015,0.0
2020-09-09,-0.03175097134857541,0.0
2020-09-10,-0.01402231724411851,0.0
2020-09-11,0.036955713077993835,0.0
2020-09-14,0.015297136546001067,0.0
2020-09-15,0.027320928866158445,0.006275009261603515
2020-09-16,-0.002144339854093902,0.0004973021755700913
2020-09-17,0.04163515683340502,0.001656849963475704
2020-09-18,0.032360025911626344,0.002315753093437678
2020-09-21,8.326799248226102e-05,-0.0009043576561059696
2020-09-22,0.0025427285632364516,-0.0027188323405478165
2020-09-23,0.023592169626416304,0.0013813414023955417
2020-09-24,-0.011318456222352391,0.00026463998665371413
2020-09-25,-0.012139472562401443,-0.002080181395888725
2020-09-28,-0.02984467929692669,-0.008304930098281926
2020-09-29,0.02411210338017078,0.0042106321838637495
2020-09-30,0.01302835673478131,0.0010016556404461863
2020-10-09,0.040454155835929706,0.0010536103172511524
2020-10-12,0.02542037741451808,0.009938632335834807
2020-10-13,0.004094031469550785,-0.00264123748433831
2020-10-14,-0.003761338978556461,-0.00545039915948442
2020-10-15,-0.004935925335698643,-0.00011067426873301311
2020-10-16,-0.0010092636909939667,-0.0006656480674680498
2020-10-19,-0.004292408528504765,-0.00035524877330916915
2020-10-20,0.0011913989590697227,0.0011105469370280563
2020-10-21,-0.005825683894056133,-0.0009761971917834344
2020-10-22,-0.00031490651537258163,-0.0011992308757293735
2020-10-23,-0.010117259144553636,-0.002001117928621454
2020-10-26,0.0010171427134528788,0.0003564676321914373
2020-10-27,-0.002833150089406322,-0.0015589901613056734
2020-10-28,0.005612009280433261,-0.0016952607843011558
2020-10-29,-0.006527552543697079,-0.002539600788135976
2020-10-30,-0.017471002361698074,0.0
2020-11-02,-0.011399206374331783,0.0
2020-11-03,0.018626689633260973,0.002894754131076871
2020-11-04,-0.0017487194603699185,0.0022182648510900016
2020-11-05,0.012500382330644655,0.002626163325297304
2020-11-06,-0.018015777833688018,-0.010723779664736033
2020-11-09,0.027630331239695938,0.010099693150623423
2020-11-10,-0.01455289631099721,-0.007019280363369518
2020-11-11,-0.019797591730210007,-0.008101838118284355
2020-11-12,0.00771623922462128,0.004201571553291705
2020-11-13,0.0027511047465478278,0.005115784578504812
2020-11-16,0.0065933537055806735,0.005051213491477746
2020-11-17,-0.01077194576803353,-0.0027593541931189014
2020-11-18,-0.00390325466539454,-0.0026957275842892647
2020-11-19,0.004522272484498435,0.001384391132431828
2020-11-20,-0.003741155790981887,-0.0018857655972012166
2020-11-23,-0.004004913440414537,-0.0017421645307338363
2020-11-24,-0.0057134349410083995,-0.005117904597592204
2020-11-25,-0.013519973771203286,-0.005676800926888603
2020-11-26,-0.005049291060966743,-0.00136242292034916
2020-11-27,-0.003884530366824679,-0.0029267513930281153
2020-11-30,-0.001342460838149262,-0.0006481237530737705
2020-12-01,0.0007849937133848073,0.0
2020-12-02,0.0005880264835118609,0.0
2020-12-03,0.006023594004487931,0.0
2020-12-04,-0.0005390767680676367,0.0
2020-12-07,-0.001238643793967431,0.0
2020-12-08,-0.002637100185641894,0.0
2020-12-09,-0.003039062112753288,0.0
2020-12-10,-0.0013737689811641474,0.0
2020-12-11,-0.014321529807088673,0.0
2020-12-14,0.005664536656002195,0.0
2020-12-15,0.01208586293164493,0.0
2020-12-16,-0.013291992658534646,0.0
2020-12-17,0.019970959892422258,0.0
2020-12-18,-0.0057783149650179055,0.0
2020-12-21,-0.003872340304273081,0.0
2020-12-22,-0.0041697172942325444,0.0
2020-12-23,-0.005324576969913952,0.0
2020-12-24,-0.012281200387463165,-0.00449211920365189
2020-12-25,0.008660448752317418,0.007796403372241079
2020-12-28,-0.00884719749172913,-0.004891958398882568
2020-12-29,0.001397736252195081,-0.0005616949056035381
2020-12-30,-0.01264586770195697,-0.00473038089850597
2020-12-31,0.031015505641654784,0.007331311845797828
2021-01-04,0.00952202114329559,0.0005520439401396349
2021-01-05,0.027662972763198512,0.0029171532051068816
2021-01-06,-0.022247827789226404,-0.006230882945740479
2021-01-07,-0.02121890343541133,-0.011110339523532464
2021-01-08,-0.0005095869016703558,-0.001142580613083366
2021-01-11,-0.004626195083160423,-0.009696830456833117
2021-01-12,0.03079908178088675,0.0009520379414060809
2021-01-13,-0.025795623453677474,-0.011681558504336609
2021-01-14,0.008377787264806758,0.006586789412676763
2021-01-15,0.009119703623469144,0.00418364298153584
2021-01-18,-0.0005218205788170005,0.00830595253373545
2021-01-19,0.016453576976161788,0.0043201744616425675
2021-01-20,0.0049749664461180565,-0.003243829097460682
2021-01-21,0.004974665946110068,0.009896448601365737
2021-01-22,0.00024588212254994524,-0.0040392117782052095
2021-01-25,0.026259559274236288,-0.002659646998106613
2021-01-26,-0.007806945705081669,-0.0005150590464099158
2021-01-27,-0.0010149597686494038,-0.004354374170206121
2021-01-28,-0.018247540569513943,-0.008885043895240363
2021-01-29,-0.0005046330728304405,-0.006901544514422597
2021-02-01,0.013677708089800511,0.004522616433140669
2021-02-02,-0.002255095128106288,-0.0008053984642710788
2021-02-03,-0.00137076814287318,-0.01097982990057611
2021-02-04,-0.009995242815830085,-0.001336545155865121
2021-02-05,-0.017334033321980247,-0.0055506076234600465
2021-02-08,0.0046260826461290705,-0.002670997905926953
2021-02-09,0.011766633863677045,6.940140821765084e-05
2021-02-10,-0.011795696839209224,0.0015961216159137148
2021-02-18,0.018808966316538056,-6.518095985064143e-06
2021-02-19,0.015613369796083187,0.0026572016449057934
2021-02-22,0.024481023291995196,0.0045229391127221685
2021-02-23,-0.0028615243369978227,-0.0014422308123929195
2021-02-24,-0.0018523401262476868,0.0004227260038023317
2021-02-25,-0.018756141662894632,-0.0047184457660705
2021-02-26,-0.00742598354422952,-0.0008844804187959632
2021-03-01,0.035775772593499955,0.005178656297259554
2021-03-02,-0.012943108919643342,-0.004365460059389981
2021-03-03,0.007185068279162099,-0.00011224997865988406
2021-03-04,-0.02188910085028184,-0.004332468328521744
2021-03-05,-0.004951947926160383,-0.002072186846412305
2021-03-08,-0.011465082082572353,-0.004273717609484029
2021-03-09,-0.03762045197650932,-0.008525338910285396
2021-03-10,0.001513178971843665,-0.003763322944301817
2021-03-11,0.026818333865323174,0.0014541851101754766
2021-03-12,-0.00873991437907562,9.925785527498121e-05
2021-03-15,-0.03273809606598055,-0.0039037548291505075
2021-03-16,-0.0046785505347620715,0.0019595269272802973
2021-03-17,0.013107339748382962,-0.0009944210292570643
2021-03-18,0.020578140978137816,0.007067417296106937
2021-03-19,-0.005554021804042408,-0.0046455987826581335
2021-03-22,0.003367126282741273,0.0002648102750664183
2021-03-23,-0.016568745940733653,-0.005063155734982061
2021-03-24,-0.009934612088351336,-0.0009408559173285092
2021-03-25,0.00481834787265778,0.0
2021-03-26,0.025975566441004405,0.0
2021-03-29,-0.007788924923707419,0.0
2021-03-30,0.033714689226429506,0.0
2021-03-31,-0.029361599351123036,0.0
2021-04-01,0.03734632055126719,0.0
2021-04-02,0.029729699216759053,0.0
2021-04-06,0.00930027326428684,-0.00011318463567355774
2021-04-07,-0.008691481571793114,-0.0012524954634169916
2021-04-08,0.009103894679796332,-0.0033050832953623877
2021-04-09,-0.0050683849399869585,0.0007567026394770249
2021-04-12,-0.03653625038061603,-0.006725222391166574
2021-04-13,-0.005750085101137059,-0.00599998449414918
2021-04-14,0.03283696835219341,0.011781157496596695
2021-04-15,-0.00033478637326456173,0.004210815146638458
2021-04-16,0.006235009446856399,0.004312875411669914
2021-04-19,0.030603941871995666,0.006649568617693724
2021-04-20,-0.0006814157827769174,-0.004504394661956956
2021-04-21,0.006186152039443948,-0.00016051619553958396
2021-04-22,0.010964167803248825,0.0025173775724933733
2021-04-23,0.0019185406199015986,-0.0024338627516881095
2021-04-26,0.001274880755170571,0.003226738675859986
2021-04-27,-0.0009472681842739306,-0.0031412552298785146
2021-04-28,-0.0030833423413927363,0.0031980105307667372
2021-04-29,-0.013424818469321642,-0.003590257688660281
2021-04-30,0.01583246551456674,0.012364560930483215
2021-05-06,-0.00982116075675088,-0.010460805036442422
2021-05-07,-0.030073132955253823,-0.009233715201849124
2021-05-10,-0.0079381544369731,0.002266592067169171
2021-05-11,0.003208283893737063,-0.0018463422933087115
2021-05-12,0.013773814184842692,0.007060502656113021
2021-05-13,0.003947523403261988,-0.0012653951455976475
2021-05-14,0.00883705914003019,0.002837581841316661
2021-05-17,0.025218787131072062,0.008675761559147066
2021-05-18,0.032153734742259354,0.022334662343629574
2021-05-19,0.016334200595425008,0.013797746709483194
2021-05-20,0.006847833306986795,5.3927428907085684e-05
2021-05-21,-0.004837147068033842,0.0005808318204547636
2021-05-24,0.0033080481609804036,-0.0003303017509874717
2021-05-25,0.03006368037151419,0.01194447683647648
2021-05-26,0.0022791158773789455,0.0009402841205847778
2021-05-27,0.020611135647351286,0.012643609237523057
2021-05-28,-0.008549999097016592,0.001175444675342252
2021-05-31,0.026122393437239433,0.01628102716787838
2021-06-01,0.003545011254494801,-0.0003245235578633876
2021-06-02,-0.000634406807310306,-0.003828202663133773
2021-06-03,-0.00861992040911641,-0.0058675422542507905
2021-06-04,-0.003714665572829068,0.0005434883034241
2021-06-07,0.003395267327568119,0.00011352240677564573
2021-06-08,-0.004370267577793019,0.00018627765302725585
2021-06-09,-0.0002627957422720595,-0.0027442818437245498
2021-06-10,0.031497599059224335,0.006733606953304383
2021-06-11,-0.00713554307864861,0.003733779189253106
2021-06-15,0.010096957464363454,0.000661639803547942
2021-06-16,-0.006665729930973141,-0.0016952212292562496
2021-06-17,0.0055454957182503595,0.0016477271870218857
2021-06-18,0.01191742009403729,-0.0009330102307467669
2021-06-21,0.009571524338805482,0.002454305065888951
2021-06-22,-0.015845668140040403,-0.0011774315787963507
2021-06-23,0.0022933448102835374,-0.0021968909947716053
2021-06-24,-0.008819297141564708,-0.0011277143164067915
2021-06-25,0.01729697663506391,0.001344032728290978
2021-06-28,0.011680654442715932,0.00026844574578999136
2021-06-29,-0.00968772293575626,0.0
2021-06-30,0.011609898262954443,0.0013418685100574645
2021-07-01,-0.02001651783280023,-0.004020210935713808
2021-07-02,-0.014110534463662616,-0.0020989478998717503
2021-07-05,0.010204651437003553,0.0022651598832106323
2021-07-06,0.0027481665651598597,-0.0015605041755230031
2021-07-07,0.01857794769887855,0.0044762618692937295
2021-07-08,0.03481279375144197,0.019961334891685167
2021-07-09,0.009423032269425535,0.011545436517916619
2021-07-12,0.044861046596681664,0.0012858541918434607
2021-07-13,0.004711925700392916,-0.005362922229614653
2021-07-14,0.0035491909846461223,-0.006396364203653748
2021-07-15,-0.0020648152325882796,-0.000877757496665299
2021-07-16,-0.003089581442168754,0.0073171902487871865
2021-07-19,0.007041565949440498,-0.0017794331841510802
2021-07-20,0.0023968412625510194,0.0006548032157291939
2021-07-21,0.005746462947350706,0.002844013245496546
2021-07-22,0.015710363883875145,0.019450084280201674
2021-07-23,-0.002491334957734681,0.006977089351056787
2021-07-26,-0.002558152583826523,0.0023079030814860957
2021-07-27,0.003425256969303625,0.0
2021-07-28,-0.0095689128031613,0.0
2021-07-29,0.010744614359034399,0.0
2021-07-30,-0.00277613643729524,0.0
2021-08-02,0.01162563757422963,0.0
2021-08-03,0.005444141401331759,0.0
2021-08-04,0.00019304124604446748,0.0
2021-08-05,-0.002773011560763705,0.0
2021-08-06,-0.01045122756733985,0.0
2021-08-09,0.004627054178029333,0.0
2021-08-10,0.005012135703169607,0.0
2021-08-11,0.0008111822612242303,0.0
2021-08-12,0.008523508528137658,0.0
2021-08-13,0.007251413578335919,0.0
2021-08-16,-0.004153147089735798,0.0
2021-08-17,-0.029217279390406525,-0.0015295912314433613
2021-08-18,0.01213259525844701,-0.0005357037759528005
2021-08-19,0.0028543532296552154,-0.0014548324654021227
2021-08-20,-0.013451840633860623,-0.0029905858619654335
2021-08-23,0.05613053549857616,0.001538233996208449
2021-08-24,0.016249585874447137,0.00038396786662597826
2021-08-25,0.02682237946156696,-7.67640983780904e-05
2021-08-26,-0.01764335595390465,-0.001612169822703735
2021-08-27,-0.012591583690247043,-0.0026143945609649055
2021-08-30,-0.008200646203355477,-0.0008910791051627287
2021-08-31,-0.016785153116252505,0.011487809541966154
2021-09-01,0.005152962610103229,-0.004278094709506686
2021-09-02,-0.013782420091222547,-0.0004663148922269267
2021-09-03,-0.0014004230122879324,-0.0026936655015844524
2021-09-06,0.01806321904250674,0.0029143124411907806
2021-09-07,0.0038992361104257522,-0.0009086733226540966
2021-09-08,-0.013560210479333423,-0.003939949855734093
2021-09-09,0.005440370414103501,0.0013916801640407872
2021-09-10,-0.013933372890682305,-0.0017735683738661079
2021-09-13,-0.021936674623488583,-0.006579056695486751
2021-09-14,0.010394391302908979,0.002892956020322357
2021-09-15,-0.011151494909315551,-0.003715747435769301
2021-09-16,-0.02223647374413873,-0.001087067243238371
2021-09-17,0.0074395962617832545,-0.005790342322878672
2021-09-22,-0.01198397925841177,-0.005114114952853632
2021-09-23,-0.013700395815473776,-0.0009294139288971159
2021-09-24,0.003804796976665692,-0.003462703464615746
2021-09-27,0.003322494702689527,-0.0003919485834567027
2021-09-28,-0.02171580891456537,0.0
2021-09-29,-0.02383362110876963,0.0
2021-09-30,0.02144861750960647,0.0
2021-10-08,-0.0025632684041383413,0.0
2021-10-11,-0.002542241188429384,0.0
2021-10-12,-0.012439545410670605,0.0
2021-10-13,0.013875547778616548,0.0
2021-10-14,0.013637829714013172,0.0
2021-10-15,-0.0045359445829445955,0.0
2021-10-18,-0.0012753149734026081,0.0
2021-10-19,-0.0013915523905609906,0.0
2021-10-20,0.004327197654193871,0.0
2021-10-21,0.0007780667338406211,0.0
2021-10-22,-0.0017454329279290581,0.0
2021-10-25,0.04466016148906826,0.0
2021-10-26,0.0060962192374156565,0.0
2021-10-27,-0.013465414248040819,0.0
2021-10-28,-0.03242972887430884,-0.0038926876192746374
2021-10-29,0.03869090541544096,0.011497184794716286
2021-11-01,0.017535491050620466,0.005746978469836739
2021-11-02,-0.014790581091406074,-0.009390573765136523
2021-11-03,0.007461722086694156,-0.003454620880657844
2021-11-04,0.0510577586643266,0.04905330082119619
2021-11-05,-0.00016592493409750553,0.01149603274196287
2021-11-08,-0.009515192598131605,0.0035125139012253115
2021-11-09,0.01549729525500032,0.040934762577713224
2021-11-10,0.013530471462543936,0.00855945441429129
2021-11-11,0.019725315562145518,0.014236066899329769
2021-11-12,0.02956021747312776,0.028134619627486313
2021-11-15,0.014060631228224096,0.007252583359710796
2021-11-16,-0.005744029618977575,-0.007668625375902294
2021-11-17,0.013462339335625684,0.007526612702907887
2021-11-18,0.006065458136401913,-0.0008769497722843633
2021-11-19,0.006248696582828783,0.010722283389875908
2021-11-22,0.016577673742938392,0.012665481309455329
2021-11-23,0.011908360440893162,0.010408515457821288
2021-11-24,0.010302379108719117,0.0013276507503943158
2021-11-25,0.021707714782635223,0.008053421138022987
2021-11-26,0.002150597221137973,-0.004382153176307191
2021-11-29,0.0011589522979422728,0.0008239509154204239
2021-11-30,0.001093092698048137,-0.0003595140986953904
2021-12-01,-0.0015345501909592718,0.0022622724590868337
2021-12-02,-0.012341623650841682,-0.0013722535457143525
2021-12-03,0.012234167790763362,0.002268053152591598
2021-12-06,-0.006060791933043319,0.0026997456810322618
2021-12-07,-0.020765767560028126,-0.0010801115979611753
2021-12-08,0.017409578974686424,0.008118088674414548
2021-12-09,0.005006127407518379,0.0012433504011681862
2021-12-10,-0.004625292412499649,-0.0038254259862295914
2021-12-13,-0.002907355226217656,0.0029598447013574614
2021-12-14,0.007278315380531808,0.00036711017010238045
2021-12-15,0.0033889043662107543,-0.010720344623405098
2021-12-16,0.006846674239679329,-0.002157427018848579
2021-12-17,-0.008331913954878534,-0.004174798459518736
2021-12-20,0.007396587841519198,0.01711477804165784
2021-12-21,0.016550396491502806,0.015876072946528375
2021-12-22,0.02022192346093532,0.0007915782298866247
2021-12-23,-0.0011369426876005617,0.0
2021-12-24,-0.008172599433688532,0.0
2021-12-27,0.004473356140975104,0.0
2021-12-28,0.015133629734737974,0.0
2021-12-29,-0.001980774435399457,0.0
2021-12-30,0.024273475008480982,0.0
2021-12-31,0.00900241331248508,0.0
2022-01-04,-0.019397983339921265,0.0
2022-01-05,-0.007842764810573666,-0.001956389338579889
2022-01-06,-0.010756780124209775,-0.004849870382550581
2022-01-07,-0.006452311678818878,-0.0013245742043401787
2022-01-10,0.026492520885847526,0.0006380096075477848
2022-01-11,-0.00485555276975691,0.0
2022-01-12,0.017208816016349493,0.004324715528712275
2022-01-13,-0.018049120637886107,-0.005899574845237954
2022-01-14,0.022980508232195218,0.006308028891012452
2022-01-17,0.016551728776104113,0.005991278676929612
2022-01-18,-0.017889976761597648,-0.00036889145816298985
2022-01-19,-0.008984862951735395,-0.0041393335617787574
2022-01-20,-0.02212415166350179,-0.010374736459636824
2022-01-21,-0.01739724327124237,-0.007149131783524276
2022-01-24,0.016019794313689495,0.007223263162331017
2022-01-25,-0.024098722009369133,-0.002233093060732716
2022-01-26,-0.0002556506341706566,-0.0023466044254938367
2022-01-27,-0.03818993627142231,-0.004255576821179496
2022-01-28,-0.009833990712582286,0.0006599529309507801
2022-02-07,-0.002962406063235834,0.0008096148075711351
2022-02-08,-0.012760915616394586,-0.005689987341762626
2022-02-09,0.013994861675112436,0.003144659278463635
2022-02-10,-0.02807245892257615,-0.004857119605107596
2022-02-11,-0.027244734318146446,-0.0026338816631898965
2022-02-14,0.010878675234755386,0.0
2022-02-15,0.019557500784882276,0.0
2022-02-16,0.016723570552315214,0.0
2022-02-17,0.003209996176391172,0.0
2022-02-18,0.006875062269015464,0.0
2022-02-21,0.004671557122968961,0.0
2022-02-22,-0.027559847958850026,0.0
2022-02-23,0.04187705742875525,0.0
2022-02-24,-0.01060731052308106,0.00350709918761849
2022-02-25,0.04211019628202828,0.006339373244752977
2022-02-28,0.004502452980513105,0.0067153266210295826
2022-03-01,-0.0017996716488251074,8.266663726064216e-05
2022-03-02,0.00515746461349087,-0.005667929619016965
2022-03-03,-0.005725052534848563,-0.015293860461004338
2022-03-04,0.0010601388835205228,-0.007635688192707546
2022-03-07,-0.008277563871439964,-0.01235260671151317
2022-03-08,-0.045738621896928344,-0.002362486040869638
2022-03-09,-0.022730780841116016,-0.008628501643560549
2022-03-10,0.056367615723118325,0.01235794109673427
2022-03-11,0.06097963525728134,0.0002653947531350287
2022-03-14,-0.018935521798350896,-0.0040485695487335605
2022-03-15,-0.02097645237346668,-0.008825080963297371
2022-03-16,0.009962168693296913,0.01259514577624099
2022-03-17,0.02791326189200949,0.015298124302599136
2022-03-18,-0.012067652481812075,-0.015153261030234177
2022-03-21,0.024418752131067256,0.023678415699029953
2022-03-22,-0.020253718132812515,-0.01332156710129706
2022-03-23,0.024073983046773773,0.015108820145761204
2022-03-24,-0.0003177651297877615,-0.012160130246724354
2022-03-25,-0.026129419455793612,-0.03047611668042438
2022-03-28,-0.011738483874705219,-0.011848514363404061
2022-03-29,-0.007339054327621275,-0.005827355039751958
2022-03-30,0.03313762431965461,0.04044020479107435
2022-03-31,-0.013125219182879233,-0.006199325205428652
2022-04-01,0.004753919611801827,0.0008940192395425761
2022-04-06,-0.017519729872858214,-0.016811492998232147
2022-04-07,-0.01620324930656991,-0.01813028637211911
2022-04-08,2.748166792532203e-05,-0.008582932570309731
2022-04-11,-0.049384719690270584,-0.0293162802958441
2022-04-12,0.014031776421677744,-0.0009346116421393713
2022-04-13,-0.026636090376239374,-0.010775700805422006
2022-04-14,0.019112741865716654,0.004285752827151823
2022-04-15,0.022032168793232776,0.007012682444841323
2022-04-18,0.029687716152577925,0.005164419380637941
2022-04-19,-0.022547151820632272,-0.009109697180815224
2022-04-20,-0.02321255243073095,0.000544515927836775
2022-04-21,-0.031723134147563004,-0.002086870838485133
2022-04-22,-0.02019331795040402,-0.0043459558628022865
2022-04-25,-0.05727514757846175,-0.010578801007550709
2022-04-26,-0.03684362325045665,-0.0031028350746894473
2022-04-27,0.06313757917423879,0.0
2022-04-28,-0.013054377470600786,-0.0019190508426715214
2022-04-29,0.05119656300995956,0.023459808426311568
2022-05-05,0.01882470743669651,0.018171488292263227
2022-05-06,-0.0132677832734025,-0.012310173168605387
2022-05-09,0.0109313375489144,0.010612203109347629
2022-05-10,0.07270293621684942,0.06418134322548696
2022-05-11,0.034408111793712726,0.04068461714876115
2022-05-12,0.0006461683297032117,0.006364286571401534
2022-05-13,-0.005562217376068435,-0.0019084188173483785
2022-05-16,-0.002567986328252836,0.0036664004657644966
2022-05-17,0.03215270209697474,0.038424071010394245
2022-05-18,0.019938029491756604,0.0015844322261484578
2022-05-19,0.020785748068096188,0.01988183498985041
2022-05-20,0.010396406443577755,0.006336330049432792
2022-05-23,0.00658141041050575,0.008258590121070108
2022-05-24,-0.055357311947680676,-0.04163197502434801
2022-05-25,0.005324278076291211,0.0005716910981177215
2022-05-26,-0.0002694896866147767,-0.004674155575117966
2022-05-27,-0.0070197209725118,-0.009320912425933026
2022-05-30,0.015911665912614614,0.01291837567463694
2022-05-31,0.04518243121229082,0.024924511265410842
2022-06-01,0.025847301800900446,0.017835711766732043
2022-06-02,0.06493985611061848,0.04898068540568756
2022-06-06,0.03529696093297252,0.02761753536770639
2022-06-07,-0.025375006470718442,-0.007863775078672752
2022-06-08,-0.009754150662590111,-0.0037749150761389183
2022-06-09,-0.024115390694065764,-0.009807421293983487
2022-06-10,0.020755879852009995,0.006007933830265433
2022-06-13,0.0013661474022392817,-0.005271163451452399
2022-06-14,-0.01790137053854235,-0.004553562002968303
2022-06-15,0.003239019016094913,0.005575201129265572
2022-06-16,0.03955311860730548,0.019653748588181363
2022-06-17,0.005093084819482785,-0.003672162965464687
2022-06-20,0.02610550708511883,0.010522071262934807
2022-06-21,-0.008533896935098317,0.002574302422248431
2022-06-22,-0.014182260488283305,-0.009123968933495097
2022-06-23,0.018830162481722867,0.0009076827517937591
2022-06-24,0.00105311562564947,0.003280691753874354
2022-06-27,0.000575505721546854,-0.0011405127720596209
2022-06-28,0.015814832467653694,0.012848270867703127
2022-06-29,-0.006934911531793597,0.004927106162733397
2022-06-30,0.009303335359623466,0.00873105403296126
2022-07-01,-0.01508208543670797,-0.004553568306645661
2022-07-04,0.023404304186760427,-0.004241395977518936
2022-07-05,-0.003931661886184545,-0.0011616714661891736
2022-07-06,0.00037452957741268555,-0.00091632077038728
2022-07-07,-0.00639791287580993,-0.005467691675217878
2022-07-08,0.0025991271174949926,-0.00011475674167427119
2022-07-11,-0.004637236393006394,0.0
2022-07-12,-0.0034025073327736965,0.0
2022-07-13,-0.0007959313545495839,0.0
2022-07-14,0.001497519581402651,0.0
2022-07-15,-0.0002861338979188721,0.0
2022-07-18,-0.0006278281932016183,0.0
2022-07-19,0.00012933994892549983,0.0
2022-07-20,0.001080772643228478,0.0
2022-07-21,0.0008120112261567058,0.0
2022-07-22,0.00023338361353930637,0.0
2022-07-25,0.0,0.0
2022-07-26,0.0,0.0
2022-07-27,0.0,0.0
2022-07-28,0.0,0.0
2022-07-29,0.0,0.0
2022-08-01,0.0011260700956370329,0.0
2022-08-02,-0.0032523231605073866,0.0
2022-08-03,0.001903378913620024,0.0
2022-08-04,0.0026325286522044244,0.0
2022-08-05,0.0038166180041703246,0.0
2022-08-08,0.0011103761422575076,0.00019348477181702073
2022-08-09,0.00013627329958021406,0.00010939783654606572
2022-08-10,0.0043388980324050586,-0.000724681388541426
2022-08-11,0.0040294632506394645,0.004187043799008583
2022-08-12,-0.0022482970475629083,0.0005859221540864823
2022-08-15,0.0007744821788582268,-0.0019610089127929387
2022-08-16,0.0026821540332666594,0.00143271189303662
2022-08-17,-0.00152011793624518,2.725070793019313e-05
2022-08-18,0.006045904265178814,-0.0020709973665512527
2022-08-19,-0.0019412537165666155,0.0006826629268577022
2022-08-22,0.009056023893650123,0.00027287888644367264
2022-08-23,-0.00590541478341311,-0.001977832218064246
2022-08-24,-0.022823742143091574,-0.0028427887754872705
2022-08-25,-0.0023355234233921607,0.0023985880817287697
2022-08-26,-0.015204056462931437,-0.000601630511061213
2022-08-29,-0.0022878960894158196,-0.0027500120530502548
2022-08-30,-0.005164447916151671,-0.00023322946793680188
2022-08-31,-0.02188128999525929,-0.0015232064884614926
2022-09-01,-0.017418109841713658,-0.0017591699441456
2022-09-02,0.021138436580318,0.0006333158088134283
2022-09-05,-0.013785693328807191,-0.0023803106621651526
2022-09-06,0.0016089051084762218,0.00029903213124105044
2022-09-07,0.036772055513028645,0.0
2022-09-08,-0.02677107813884627,0.0
2022-09-09,-0.005983403314887448,0.0
2022-09-13,0.003987098976285575,0.0
2022-09-14,-0.0023456665833840873,0.0
2022-09-15,-0.04198760227706155,0.0
2022-09-16,-0.0046700158299054495,0.0
2022-09-19,-0.014922592628345499,-0.0006450095164399761
2022-09-20,0.014469318516775909,0.00019683858667285392
2022-09-21,-0.011694865070932314,0.0011217591385519476
2022-09-22,0.009342574977821538,0.005268326156671943
2022-09-23,-0.026762671550640937,0.00260080326504597
2022-09-26,0.028921805389522603,0.0005851255565598734
2022-09-27,0.023286692520225527,0.0005068122668754338
2022-09-28,-0.014779348551577254,-0.004286239170356532
2022-09-29,0.02081705765394859,0.0035528996683173997
2022-09-30,-0.02710890837927049,-0.0019774593632844173
2022-10-10,-0.03353149335245231,-0.006451960623076625
2022-10-11,-0.007101143329166004,-0.004808973770546898
2022-10-12,0.033009526743326134,0.0016262637874440156
2022-10-13,0.001754588141232416,0.0027985022946293014
2022-10-14,0.05345680499956851,0.01824141464508977
2022-10-17,0.025327374299265237,0.004600977703242748
2022-10-18,0.0049266898089488365,-0.003378703060588295
2022-10-19,-0.008387911071392695,-0.004429638497020716
2022-10-20,0.04523027796823054,0.032228730870290434
2022-10-21,-0.009311005863766875,-0.007876228890598469
2022-10-24,-0.009460581400739243,-0.0077572207099289026
2022-10-25,0.014083233754794033,0.0010134766007736662
2022-10-26,0.03609626211815775,0.024423864363032788
2022-10-27,-0.003242463109161209,-0.009908946653784834
2022-10-28,-0.01334119134347378,-0.012882131983218525
2022-10-31,0.0003781886165108439,0.016107108797094316
2022-11-01,0.023938089037626842,0.009479119958172078
2022-11-02,0.04839796883380121,0.03227938174130429
2022-11-03,0.02882060598381453,0.036144811725576265
2022-11-04,0.032275454906978585,0.020875107692059913
2022-11-07,0.005539508243224356,0.007711163381535435
2022-11-08,-0.0030293287548717185,0.007680109218658915
2022-11-09,-0.01127338231217856,-0.014570865420907242
2022-11-10,-0.02128177676231291,-0.01554125848886001
2022-11-11,0.012032012719581209,0.012360258587604589
2022-11-14,-0.00460857268158632,0.010806292943347007
2022-11-15,0.06244818888338166,0.054092699041313086
2022-11-16,-0.008170240875006285,0.002805416320613263
2022-11-17,-0.0016615791884472264,0.00042154428180096737
2022-11-18,-0.01125602788709279,-0.006892894685373685
2022-11-21,0.019661789425346132,0.004539442433578067
2022-11-22,-0.018411955608226394,-0.007310083735693862
2022-11-23,-0.00042300721119137297,-0.0019900541157735763
2022-11-24,0.01079934270055749,-0.000866595869492115
2022-11-25,-0.021920182499090113,-0.006767095536555745
2022-11-28,-0.013482323929287832,-0.009218292603610512
2022-11-29,0.009446617323721096,0.007047600697845269
2022-11-30,-0.0037284207039488537,-0.0031706956612832515
2022-12-01,0.011789005413285425,0.009573473547667799
2022-12-02,0.014899767393702579,0.0010611852966642132
2022-12-05,0.00013570688222852567,0.0015072413949566155
2022-12-06,0.0042034224251750185,-0.0003762432593241716
2022-12-07,0.009387734752443144,0.0
2022-12-08,0.006635011870092855,0.0007527697431901625
2022-12-09,-0.0001913439176988163,0.0003761017535746092
2022-12-12,-0.008343724995158008,-0.0003759603542260459
2022-12-13,-0.008559163428015992,-0.0003761017535746092
2022-12-14,0.00382710332759828,0.0
2022-12-15,0.005984848350794492,-0.0003762432593241716
2022-12-16,-0.014459653878617473,0.0007527697431901625
2022-12-19,-0.013573715070516856,-0.0011283052607238275
2022-12-20,-0.0010636798203788045,0.0003765265905073534
2022-12-21,-0.010572663101981794,-0.0011291546147849107
2022-12-22,-0.01433092966205285,-0.0007536206974784188
2022-12-23,-0.0038983655802352635,-0.0007088483845356652
2022-12-26,0.06059520308201449,0.0
2022-12-27,0.03749551697674791,0.0
2022-12-28,0.01334269962882284,0.0
2022-12-29,-0.0074490382553535905,0.0
2022-12-30,-0.01303450863124156,0.0
2023-01-03,0.04582101542216099,0.0
2023-01-04,-0.008659231778158416,0.0
2023-01-05,0.018982755096170978,0.0
2023-01-06,0.01274228074653072,0.0
2023-01-09,0.005704838055710315,0.0
2023-01-10,0.004033133672623368,0.0
2023-01-11,-0.002523170707513289,0.0
2023-01-12,0.0037617315858140543,-0.00021391326976594183
2023-01-13,0.0013652994730943835,-0.0014426625550546524
2023-01-16,0.024674356514145623,0.006190875050434919
2023-01-17,0.020109995647419776,0.002063207680104595
2023-01-18,-0.0022216220340526283,0.006618335258933072
2023-01-19,0.01681718189558623,0.007594628672146442
2023-01-20,-0.0021797025072043397,0.00209229699668545
2023-01-30,0.010439858578516592,0.003033356171811663
2023-01-31,-0.002600487086144243,-0.004161403007092446
2023-02-01,0.03531626084385109,0.010121306201432922
2023-02-02,0.013837100357029453,0.00911546051515466
2023-02-03,0.0033883336545208476,0.006189631251474426
2023-02-06,-0.0033431344684761166,-0.003553835319242138
2023-02-07,0.005191607125053954,0.0012839246430802476
2023-02-08,-0.004581673323830082,-0.00031452790783459417
2023-02-09,0.0068424363375962916,-0.002268291040425585
2023-02-10,-0.008358895033909186,-0.0027788558311004907
2023-02-13,0.009346065967333006,0.00010902562546744043
2023-02-14,-0.002330444955638611,0.0008187043214260559
2023-02-15,-0.004781998864356374,-0.0011643189333337967
2023-02-16,-0.008555740293591185,-0.001188000932659361
2023-02-17,-0.015999856922316757,2.4779457448831366e-05
2023-02-20,0.012207995796969628,0.0003964614950828782
2023-02-21,-0.005498581615136833,0.00014861414087130598
2023-02-22,-0.0013457569774651956,0.0022784115558542872
2023-02-23,-0.0024164382288252018,-0.0011860341899198046
2023-02-24,0.0005233748191597609,-0.0004947677239033332
2023-02-27,-0.006776686545765576,-0.0009652746483520547
2023-02-28,0.005103252099859734,-2.4774546250383445e-05
2023-03-01,0.008852209140419509,-0.002427965684292044
2023-03-02,-0.0028863663127977057,0.00043363056585787874
2023-03-03,0.010583123669377192,0.0
2023-03-06,-0.0003393430321875224,0.0
2023-03-07,-0.022485925708020216,0.0
2023-03-08,0.008538955541427917,-0.002146104931979864
2023-03-09,0.017388712285776764,-0.0003048968425281018
2023-03-10,-0.0003193362783688869,-0.0014213818567972991
2023-03-13,0.008746149836330597,0.003163132178356509
2023-03-14,0.023365892474363603,0.001443641015556496
2023-03-15,-0.0062969481812005235,-0.0012440122281920374
2023-03-16,-0.009214944636360967,-0.0017831856296547377
2023-03-17,0.01944707773876808,0.0011587889444168997
2023-03-20,0.010547383058533866,0.0006178856179210879
2023-03-21,-0.001323151003184031,-0.0016448270700795131
2023-03-22,0.010988555601320726,0.0018315273116549236
2023-03-23,0.04401529483857658,0.014442369655762288
2023-03-24,-0.008948514182743228,-0.00042468761009761824
2023-03-27,0.004983501665979828,-0.0030221226692052072
2023-03-28,-0.009842695513964661,-0.003196089962769544
2023-03-29,-0.0009490432847869545,0.0009319386190902446
2023-03-30,0.009049210694680232,-0.0012586699448993155
2023-03-31,0.0028622227073524797,0.0013379432169933203
2023-04-03,0.029847253495852266,0.0048963634421450575
2023-04-04,0.0033397599024174163,0.003178280685660839
2023-04-06,0.02972022077700842,0.0015477138861010875
2023-04-07,0.010292170331342776,0.0
2023-04-10,-0.007880475516233498,-0.0018963785355857743
2023-04-11,-0.0020009587677634055,0.002320283330687678
2023-04-12,0.017314564592438852,0.00184786841376261
2023-04-13,-0.011563607654626828,-0.002270104731340372
2023-04-14,0.01510961286674406,0.0007313367317629549
2023-04-17,-0.0024593550392294494,0.0008729027104570353
2023-04-18,-0.0010927202279619186,-0.006075450060813559
2023-04-19,-0.0052665188857343725,0.004147142783722524
2023-04-20,0.006383153415408627,5.0477650864300116e-05
2023-04-21,-0.003227397789772213,0.013409357332935468
2023-04-24,-0.01820700755126048,-0.005191069467499032
2023-04-25,-0.019245546441364003,-0.002338186574645351
2023-04-26,-0.0021282918706977405,-0.002525502698492388
2023-04-27,0.013192626512751549,0.009418656881762688
2023-04-28,0.004819532238682145,-0.0007424486462714874
2023-05-04,0.003444168890493371,0.012149058727726203
2023-05-05,-0.008595631470585618,0.0029749720603469143
2023-05-08,0.002750017829665108,-0.0015170961220895007
2023-05-09,-0.023827952450240275,0.0
2023-05-10,0.009504810650857065,0.0
2023-05-11,0.004735230124685241,0.0
2023-05-12,-0.012266804545540855,0.0
2023-05-15,0.026472756450808488,0.0
2023-05-16,0.013332341686541405,0.0
2023-05-17,0.008750382347031183,0.0
2023-05-18,0.004780812745457608,0.0
2023-05-19,0.03413203403681453,0.0
2023-05-22,0.0025198401875905496,-0.0013131939312998053
2023-05-23,-0.01096124284152411,-0.0019587530273106335
2023-05-24,0.0024195995629006095,0.0034416560833243626
2023-05-25,0.01220950916778163,-0.0019275199711166202
2023-05-26,-0.0002964915121246303,0.0022249903120337144
2023-05-29,0.003195602528593078,-0.003669698796879839
2023-05-30,-0.003924456832033019,0.001709570287400819
2023-05-31,0.009939925441420527,-0.0006003031252930224
2023-06-01,-0.00397288679133212,0.008389912420167178
2023-06-02,-0.0005619546094631778,0.0046024184482069685
2023-06-05,0.00013974139461603308,-0.0023251165000593987
2023-06-06,-0.035124304082237545,-0.010221242338344871
2023-06-07,0.012445702741452846,0.00038945375247867453
2023-06-08,-0.013856563657215992,-0.007437819992194616
2023-06-09,0.023231382870090522,0.004473303089208347
2023-06-12,-0.0066040350736543685,0.0008698973247518449
2023-06-13,0.013449332446022533,0.00375273717909419
2023-06-14,-0.003946306006892497,0.004516502847274895
2023-06-15,0.0007609411358913132,-0.00620366979949305
2023-06-16,0.012759819222915691,0.007663685524487596
2023-06-19,0.029484304511578463,0.0037219778845951623
2023-06-20,0.0028851235203473102,0.0009543258411273126
2023-06-21,-0.04046510498683131,-0.004115532311002812
2023-06-26,-0.018733439934600193,-0.0011801925913998979
2023-06-27,0.01130185265790451,0.002126143139919101
2023-06-28,-0.013711304822999204,-0.006019384859341836
2023-06-29,0.010868738580861681,0.006704759041401331
2023-06-30,0.007970614686641397,0.001705019761472082
2023-07-03,0.007435480949436579,-0.0014058702437321768
2023-07-04,0.03424281052591316,0.006351103281122761
2023-07-05,-0.008900143352472356,-0.0015484300392752948
2023-07-06,0.014062843622682397,0.002698229971388244
2023-07-07,-0.01518606105963749,-0.0039246277331997925
2023-07-10,-0.00455641959378017,-0.0042570827350950635
2023-07-11,0.018598771334682684,0.005687045087459097
2023-07-12,-0.01824175457218513,-0.007961507734107087
2023-07-13,0.019402759493727384,0.004307677140917399
2023-07-14,0.03447274684251389,-0.003312453113436753
2023-07-17,0.010950789076787482,-0.005997744938299854
2023-07-18,-0.014152634189056101,-0.004002075593373955
2023-07-19,-0.007214325015450274,0.0025143774826466014
2023-07-20,-0.019020890649644073,-0.004835004010777633
2023-07-21,-0.012116806192827734,0.0005180527652923761
2023-07-24,0.00792773598527563,0.0018612254568401987
2023-07-25,0.007282389918142673,-0.0013968178437925305
2023-07-26,-0.0017779192725605464,-0.00839263003814883
2023-07-27,-0.012761941735062843,-0.0011533771681082605
2023-07-28,-0.0021780820936847523,0.00048277852190903303
2023-07-31,0.01972583290117358,0.013775897418075278
2023-08-01,0.008796662016155254,0.006648483023973695
2023-08-02,0.010638281954579165,-0.0016015707313339345
2023-08-03,-0.0035797975182312314,-0.008830408072744378
2023-08-04,-0.009551973920703394,-0.006211693402298435
2023-08-07,-0.010441933577294282,-0.00462197239424833
2023-08-08,0.0036676631020822192,0.004830418147305782
2023-08-09,-0.00042809463661053204,0.008932082862422863
2023-08-10,0.004736702239862556,-0.005316770431884277
2023-08-11,-0.017624883366603616,-0.0026493981103984376
2023-08-14,0.002190251333168858,0.0006248931519436951
2023-08-15,-0.011570069385754,0.0012593194412855446
2023-08-16,-0.020511672186351082,-0.0013483745036904082
2023-08-17,-0.000772139651153525,0.0029012880546430697
2023-08-18,-0.01007470776308006,-0.003009752069983773
2023-08-21,-0.009959623253126382,-0.001661003394590188
2023-08-22,0.02408298510936291,-0.001406173589465487
2023-08-23,-0.028895744486181485,-0.008763415953136233
2023-08-24,0.007330674635745993,0.008208765239068105
2023-08-25,-0.029033249049466248,-0.002667600815435045
2023-08-28,0.008482856858248677,0.011157327112485627
2023-08-29,0.051152888524728324,0.011827075960432198
2023-08-30,0.02987892549906146,0.011688098030778304
2023-08-31,-0.0044656733055872255,0.0037637468526496853
2023-09-01,-0.012362845129792022,0.0005679321069060883
2023-09-04,-0.009193067283131184,-0.0025127063534540195
2023-09-05,-0.0055572462012684065,-0.0007949053840224929
2023-09-06,0.018926354924720723,0.013320124411694279
2023-09-07,-0.028531171705437286,-0.019409550572321854
2023-09-08,0.005424489494898266,0.015272662566500061
2023-09-11,0.019649449277148845,0.007942664829939883
2023-09-12,0.0060015945869122955,0.01580714004788275
2023-09-13,-0.009975305794565403,-0.008357942913465921
2023-09-14,-0.012334768231144544,-0.011346097327478377
2023-09-15,0.006286547790865127,0.0017313910145735356
2023-09-18,-0.00462926102093042,-0.016147219929224854
2023-09-19,-0.009203420234707327,-0.014703994279469779
2023-09-20,-0.01354223287711398,-0.005270618267478766
2023-09-21,0.0015875020842730514,0.002133111945711308
2023-09-22,0.013878506239522581,0.03120905761398718
2023-09-25,-0.0057434640481875965,-0.005324580624225583
2023-09-26,-0.00031684652418784154,-0.006205480816707132
2023-09-27,0.024812427486417876,0.016570568877341874
2023-09-28,0.016860964275463575,0.018472373018535215
2023-10-09,-0.00461723080328813,-0.005664903814076028
2023-10-10,-0.016325084556568115,-0.006291730525302075
2023-10-11,0.012694180958940704,0.01738622569259185
2023-10-12,-0.009818565756414155,-0.005266775762142517
2023-10-13,-0.00878787019215499,-0.004543370900428667
2023-10-16,-0.03077397129159909,-0.012006396938675445
2023-10-17,-0.0017003809563336247,-0.00505179793510413
2023-10-18,-0.012356267988732017,0.0001605579101753296
2023-10-19,-0.008007423916587153,-0.0031061166185425426
2023-10-20,-0.011871610242758845,-0.00558141297228798
2023-10-23,-0.022606911893090387,-0.007403968450081733
2023-10-24,0.010235961168831853,0.0011475856124407713
2023-10-25,0.0013596247950184992,-0.000740299484330853
2023-10-26,0.0034426832300298305,-0.0010395769391878806
2023-10-27,0.007671113053124179,0.0027631284956108892
2023-10-30,0.03258237257614982,0.002290297894690152
2023-10-31,-0.012772516902036513,-0.002097898726182157
2023-11-01,0.0018202293288827054,-0.00023904176764311114
2023-11-02,-0.020889163360399587,-0.004757911028630879
2023-11-03,0.04697085832304437,0.016935322584497703
2023-11-06,0.056862704013434406,0.024177406117151357
2023-11-07,0.019550785091515754,0.00147935448460923
2023-11-08,0.014068925865784676,0.017167680349919
2023-11-09,-0.010589473734638699,-0.004081479408918787
2023-11-10,0.0007910153540704457,0.000660732006243725
2023-11-13,0.01120646759182753,0.00392660233363662
2023-11-14,0.02008240543878803,0.016015712490482947
2023-11-15,-0.003121844964835918,-0.0053312305465393894
2023-11-16,-0.013246127470240898,-0.006668814740515172
2023-11-17,0.01805711625783446,-0.0007101780787566181
2023-11-20,0.020695875597952496,0.00858451963817286
2023-11-21,-0.009152078095347238,-0.004413618198959357
2023-11-22,-0.009035025542199815,-0.002200448439650171
2023-11-23,0.004057744093740601,-0.0017140383272606918
2023-11-24,-0.019754044150780636,-0.007681740013371963
2023-11-27,0.01899925051349327,0.014862893592884951
2023-11-28,-0.0013178918591321143,-0.0012489480789500407
2023-11-29,0.006148737369933599,0.008911107781335748
2023-11-30,-0.0011005569613457,-0.00020948959606958972
2023-12-01,0.004703877287821623,0.001605698165301428
2023-12-04,0.002535100509061694,0.002513036345318076
2023-12-05,-0.015374114620739676,-0.005546839495860767
2023-12-06,0.002255098514644116,-0.00043929849962076606
2023-12-07,0.0033890828649854043,-0.0010477976388445498
2023-12-08,0.02047908916959984,-0.0012968177014607285
2023-12-11,0.005566161695563343,-0.00014583847052729304
2023-12-12,0.0005796270707016937,0.0
2023-12-13,-0.010457346457110495,0.0
2023-12-14,-0.0063067519383291915,0.0
2023-12-15,-0.002843527891777886,0.0
2023-12-18,-0.012057822568279364,0.0
2023-12-19,-0.0003023487231101907,0.0
2023-12-20,-0.008752632257890913,0.0
2023-12-21,0.021701515722747367,0.0
2023-12-22,0.011469856554283231,0.0
2023-12-25,0.0018468871264629705,0.0
2023-12-26,-0.002903172533213594,0.0
2023-12-27,-0.0034562291843086568,0.0
2023-12-28,0.043538673309881704,0.0
2023-12-29,0.0021236446396841746,0.0
2024-01-02,-0.018358063627071597,0.0
2024-01-03,-0.009811313710270886,-0.004420679947825135
2024-01-04,-0.015245514070463595,-0.005029298858566955
2024-01-05,-0.022500139613912173,-0.0002568154052327021
2024-01-08,-0.026340819838959084,0.0
2024-01-09,0.007932083139067903,0.0
2024-01-10,-0.0004047282712467126,0.0
2024-01-11,0.025592000081316568,0.0
2024-01-12,-0.022561519126582663,0.0
2024-01-15,0.006300905284915226,0.0
2024-01-16,-0.011224571170051045,0.0
2024-01-17,-0.036703102894038886,0.0
2024-01-18,0.012333590333073907,0.0
2024-01-19,-0.02350168323781454,0.0
2024-01-22,-0.03675007456913115,0.0
2024-01-23,0.004459909799793049,0.0
2024-01-24,-0.012094503823713576,-0.003408486057663418
2024-01-25,0.03415868614477735,0.002349000836833204
2024-01-26,-0.03474271499026149,-0.00739544446892848
2024-01-29,-0.03335585991178314,-0.008804222956371732
2024-01-30,-0.03365845793456501,-0.003162700850834921
2024-01-31,-0.03667019342293043,0.0
2024-02-01,0.00011569996756599643,0.0
2024-02-02,-0.060500490481703584,0.0
2024-02-05,-0.04708274871137852,0.0
2024-02-06,0.014177496586311733,0.0
2024-02-07,-0.04783613635900863,0.0
2024-02-08,0.1303481040167065,0.014693959294037606
2024-02-19,0.03713065172853991,0.009334121957769614
2024-02-20,0.024525886067571667,0.021377963845919945
2024-02-21,0.02371548630355247,0.018534009509400873
2024-02-22,0.03962741042403706,0.036701489563339296
2024-02-23,0.051206414296350866,0.04910450068303396
2024-02-26,0.014582670142151866,0.019608096506921413
2024-02-27,0.051091003487490516,0.05343612120987973
2024-02-28,-0.060090157984151404,-0.07186260147014045
2024-02-29,0.04145679590476736,0.05080800627372439
2024-03-01,0.03168875856607278,0.028342366530952567
2024-03-04,-0.003058401016943657,-0.0029611718105881923
2024-03-05,-0.029445374780280087,-0.0226924832819263
2024-03-06,0.013156867235843306,0.006882835464880888
2024-03-07,-0.010977238538119938,-0.026027865101230563
2024-03-08,0.012786383033696724,0.010312580429546525
2024-03-11,0.03645984364737065,0.024220982577088712
2024-03-12,0.027592352978347945,0.02208844524493525
2024-03-13,0.00815289555988108,0.009593105116030287
2024-03-14,-0.01779232933808972,-0.017017587644711063
2024-03-15,0.018769726686927557,0.0030857410720857015
2024-03-18,0.03880314729091894,0.03392355913038414
2024-03-19,0.013657677849433503,0.0037294601483075507
2024-03-20,0.002706370782975087,0.013903014192667928
2024-03-21,0.004102632822470698,-0.003625749965620928
2024-03-22,-0.020866473760310034,-0.006357201365364329
2024-03-25,-0.020862271874237615,-0.004754974092925357
2024-03-26,0.0038932975449263996,-0.00021959272502047877
2024-03-27,-0.053989877421392496,-0.011091437648876323
2024-03-28,0.007953775384782702,0.001700624613485191
2024-03-29,0.004578301094255055,-0.00022543901359484142
2024-04-01,0.04190859903144317,0.004397052032174331
2024-04-02,-0.008746192700412991,-0.001908272930963295
2024-04-03,-0.024426434027516764,-0.0019119213988147976
2024-04-08,-0.02185892996381733,-0.004169211896980385
2024-04-09,0.025066147815765882,0.0038472075124480476
2024-04-10,-0.015543789545574782,-0.004170621751506509
2024-04-11,0.0006520921600583485,-0.0006791495165311412
2024-04-12,-0.004685599115520134,-0.0005663425617193907
2024-04-15,-0.0285763523553213,-0.0012787569586650838
2024-04-16,-0.06553541079792358,0.0
2024-04-17,0.031941745260480214,0.0
2024-04-18,0.010434159391144782,0.0
2024-04-19,-0.013780444363846622,0.0
2024-04-22,0.0031049746414670842,0.0
2024-04-23,0.025001366322510155,0.0
2024-04-24,0.017919315930128743,0.0
2024-04-25,-0.0029957324905297567,-0.0006081333830637581
2024-04-26,0.037385638844028124,0.008090259570786351
2024-04-29,0.041772059290429375,0.02998718433887393
2024-04-30,-0.006016399141281492,-0.01046742635043707
2024-05-06,0.00806721243063424,0.014396244335508568
2024-05-07,0.01318804853165001,0.001958460515269822
2024-05-08,-0.02005764288172518,-0.013198719834543793
2024-05-09,0.01625156337306688,0.017092776369072693
2024-05-10,-0.03356407062748756,-0.01839116655934503
2024-05-13,-0.04028945391816863,-0.019468635603256623
2024-05-14,0.005914617491876939,0.0066959248916509395
2024-05-15,0.0005914953576184878,0.0020027934788033885
2024-05-16,0.0044752780932608704,0.007427259020140742
2024-05-17,0.019094802174022707,0.018511978924232064
2024-05-20,-0.0022677079107580322,0.0043987129143505665
2024-05-21,-0.01155762827318274,-0.009200485344026066
2024-05-22,0.010542035743623224,0.012256303396673829
2024-05-23,-0.012896519114325544,0.005197665619924852
2024-05-24,-0.02984347583474367,-0.02014500312946632
2024-05-27,0.004479311389719465,0.00353233117787477
2024-05-28,-0.005946516603591578,-0.0031224214440439546
2024-05-29,0.002566123532474762,-0.002481363539014403
2024-05-30,0.014261651690430366,-7.936757624371626e-05
2024-05-31,0.029035600603340095,0.0048123698647235535
2024-06-03,-0.013888600536636209,-0.0032936740024017697
2024-06-04,-0.015468863218446316,-0.002024668022753806
2024-06-05,-0.007292514423718921,0.0006943623250179609
2024-06-06,-0.03605366009582989,-0.00016436411447129373
2024-06-07,0.02145124358607431,-0.0008271986088824734
2024-06-11,0.037696287272461104,0.00771559313153225
2024-06-12,0.010005376711075709,0.0034503459831503047
2024-06-13,0.03564355141581532,0.004883790781237796
2024-06-14,-0.009336142840207895,-1.7971408026618008e-05
2024-06-17,0.011343400808261572,0.004263741815471178
2024-06-18,0.011179990834416564,0.008996708634330108
2024-06-19,-0.01159074624599099,-0.024166542329473573
2024-06-20,0.005903952964951387,-0.0019259886499676249
2024-06-21,-0.01919041440418756,-0.006347726028280709
2024-06-24,-0.038839487240359793,-0.03684102771934794
2024-06-25,-0.02304996801567183,-0.016473167970896152
2024-06-26,0.02386398667013645,0.012241410388717844
2024-06-27,-0.026078283445431727,-0.008076196490741205
2024-06-28,0.006906556400613217,-0.0009010304038320482
2024-07-01,-0.03388544319387432,-0.0022580656905817342
2024-07-02,-0.02308033375094265,-0.008128316857344386
2024-07-03,-0.010444476777238032,-0.000901794852471105
2024-07-04,-0.028408125684162067,-0.0025446381416011077
2024-07-05,0.024276008298790508,-0.0012755649219529097
2024-07-08,-0.02635241431851243,-0.0028875691924740154
2024-07-09,0.010081473960186882,0.01113819767212676
2024-07-10,-0.0036561188481840645,0.0019343398082019014
2024-07-11,0.03518067032998706,0.022647856275448186
2024-07-12,0.011527037794164752,-0.0065087023489903695
2024-07-15,-0.00862116656628964,-0.001965799905469967
2024-07-16,0.005538904092967645,0.011808059707395957
2024-07-17,0.0067688789290434315,-0.0034688578898516287
2024-07-18,0.004812765462036239,-0.006352004800404432
2024-07-19,0.009815553082956674,0.010647468959151363
2024-07-22,0.01636450745315421,0.008951014535656832
2024-07-23,-0.041397803519259924,-0.026500690487574974
2024-07-24,-0.019811089582090324,-0.013885453880742027
2024-07-25,-0.008040750784288453,-0.0025690408906589024
2024-07-26,-0.0008151537536784659,0.008350996879293193
2024-07-29,-0.011796593748589435,-0.002597140147848287
2024-07-30,0.0020184060884167465,0.0062153958496600215
2024-07-31,0.07184026369434449,0.022270563080990957
2024-08-01,-0.010318758513298665,0.005464840715460273
2024-08-02,-0.01222605650106734,-0.016379578391519378
2024-08-05,-0.03298612529034317,-0.017951003147335776
2024-08-06,0.0205454478149949,0.012318322953278615
2024-08-07,-0.012384075485388113,-0.0019633486825254565
2024-08-08,0.0008421577751405174,-0.012557834274698254
2024-08-09,-0.018134577061441837,-0.004932075564784477
2024-08-12,-0.006490503740270381,-0.003977824039510969
2024-08-13,-0.0035442664697524773,-0.0022504246266372707
2024-08-14,-0.01680160805178621,-0.0025939382826140056
2024-08-15,0.00788498997194087,0.00029984799356630454
2024-08-16,-0.0022761207090254976,0.0013686245060331448
2024-08-19,-0.013301133860252223,-0.003440870480606484
2024-08-20,-0.02477734504297835,-0.004582280750985435
2024-08-21,0.005565960933603842,-0.000889581529462169
2024-08-22,-0.013568129580442068,-0.001568012452659917
2024-08-23,-0.011236198591840107,-0.002032515366081178
2024-08-26,0.012430042067396174,0.0007520944969388044
2024-08-27,-0.016632149515487193,-0.000564593969077043
2024-08-28,0.004838271728273114,0.0009244985128282757
2024-08-29,0.02111429742311066,0.0028062734566225433
2024-08-30,0.016212190028068285,0.0050170492429173486
2024-09-02,-0.02087872896274101,-0.0165429158445356
2024-09-03,0.00924725250289593,0.00157478597662708
2024-09-04,0.00041706966761156927,0.0030589484507577147
2024-09-05,0.007678125781424905,0.004542006921803177
2024-09-06,-0.025348589365057683,-0.017813594221272377
2024-09-09,-0.009606484784263736,-0.009131653538366868
2024-09-10,0.0012450195332782688,0.009349843886400366
2024-09-11,-0.012664850557872032,0.00956480117414582
2024-09-12,-0.006157530570703784,-0.0058904987274355225
2024-09-13,-0.008814088181490876,-0.010991561329623756
2024-09-18,-0.006488621222502378,0.006341565887896028
2024-09-19,0.012824708154574926,0.010206798143831852
2024-09-20,-0.010075519869932603,-0.012967498900973373
2024-09-23,-0.013297974481256802,-0.007188425527248854
2024-09-24,0.04112905479538376,0.028671362763311725
2024-09-25,0.007029115989840351,0.005379591410337392
2024-09-26,0.03898671855639413,0.03874684013788099
2024-09-27,0.05753963021129449,0.05825436722841082
2024-09-30,0.15275409669949935,0.14350360672347828
2024-10-08,0.16578690534388119,0.1455030316187591
2024-10-09,0.0,0.0
2024-10-10,0.0,0.0
2024-10-11,-0.011962275130504962,0.0
2024-10-14,0.02916112448870556,0.010711882416679197
2024-10-15,-0.02162359170053707,-0.01693668696676298
2024-10-16,-0.007812530345173707,-0.005784980098059278
2024-10-17,0.006247826450475502,0.0021867573552252217
2024-10-18,0.055754654793605196,0.04930854690919673
2024-10-21,0.019446552637538028,0.016615466287136504
2024-10-22,0.01675026379189215,0.013334544110696456
2024-10-23,-0.011169417859024033,-0.00407772951885077
2024-10-24,0.01126828723148332,0.008857415127333068
2024-10-25,0.016060241038894807,0.021614231502201653
2024-10-28,0.0075328641496497095,0.01178334460555397
2024-10-29,-0.018437641133945637,-0.02034343286552176
2024-10-30,-0.0032597525868874877,-0.004560044462757484
2024-10-31,0.010769582498886932,0.016669627054163305
2024-11-01,-0.03854296159798298,-0.019248345946377365
2024-11-04,0.032236902515313304,0.020065103797261008
2024-11-05,0.03842391142887136,0.028325584679707916
2024-11-06,0.004271916715442803,0.0031776696804015625
2024-11-07,0.017689361218930166,0.013055282257379286
2024-11-08,0.02698731912931196,0.007992112976911603
2024-11-11,0.06785213114126432,0.04167418171341275
2024-11-12,-0.004793712736288591,-0.007769828264296841
2024-11-13,0.002350028116822722,0.0002440611887493116
2024-11-14,-0.02235587557675467,-0.003853981603455958
2024-11-15,-0.01717433410428204,-0.0028487082044557077
2024-11-18,-0.011670375727363846,-0.0014534833205482878
2024-11-19,0.00790475000626123,0.0017902194713679265
2024-11-20,0.0040119205160018545,0.0001837123686063702
2024-11-21,-0.00046524640428757813,0.0005176397601553973
2024-11-22,-0.016159568431014515,-0.002553480903975558
2024-11-25,0.005299673815181816,0.00046850000065035147
2024-11-26,-0.003836119437979235,6.68972301691717e-05
2024-11-27,0.008988271017908778,0.0009197753843994683
2024-11-28,-0.004956459957535908,-0.00045111117684004665
2024-11-29,0.0017644676349493071,0.0007856220069972775
2024-12-02,0.0011982636775833555,0.00010610929827459259
2024-12-03,-0.0005502788205639098,0.0
2024-12-04,-0.0012530482209737182,0.0
2024-12-05,0.0008554229459554197,0.0
2024-12-06,0.00043684248728981245,0.0
2024-12-09,-0.00010785144751868092,0.0
2024-12-10,-0.003597005326818392,-0.0019780370307557193
2024-12-11,-0.005414085811629943,-0.002972442054581803
2024-12-12,-0.00023695289530711872,-0.00012977332249730633
2024-12-13,0.0001795348997373214,9.873519044067969e-05
2024-12-16,-0.0023236637945206473,-0.0012780017893132545
2024-12-17,-0.005868357611603647,-0.0032241838446197546
2024-12-18,0.00028737383260613036,0.00024630750308940463
2024-12-19,-0.0006088267396143765,0.0
2024-12-20,0.0015911847159160164,0.0
2024-12-23,-0.011990187079291226,0.0
2024-12-24,0.0008801420615589528,0.0
2024-12-25,-0.004496634786065212,0.0
2024-12-26,-0.0035233063869589687,0.0
2024-12-27,0.0034749851258930597,0.0
2024-12-30,-0.009703038871405001,0.0
2024-12-31,-0.010141096686273166,0.0
2025-01-02,-0.015412740247066736,0.0
2025-01-03,-0.02339184639674796,0.0
2025-01-06,0.0015713587911301286,0.0
2025-01-07,0.02015570488933749,0.0
2025-01-08,-0.00931250502379577,0.0
2025-01-09,0.0021741281496276965,0.0
2025-01-10,-0.017871085719511015,0.0
2025-01-13,0.0025362640541832793,0.0
2025-01-14,0.0494226601533454,0.0
2025-01-15,-0.008088011053845379,0.0
2025-01-16,-0.007354793100134205,0.0
2025-01-17,0.019187071914806175,0.0
2025-01-20,-0.002890743561194009,-0.0018004243787674845
2025-01-21,0.01447946207201145,-0.0017214028404191062
2025-01-22,-0.008845164199492106,-0.00048652269956095395
2025-01-23,0.0017555961796915653,0.005710301047306743
2025-01-24,0.028245335849469422,0.017910098806751762
2025-01-27,-0.027658948381934834,-0.011095290199478192
2025-02-05,0.03932329311835914,0.012729824267322387
2025-02-06,0.03677929777548039,0.014276410528016203
2025-02-07,0.004337673642184292,-0.0022935955718937917
2025-02-10,0.04591603445092862,0.011383799982851439
2025-02-11,-0.007938682907795758,-0.0025144732698690886
2025-02-12,0.012832277487365706,8.36034017595022e-05
2025-02-13,-0.013991758943114774,-0.0051222671090553895
2025-02-14,-0.0005568179761735736,0.0018497351501454151
2025-02-17,0.010676824510381877,9.501154543123391e-06
2025-02-18,-0.017520456782348814,-0.007347085641841389
2025-02-19,0.03259447163388529,0.003123379043282082
2025-02-20,0.017334846285883332,0.003824458144775056
2025-02-21,0.04346090011338344,0.0007147213632598959
2025-02-24,0.011758246477447276,0.013000260266770258
2025-02-25,0.020541507580107643,-0.0014713477950958342
2025-02-26,0.029330644662588057,0.0014189411883032133
2025-02-27,-0.0076299608408626485,0.003079099290698828
2025-02-28,-0.0246546099766779,0.0019287165966404007
2025-03-03,0.00316213957080258,-0.00374633110672673
2025-03-04,0.015243510332318078,-0.0008840817356885466
2025-03-05,0.0013288630663965684,0.0025453878665748775
2025-03-06,0.009562824775815493,0.004272099326940282
2025-03-07,0.004067925918494586,-0.001998687839183222
2025-03-10,0.010329050281230323,0.007192013172860889
2025-03-11,0.0032848955163657934,-0.003085934477625396
2025-03-12,-0.014466582524389482,-0.004199361428194992
2025-03-13,-0.01291663150695277,-0.004045480762220888
2025-03-14,0.008170072275544893,-4.951763471638948e-05
2025-03-17,0.0055444208986841215,0.0
2025-03-18,0.0024794400366046077,0.0005478835747600996
2025-03-19,0.003907488875892762,-0.007589495886386577
2025-03-20,-6.760029955121816e-05,0.00013312926793362934
2025-03-21,-0.022782152824864288,-0.0005435234583565096
2025-03-24,-0.009023083858580638,0.0
2025-03-25,0.0007457977700948693,0.0
2025-03-26,0.0060697722342244464,0.0
2025-03-27,0.0042710974642632404,0.0
2025-03-28,-0.005079633495082336,0.0
2025-03-31,-0.00821380489018353,0.0
2025-04-01,0.01684371757806402,0.0
2025-04-02,0.007308977880343681,0.0
2025-04-03,-0.005112463308998949,0.0
2025-04-07,-0.032744190767982406,0.0
2025-04-08,0.016501210283532686,0.0
2025-04-09,0.028001842022999934,0.0
2025-04-10,0.06576759476834582,0.0
2025-04-11,0.017491443465801115,0.0
2025-04-14,0.009863250288467906,0.0
2025-04-15,-0.0019790244912719634,-0.0007552613859554969
2025-04-16,-0.022115005174242808,-0.003287895725076817
2025-04-17,-0.0020123381100497495,-0.0009245684237851881
2025-04-18,-0.001959189105898429,-0.0030288440377836956
2025-04-21,0.03018921643385819,0.002895485425089106
2025-04-22,-0.006607508694935538,-0.0036101402700446927
2025-04-23,0.01612253778941386,0.01860084641041082
2025-04-24,-0.011903595298518366,-0.0005482093550067679
2025-04-25,0.008676585135739323,0.010281574057919629
2025-04-28,-0.006725753886696717,-0.010835001144749778
2025-04-29,0.02249833370752108,0.01848395105673828
2025-04-30,0.047466756354747286,0.02053990789845206
2025-05-06,0.04207888823580075,0.021789225042877503
2025-05-07,-0.013628173320479275,0.005232971254219176
2025-05-08,0.015332342957862899,0.0020050111427165618
2025-05-09,-0.02646991193307635,-0.012163700646053877
2025-05-12,0.019374451016220817,0.0121670870308912
2025-05-13,0.0013172320461605214,-0.0005578348527233157
2025-05-14,-0.005243776138578515,-0.002330829243971544
2025-05-15,-0.02137339100578617,-0.011025907981519034
2025-05-16,0.003473263951914163,0.0033636161017387423
2025-05-19,0.0032870075479334293,0.000131023085189641
2025-05-20,0.01593418699570881,0.005256425839564205
2025-05-21,0.010323492828567371,0.0032501494438532674
2025-05-22,-0.01862297473999286,-0.008806306758913474
2025-05-23,-0.019402234706527133,-0.006239556999213192
2025-05-26,-0.0018304906522533804,-0.004599250222362183
2025-05-27,0.004140895459254779,0.003161153156627128
2025-05-28,-0.01330305354825323,-0.0029528308371562506
2025-05-29,0.011940340610116174,0.0029548446195388767
2025-05-30,-0.002674777141219109,-0.0009555046170386383
2025-06-03,0.017515807219480983,0.007718941076885866
2025-06-04,-0.0008456171499787724,-0.0015238461724840224
2025-06-05,0.017666191338725046,0.0035337941241100346
2025-06-06,0.01525914041907206,0.007136529299837324
2025-06-09,0.011243334359947843,0.0011652394230239338
2025-06-10,0.00470824541486925,0.00019431312126494404
2025-06-11,-0.0008439529800652323,0.0010848864181500772
2025-06-12,-0.0020018619579453834,-8.338303238641931e-05
2025-06-13,-0.018297780554539567,-0.013513681757491902
2025-06-16,0.025126034611177683,0.004511848185973832
2025-06-17,-0.00025672287036260233,0.0001110000170401193
2025-06-18,0.0060537324291689565,-0.0021106063005508213
2025-06-19,-0.01274555783555209,-0.005811697460312293
2025-06-20,-0.00926818278841579,-0.0028890394903939853
2025-06-23,0.022172723073111467,0.0008012434861923712
2025-06-24,0.007881090327352736,0.0006976577431969666
2025-06-25,0.007604389389758159,0.004044230715792629
2025-06-26,-0.008441115868743854,-0.0033376585809017367
2025-06-27,0.009722567041921426,0.013358844903756273
2025-06-30,0.01761512844508273,0.008555104389081247
2025-07-01,-0.003703769120526723,-0.0016648930582404686
2025-07-02,-0.020095587712395613,-0.009552627431564376
2025-07-03,0.007258021544436666,0.006500151129873233
2025-07-04,-0.010959708087586395,-0.009861444293695398
2025-07-07,0.002690865820109023,0.0038783345441730788
2025-07-08,0.01945510658585725,0.015509833459209643
2025-07-09,-0.007887141864025393,-0.0004944097858918806
2025-07-10,-0.0046458422897242,0.0009955800494458877
2025-07-11,0.013624294900685952,0.006583224400111165
2025-07-14,0.0009952469571437028,0.002910634951514446
2025-07-15,0.004642708197767131,0.013972308734993888
2025-07-16,0.005472707140624866,0.006579372867976607
2025-07-17,0.005460675737788856,0.003683725918308234
2025-07-18,0.004780685957524788,0.003489669166995002
2025-07-21,0.0016707275082363804,0.0023093802465459223
2025-07-22,-0.0013668439739726868,-0.0021069004917583234
2025-07-23,0.009717392440193429,0.004534428376792743
2025-07-24,0.014507293103627195,0.009755291393927834
2025-07-25,0.015442588708836524,-0.00016017576743776463
2025-07-28,-0.0035255227302741776,-2.302953601962532e-05
2025-07-29,0.008809973756169542,0.0050147389638179884
2025-07-30,0.0024062119606242938,-0.0005843791717018432
2025-07-31,-0.0014550865353564202,-0.004492389614464853
2025-08-01,-0.0017083804446706985,-0.0008969957120690264
2025-08-04,0.011695669123260366,0.004896437398485443
2025-08-05,-0.005055205287558873,-0.00038182947222198393
2025-08-06,0.014760905925690126,0.001422888422544677
2025-08-07,-0.0044951103686733385,0.00026793951919024117
2025-08-08,-0.01380763293064502,0.0003993947141889276
2025-08-11,0.012560325711229225,0.0021454287888980073
2025-08-12,-0.0077799597246321905,-0.004347306683961993
2025-08-13,0.0005407739067913031,-0.00033314907474157884
2025-08-14,-0.018405449808393648,-0.0028047410661016237
2025-08-15,0.012672012182780357,0.0011430877278548746
2025-08-18,0.02117407444663222,-0.00016625587860108482
2025-08-19,0.0030515618337874084,0.0
2025-08-20,0.0010171474403233294,0.0
2025-08-21,0.000295158095918735,0.0
2025-08-22,0.01206805617090878,0.004042248268961268
2025-08-25,0.002963512656822598,0.0009305017162861695
2025-08-26,-0.006043557483983775,-0.0017061567445817438
2025-08-27,0.0019723536080231696,-0.0001643339125458887
2025-08-28,0.006696073531469393,0.0043665218442605624
2025-08-29,-0.0030186394426360286,-0.004091158930650929
2025-09-01,1.4259766208279956e-05,0.0012378668678607596
2025-09-02,-0.014250914515909985,-0.004119297988029347
2025-09-03,-0.008547040179313514,-0.0019390795319050858
2025-09-04,-0.011549658320417322,-0.004507624882893246
2025-09-05,0.0038820838715198924,-0.00013989996154428752
2025-09-08,0.003052575084941056,0.0
2025-09-09,-0.005098795245350729,0.0
2025-09-10,-0.001433019947615688,0.0
2025-09-11,0.0032264227632663456,0.0
2025-09-12,0.00047011715836520196,0.0
2025-09-15,-0.002211490044225939,0.0
2025-09-16,0.003810263868071262,0.0
2025-09-17,0.0015535304252010107,0.0
2025-09-18,-0.002358662056121008,0.0
2025-09-19,0.0005628601187497306,0.0
2025-09-22,0.001337922739237829,0.0
2025-09-23,-0.0008199237942507764,0.0
2025-09-24,0.0027175602381968034,0.0
2025-09-25,0.0011319050205815806,0.0
2025-09-26,-0.015597465125658516,-0.009582801176378997
2025-09-29,0.0009436965675679865,0.0008810318704635112
2025-09-30,-0.0018455165786530614,0.0
2025-10-09,-0.000983497809836975,0.0
2025-10-10,-0.0025947561298373945,0.0
2025-10-13,-0.005551564793746189,0.0
2025-10-14,-0.0021846109898877586,0.0
2025-10-15,0.005666666730359982,0.0
2025-10-16,-0.001024497555669579,0.0
2025-10-17,-0.0026920640967195153,0.0
2025-10-20,0.008555457072393358,0.0
2025-10-21,0.017866646111653894,0.0
2025-10-22,0.006802163753617085,0.0
2025-10-23,-0.00853962197949587,0.0
2025-10-24,0.005939391190222354,0.0
2025-10-27,0.014865988054506785,0.0
2025-10-28,-0.0035825417774227875,0.0
2025-10-29,0.0009852637857576951,0.0
2025-10-30,-0.00421789191123767,0.0
2025-10-31,0.029346453771045056,0.0
2025-11-03,-0.0005217343624736026,0.00022577718467275965
2025-11-04,-0.02153509454572966,-0.002676821072795099
2025-11-05,0.002253936905468823,-0.0008599281177785745
2025-11-06,-0.0029821256501113558,-0.00041613302514231787
2025-11-07,-0.008446955926289745,-0.00030907779326883045
2025-11-10,0.02269166812888157,0.005147032926067441
2025-11-11,0.001006179002554397,0.0017623356969094228
2025-11-12,-0.006306456653954351,-0.00185186757570166
2025-11-13,0.008297090374713934,0.002063719122929797
2025-11-14,0.0018849292715834576,-0.0013294019679805924
2025-11-17,-0.009496997622214454,-0.0026860321295990586
2025-11-18,-0.004253664990334749,-0.001465661529183926
2025-11-19,-0.019809342960928955,-0.005052993177924292
2025-11-20,-0.004458725957319887,-0.0004079512189615331
2025-11-21,-0.01546804605749419,-0.0068174011535686585
2025-11-24,0.01166971558094465,0.0031377040775408815
2025-11-25,0.048468959869855555,0.009509696100051812
2025-11-26,0.006218778182551343,-0.0013224681393330107
2025-11-27,-0.0016211225571571841,0.0002509961101033742
2025-11-28,0.009207354427604564,0.002122708719062283
2025-12-01,-0.009145875053900854,0.002386181475809268
2025-12-02,-0.015452494778452341,-0.0005426672997422832
2025-12-03,-0.006642223180860829,-0.003503245091629581
2025-12-04,0.006779987870638271,0.0013772771193423239
2025-12-05,0.011451496810606088,0.003738638177008591
2025-12-08,0.019293774221962767,0.0009449309822233687
2025-12-09,-0.011041712878501864,-0.0026405645482479034
2025-12-10,-0.016820596297410617,-0.0032564933753033154
2025-12-11,0.0013510890014996058,0.0012467324831404447
2025-12-12,0.009085600296596885,0.007905437079716693
2025-12-15,-0.010220085792699063,-0.0004012990626817148
2025-12-16,-0.005363888431683117,0.005661108939645221
2025-12-17,0.015518634765795403,0.0001906468387857796
2025-12-18,0.0032388449501188354,0.004311525617709311
2025-12-19,0.020652291816000812,0.007678826440634667
2025-12-22,0.006758528810795639,-0.0025228023759092943
2025-12-23,-0.015117639512196357,-0.013721838768806172
2025-12-24,0.009224978392412098,0.007438446427557643
2025-12-25,0.03065251098989985,0.02581922023019745
2025-12-26,0.015637628584343588,0.007902505466290677
2025-12-29,0.02067760755689263,-0.008983139511560267
2025-12-30,-0.010697644706573084,-0.00347927635650247
2025-12-31,0.0071829946103232345,0.011279593651122077
2026-01-05,0.04460707785035978,0.016689108506700023
2026-01-06,-0.0030531523807594274,-0.00018785630952966592
2026-01-07,0.006590244136462253,-0.0020552022937406766
2026-01-08,0.006362546861827134,0.009186138511636077
2026-01-09,0.041574426966926925,0.026091487465191854
2026-01-12,0.029567784381708373,-0.0021418311882560603
2026-01-13,0.005876259845413623,-0.005908638168439784
2026-01-14,0.00978369567091053,0.006559079545514601
2026-01-15,-0.015402840381301686,-0.008446382313496148
2026-01-16,-0.001049063329877642,-0.000852752201011775
2026-01-19,0.0051479585145710605,0.0051201131754572415
2026-01-20,-0.008470168903376485,-0.004904154825502216
2026-01-21,0.028074772099828227,0.026232814375635405
2026-01-22,0.00382601550320949,0.006775444037193434
2026-01-23,0.010209189795805429,0.0038764665574420043
2026-01-26,-0.013281099806559005,-0.004183108813363701
2026-01-27,-0.004151632858290677,-0.011768182241286618
2026-01-28,-0.017615716968836237,-0.011637369857153024
2026-01-29,-0.01206964517053144,-0.007417937115145823
2026-01-30,0.008673598934760607,-0.0021987922992344755
2026-02-02,-0.02586452389917504,-0.009655841104014296
2026-02-03,0.025939970601423834,0.0040292893831590515
2026-02-04,-0.013004142628853965,-0.003343633234749066
2026-02-05,-0.012977599363760639,-0.002669396622786091
2026-02-06,-0.0027111508592922995,-0.0003659963644705444
2026-02-09,0.028473718697235695,0.001493092916957206
2026-02-10,-0.012092149973435551,-0.0012429474722277511
2026-02-11,-0.008420495780107395,-0.0006507598295903971
2026-02-12,-0.002961368244701168,0.001342646584979068
2026-02-13,-0.00021324775146824848,-0.000790021671517871
2026-02-24,-0.010878136935738025,0.0
2026-02-25,-0.004105510531414058,0.0
2026-02-26,0.000675539657401858,0.0
2026-02-27,0.001703165106815785,-0.0028636305417216734
2026-03-02,-0.014665562705592272,-0.003234746864733684
2026-03-03,-0.03140082256408683,-0.004569833963568137
2026-03-04,-0.004236455193908917,-0.000784517617026137
2026-03-05,0.009898746700491623,0.0
2026-03-06,-0.005840509225564561,0.0
2026-03-09,-0.02631705084746916,0.0
2026-03-10,0.03052617232137833,0.0
2026-03-11,-0.010614664348701619,0.0
2026-03-12,-0.029882891463844596,0.0
2026-03-13,-0.003980373369671053,0.005668181545691153
2026-03-16,0.0076809651921465605,-0.003319036256483887
2026-03-17,-0.015438997362532625,-0.001816412150411506
2026-03-18,0.020199077100575336,0.00167899938102134
2026-03-19,-0.010803698533066286,-0.002193274956703739
2026-03-20,-0.006185561043748455,0.001596843845079965
2026-03-23,-0.030899928153468537,-0.0030713391832274395
2026-03-24,0.030191467525886306,0.0025691843907089673
2026-03-25,0.014872880191985738,0.0007861255623955454
2026-03-26,-0.0166604858946926,0.0010138157029875305
2026-03-27,0.041319931554756995,0.0013533273577710503
2026-03-30,0.016704327198196367,0.0064914731108938195
2026-03-31,-0.027200364403071164,-0.0037585296335270746
2026-04-01,0.04909197769597107,0.0016417928892968892
2026-04-02,-0.017314525165697203,0.003459328783714355
2026-04-03,-0.011213119915493897,0.0007311821364850424
2026-04-07,-0.002023949878802056,0.005375376953350219
2026-04-08,0.04075523983074136,0.00890067994894106
2026-04-09,-0.022638622497817673,-0.0020614838133663493
2026-04-10,0.01640979523845698,0.009837730573932335
2026-04-13,0.011475747820657967,0.0035054496590465334
2026-04-14,0.019155631454085498,0.00231211563049194
2026-04-15,0.00643464489493506,-0.010296559075086753
2026-04-16,0.013134039652682228,0.012102313925272723
2026-04-17,-0.0059040181087305355,0.006882846407803456
2026-04-20,-0.0007663356629042939,0.008320631453028193
2026-04-21,-0.011693567291939266,-0.004829618094874699
2026-04-22,0.015394086385963623,0.004448673531262992
2026-04-23,-0.020603028017605274,-0.007779143812282618
2026-04-24,-0.013439699314755305,-0.007536876427098438
2026-04-27,0.011290195995697472,0.012777880858009238
2026-04-28,-0.025354407625927444,-0.01619344931920219
2026-04-29,0.006824624246782429,0.003075764779520318
2026-04-30,0.016519875159473063,0.0023452168570612386
2026-05-06,0.019607247147742424,0.0038079234350172353
2026-05-07,0.010714189528847395,0.019938026619905402
2026-05-08,0.01758330466714142,0.011497259016855832
2026-05-11,0.011932770316982033,-0.00027009560897228724
2026-05-12,-0.01870873096597947,-0.004469135824815784
2026-05-13,0.0046312818499105735,-0.002718714694421198
2026-05-14,-0.024397320153441204,-0.014463455833297778
2026-05-15,0.0009707677841654938,-0.0036323480778960304
2026-05-18,0.0026481144492338515,0.0053591539835495805
2026-05-19,0.03595699083406445,0.007723673466379255
2026-05-20,0.0034200077740924595,0.003183841933129372
2026-05-21,-0.020327712587511315,-0.008212476336277641
2026-05-22,0.021621012489944302,0.002121751367682112
2026-05-25,0.01456114993743629,0.012156906999652106
2026-05-26,-0.017507872848911643,-0.010997582292405106
2026-05-27,-0.016303873198186714,-0.007130020887578303
2026-05-28,-0.0053121466760684966,0.0028460937365042405
2026-05-29,-0.03871616596193461,-0.021133895583507867
2026-06-01,0.0029726662441762475,0.017466381863313174
2026-06-02,-0.013015478237963785,-0.010117071543869427
2026-06-03,0.003602781639709285,0.0036693447560087744
2026-06-04,-0.01946050852415626,0.0001554369207781292
2026-06-05,0.011104675091773153,0.0017188536395318366
2026-06-08,-0.029217276027459937,-0.006533823139330375
2026-06-09,0.008401420159561246,-0.017312453825368945
2026-06-10,-0.002803637515669588,-0.0043161637562868505
2026-06-11,-0.014773293251604258,-0.005137685140297554
2026-06-12,0.008471467544509226,0.00040151754641359894
2026-06-15,0.01826030059401229,0.009889964495314763
2026-06-16,0.006614739795759217,0.011037757336217702
2026-06-17,0.011409219292183082,0.0018465092327855093
2026-06-18,0.00024301226503653517,-0.005594357154991125
2026-06-22,-0.0236278838654983,-0.016689158521966063
2026-06-23,-0.010045087989463908,-0.00677585935162095
2026-06-24,0.01992204833034772,0.01259863661940952
2026-06-25,-0.01918010834476236,-0.012463663407178194
2026-06-26,-0.01543188078347757,-0.016744709033499783
2026-06-29,0.0034963640486720404,-0.008908945428111381
2026-06-30,0.030944804524100533,0.022551315542857164
2026-07-01,0.02895617699398434,0.0299399775512339
2026-07-02,-0.007335016260923921,-0.005098822281048632
2026-07-03,0.031408006084462814,0.024593078444070215
2026-07-06,-0.011470104487476651,-0.014732858577009678
2026-07-07,-0.034346389627716634,-0.02819424639443424
2026-07-08,-0.019812202597074502,-0.020718387181959508
2026-07-09,-0.005683830342043561,0.00025071301566104154
2026-07-10,0.009712365329165529,0.006131556075706923
2026-07-13,-0.06085109583083359,-0.032354029993469924
2026-07-14,0.02023219695888634,0.023298555225014006
2026-07-15,0.02780508349791222,0.04469306025824871
2026-07-16,-0.006878323287871746,0.015535619085331742
2026-07-17,-0.07208025288552311,-0.020568591569827044
2026-07-20,-0.015863736299615905,0.0008121786206995996
2026-07-21,0.014307127229451266,-0.0017590750040266112
2026-07-22,-0.02456854370804873,0.0029851512708889416
2026-07-23,0.014233629737033793,-0.0019770445693478855
2026-07-24,-0.02509558793594102,-0.013202249090265461
2026-07-27,0.04168496971198854,0.007454441404521672
2026-07-28,-0.03411994594788603,-0.003664846536457045
2026-07-29,-0.006136941062392154,-0.002692129915259578
2026-07-30,-0.039448885529664635,-0.00191457978845333
2026-07-31,0.040983706784651686,0.0015830948549069301
