date,return,equity
2020-01-02,0.0,1000000.0
2020-01-03,0.0,1000000.0
2020-01-06,0.0,1000000.0
2020-01-07,0.0,1000000.0
2020-01-08,0.0,1000000.0
2020-01-09,0.0,1000000.0
2020-01-10,0.0,1000000.0
2020-01-13,0.0,1000000.0
2020-01-14,0.0,1000000.0
2020-01-15,0.0,1000000.0
2020-01-16,0.0,1000000.0
2020-01-17,0.0,1000000.0
2020-01-20,0.0,1000000.0
2020-01-21,0.0,1000000.0
2020-01-22,0.0,1000000.0
2020-01-23,0.0,1000000.0
2020-02-03,0.0,1000000.0
2020-02-04,0.014947666872235366,1014947.6668722355
2020-02-05,0.018672695813303997,1033899.4759221631
2020-02-06,0.006134231972739046,1040241.655143963
2020-02-07,0.016124979394059744,1057015.530398002
2020-02-10,0.01367172691809305,1071466.7580777868
2020-02-11,-0.009124508444576995,1061690.1505956224
2020-02-12,0.006260938684968734,1068337.3275309368
2020-02-13,0.0027466522592302016,1071271.6786652196
2020-02-14,-0.0042383894152466005,1066731.2121215116
2020-02-17,0.015736483582211476,1083517.8103276943
2020-02-18,0.0006239872882138378,1084193.9116678922
2020-02-19,0.00021807849065089786,1084430.3510397216
2020-02-20,-0.0003096730856512064,1084094.5321467414
2020-02-21,-0.0008144892201387922,1083211.5488366964
2020-02-24,-0.000744365803082375,1082405.2432022386
2020-02-25,0.0008945350791782075,1083373.4926621695
2020-02-26,-0.0012796649040315029,1081987.1376256517
2020-02-27,-0.0007885889279246125,1081133.8945487633
2020-02-28,-0.003036052968630464,1077851.5147787316
2020-03-02,0.00561125260933763,1083899.6119035122
2020-03-03,3.622614359789413e-05,1083938.8774064989
2020-03-04,-0.0006529142233964041,1083231.1582961478
2020-03-05,0.001881894813305437,1085269.6853945563
2020-03-06,0.00011283344993162636,1085392.1401172655
2020-03-09,0.001151845091850623,1086642.3437265928
2020-03-10,0.004050574611036528,1091043.8696153688
2020-03-11,-0.0005409459687921725,1090453.673832325
2020-03-12,0.0,1090453.673832325
2020-03-13,0.0,1090453.673832325
2020-03-16,0.0,1090453.673832325
2020-03-17,0.0,1090453.673832325
2020-03-18,-0.001359808600331136,1088970.865548385
2020-03-19,-0.000401175822313693,1088533.996765923
2020-03-20,0.0028616279121408406,1091648.9760343824
2020-03-23,-0.008435969852345404,1082439.8581832126
2020-03-24,0.0037033118956161237,1086448.4705863118
2020-03-25,0.0065674430090317815,1093583.658999137
2020-03-26,-0.005449221115979452,1087624.4798324287
2020-03-27,-0.0020937474933836464,1085347.268804037
2020-03-30,-0.007902384131429963,1076770.4377699492
2020-03-31,-0.004287461091851186,1072153.8264131548
2020-04-01,0.00887450835639858,1081668.664505003
2020-04-02,0.018503927288686772,1101683.7828234544
2020-04-03,-0.004053252856087708,1097218.37988422
2020-04-07,0.012235087958481161,1110642.9432717655
2020-04-08,-0.0004935134342358705,1110094.8260586218
2020-04-09,-0.00053282311038505,1109503.3418805785
2020-04-10,-0.012026648413277885,1096159.735274424
2020-04-13,-0.016019315951719626,1078600.0061415099
2020-04-14,0.017707898937147193,1097699.7460438698
2020-04-15,0.010027071696433465,1108706.4600986086
2020-04-16,0.01163896710166834,1121610.6581131034
2020-04-17,0.006497587749162095,1128898.4217845888
2020-04-20,0.015161768938634924,1146014.5188108764
2020-04-21,-0.0010451031310440857,1144816.815449045
2020-04-22,0.005126004381743026,1150685.1514613298
2020-04-23,0.01067727023032682,1162971.327773507
2020-04-24,0.0005463731588234526,1163606.744091484
2020-04-27,-0.008066492964572874,1154220.5184767405
2020-04-28,-0.009468248273238496,1143292.0720457367
2020-04-29,-0.005871252587266243,1136579.5155097372
2020-04-30,0.030918197854972337,1171720.5058481758
2020-05-06,0.053175832992478876,1234027.7197810214
2020-05-07,-0.005534143602282697,1227198.4331705559
2020-05-08,0.0029012095750328543,1230758.7930153357
2020-05-11,0.002046059824128795,1233276.9991349175
2020-05-12,0.0011425338553878901,1234686.0598595005
2020-05-13,0.001293739034646267,1236283.4214106745
2020-05-14,-0.0035912086795807114,1231843.6696572825
2020-05-15,0.0033076485835200546,1235918.1756263424
2020-05-18,4.347615989143719e-05,1235971.908602559
2020-05-19,0.0032104154028158105,1239939.8918553842
2020-05-20,0.006483203708194769,1247978.6747601999
2020-05-21,-0.004435781922133626,1242442.9135154902
2020-05-22,-0.00606171125105523,1234911.5833278394
2020-05-25,-0.0010439642137167334,1233622.3798277408
2020-05-26,0.01389258139922895,1250760.5791554083
2020-05-27,0.00026963240244379786,1251097.824735248
2020-05-28,-0.002928356212847302,1247434.164647305
2020-05-29,0.0013889772694737712,1249166.8223471649
2020-06-01,0.006454023921873819,1257228.9749010045
2020-06-02,0.0010272570168723249,1258520.4721872867
2020-06-03,0.000994809255738491,1259772.4600015553
2020-06-04,0.02166665051698024,1287067.5096233252
2020-06-05,0.00923849334712126,1298958.0742482762
2020-06-08,-0.008438313436502289,1287997.058876894
2020-06-09,-0.004244496245302121,1282530.1601965306
2020-06-10,0.001630758509525778,1284621.657168995
2020-06-11,-0.0022674584623206904,1281708.8309215666
2020-06-12,-0.0031314451287319193,1277695.2300465244
2020-06-15,0.0006575775480053217,1278535.4137429968
2020-06-16,0.0301706302468953,1317109.632968598
2020-06-17,0.006921207743876769,1326225.622359835
2020-06-18,-0.009996082098588072,1312968.5621574752
2020-06-19,-0.0021796493252802585,1310106.7511168544
2020-06-22,0.009305068300491806,1322297.3839169324
2020-06-23,0.005879105230718533,1330071.3093832838
2020-06-24,-0.002033131969375195,1327367.0988826281
2020-06-29,-0.0013332481492077126,1325597.3891547234
2020-06-30,0.02859626848808422,1363504.5280020954
2020-07-01,0.00658089504438524,1372477.6081934213
2020-07-02,0.0040247992128642175,1378001.554990552
2020-07-03,-0.0033899180301227806,1373330.2426737524
2020-07-06,0.01904218200302973,1399481.447105011
2020-07-07,0.010207513089707326,1413766.6722951378
2020-07-08,0.007923433291009597,1424968.558212121
2020-07-09,0.019887279846522412,1453307.306701781
2020-07-10,0.007168345692837747,1463725.1158741463
2020-07-13,0.009422177573663811,1477516.5938349443
2020-07-14,0.011487045438083297,1494488.8940838485
2020-07-15,-0.0024967437760147625,1490757.5382392216
2020-07-16,-0.004500590225683789,1484048.2494337577
2020-07-17,-7.509079163165758e-05,1483936.811075888
2020-07-20,0.0023230293667143003,1487384.0398663657
2020-07-21,0.0008833400182795265,1488697.90571133
2020-07-22,-0.00011614064308050306,1488525.0073792082
2020-07-23,4.4180125163995596e-05,1488590.770600344
2020-07-24,-0.0017672438053520049,1485960.0677822963
2020-07-27,-0.003552183981683077,1480681.6642320994
2020-07-28,0.006181356475980373,1489834.285426166
2020-07-29,0.01728592352821894,1515587.4469537614
2020-07-30,-0.0033600977233858575,1510494.9250236598
2020-07-31,-0.0008505918610405711,1509210.1103342916
2020-08-03,0.020675815345378743,1540414.2598929422
2020-08-04,-0.006390937109395891,1530569.5692355498
2020-08-05,0.0056654088594918495,1539240.8716331655
2020-08-06,0.0034029626177141115,1544478.850778991
2020-08-07,-0.004911019138248818,1536893.8855841944
2020-08-10,0.0013845501848233077,1539021.792297534
2020-08-11,-0.010119305367667253,1523447.9608137808
2020-08-12,0.0030559374041172482,1528103.5224204578
2020-08-13,0.0013514006794146383,1530168.6025588727
2020-08-14,0.002665011239421644,1534246.5190829025
2020-08-17,0.004612465251896736,1541323.177840016
2020-08-18,-0.00011233555216050295,1541150.0324497756
2020-08-19,-0.0038998308203169185,1535139.8080544956
2020-08-20,-0.008890565432583875,1521491.5471428228
2020-08-21,-0.0013613131446130189,1519420.3207002794
2020-08-24,-0.0011805187371283221,1517626.6165421193
2020-08-25,-0.0018477988220675368,1514822.3478677345
2020-08-26,-0.004413507576595865,1508136.6679582235
2020-08-27,0.00042803740641095267,1508782.2068660897
2020-08-28,0.0007047172518422906,1509845.4717165406
2020-08-31,0.0019177611392632299,1512740.9946884913
2020-09-01,-0.0002892017440416783,1512303.507354544
2020-09-02,-0.003281315272316343,1507341.1627594843
2020-09-03,-0.0020167501331980753,1504301.232268714
2020-09-04,0.00276558814319694,1508461.509920473
2020-09-07,-0.012597519766771259,1489458.6362318362
2020-09-08,-0.0036350493658635075,1484044.380560722
2020-09-09,-0.015875485674287704,1460484.455257123
2020-09-10,-0.007011158622059255,1450244.7670762634
2020-09-11,0.018477856538996917,1477042.1818287296
2020-09-14,0.007648568273000533,1488339.4397985484
2020-09-15,0.01679796906388098,1513340.5196648384
2020-09-16,-0.0008235188392619053,1512094.255236676
2020-09-17,0.02164600339844036,1544825.052624291
2020-09-18,0.01733788950253201,1571609.0586874343
2020-09-21,-0.0004453268796227692,1570909.1789293422
2020-09-22,-8.390808593888827e-05,1570777.3669469545
2020-09-23,0.011789892863769134,1589296.6638160925
2020-09-24,-0.005154573623644873,1581104.517152639
2020-09-25,-0.006526236232874233,1570785.8555648366
2020-09-28,-0.01713511827548296,1543870.2541442774
2020-09-29,0.011518178467296525,1561652.8272618619
2020-09-30,0.005544012455540557,1570310.649987432
2020-10-09,0.01648101363723774,1596190.9612245746
2020-10-12,0.013275597121699843,1617381.3493550909
2020-10-13,0.0005069064033666778,1618201.2103177647
2020-10-14,-0.0035517409642591056,1612453.7787906653
2020-10-15,-0.0019238242515220855,1609351.7011065697
2020-10-16,-0.0007386810890286022,1608162.903439366
2020-10-19,-0.001961804221633598,1605008.0026663244
2020-10-20,0.0009653256056413572,1606557.3579885575
2020-10-21,-0.002915882094873409,1601872.8261540115
2020-10-22,-0.0006885382520218236,1600769.8754383302
2020-10-23,-0.0053315938561770155,1592235.2206052898
2020-10-26,0.0005843169462175352,1593165.590627054
2020-10-27,-0.002252300461657315,1589577.3030317882
2020-10-28,0.0019583742480660526,1592690.290287356
2020-10-29,-0.004533576665916528,1585469.7067512772
2020-10-30,-0.008735501180849037,1571619.8342557512
2020-11-02,-0.005699603187165891,1562662.224839414
2020-11-03,0.010760721882168922,1579477.5984366825
2020-11-04,0.00023477269536004153,1579848.416649728
2020-11-05,0.007563272827970979,1591797.2412516882
2020-11-06,-0.014369778749212025,1568923.4670812956
2020-11-09,0.01886501219515968,1598521.2274210562
2020-11-10,-0.010786088337183364,1581279.43625323
2020-11-11,-0.01394971492424718,1559221.0389019235
2020-11-12,0.0059589053889564925,1568512.2895532101
2020-11-13,0.00393344466252632,1574681.9458466603
2020-11-16,0.00582228359852921,1583850.1907128636
2020-11-17,-0.006765649980576216,1573134.4147008315
2020-11-18,-0.0032994911248419023,1567943.8716613427
2020-11-19,0.0029533318084651317,1572574.5301714083
2020-11-20,-0.002813460694091552,1568150.1535422415
2020-11-23,-0.0028735389855741866,1563644.0129408038
2020-11-24,-0.005415669769300302,1555175.8333299728
2020-11-25,-0.009598387349045945,1540248.6532857965
2020-11-26,-0.0032058569906579515,1535310.8363733087
2020-11-27,-0.003405640879926397,1530082.119025562
2020-11-30,-0.0009952922956115162,1528559.2400808427
2020-12-01,0.00039249685669240364,1529159.1947778426
2020-12-02,0.00029401324175593047,1529608.78782986
2020-12-03,0.0030117970022439655,1534215.6589916523
2020-12-04,-0.00026953838403381836,1533802.1289821682
2020-12-07,-0.0006193218969837155,1532852.2117380495
2020-12-08,-0.001318550092820947,1530831.0693119813
2020-12-09,-0.001519531056376644,1528504.9239600955
2020-12-10,-0.0006868844905820737,1527455.0176340488
2020-12-11,-0.007160764903544337,1516517.2713520322
2020-12-14,0.0028322683280010974,1520812.4551885494
2020-12-15,0.006042931465822465,1530002.620627623
2020-12-16,-0.006645996329267323,1519834.2288271626
2020-12-17,0.009985479946211129,1535010.5030406816
2020-12-18,-0.0028891574825089528,1530575.6159600916
2020-12-21,-0.0019361701521365404,1527612.1611368817
2020-12-22,-0.0020848586471162722,1524427.3057132952
2020-12-23,-0.002662288484956976,1520368.840451141
2020-12-24,-0.008386659795557527,1507618.0242225109
2020-12-25,0.008228426062279248,1520023.347664985
2020-12-28,-0.006869577945305849,1509581.4287995158
2020-12-29,0.0004180206732957714,1510212.4650447771
2020-12-30,-0.00868812430023147,1497091.5514287094
2020-12-31,0.019173408743726306,1525795.8996710312
2021-01-04,0.005037032541717612,1533481.3832696935
2021-01-05,0.015290062984152697,1556928.4102049128
2021-01-06,-0.014239355367483442,1534758.753290274
2021-01-07,-0.016164621479471897,1509949.9589810304
2021-01-08,-0.0008260837573768609,1508702.6138454645
2021-01-11,-0.0071615127699967696,1497898.0208102826
2021-01-12,0.015875559861146415,1521677.990505549
2021-01-13,-0.01794275240627669,1494374.8990798271
2021-01-14,0.00658446716596512,1504214.5615364609
2021-01-15,0.005858083515605674,1513026.3760633315
2021-01-18,0.003467110818191108,1518272.2061799893
2021-01-19,0.009254343080381085,1532322.818065386
2021-01-20,0.0007325103351923865,1533445.2603664699
2021-01-21,0.006479193339983146,1543380.748684665
2021-01-22,-0.0016472262111664228,1540838.4514616218
2021-01-25,0.010380797406841556,1556833.5832629164
2021-01-26,-0.003627793929527811,1551185.71184027
2021-01-27,-0.0023604406968685257,1547524.2299576416
2021-01-28,-0.011848796244640539,1529187.9306732293
2021-01-29,-0.003171379924340349,1524338.2947693486
2021-02-01,0.008268479437427891,1536942.2546153332
2021-02-02,-0.0013948414187398028,1534798.4639003843
2021-02-03,-0.005981580879228829,1525617.942755248
2021-02-04,-0.00570635465697906,1516912.2257028355
2021-02-05,-0.011442320472720147,1499555.2298873567
2021-02-08,0.0009775423701010588,1501021.1086608781
2021-02-09,0.005918017635947348,1509904.1780538624
2021-02-10,-0.005099787611647755,1502203.9874318482
2021-02-18,0.009401224110276496,1516326.543777046
2021-02-19,0.00913528572049449,1530178.6200000194
2021-02-22,0.014501981202358682,1552369.2415835105
2021-02-23,-0.002151877574695371,1549028.7330249
2021-02-24,-0.0007148070612226776,1547921.4763484972
2021-02-25,-0.011737293714482566,1529753.0673336391
2021-02-26,-0.004155231981512741,1523396.588464437
2021-03-01,0.020477214445379754,1554591.5070917832
2021-03-02,-0.008654284489516662,1541137.6299244247
2021-03-03,0.0035364091502511075,1546587.7231406856
2021-03-04,-0.013110784589401792,1526310.7446539744
2021-03-05,-0.003512067386286344,1520950.2384663369
2021-03-08,-0.007869399846028191,1508981.2728939333
2021-03-09,-0.023072895443397357,1474164.7057584068
2021-03-10,-0.001114816268912587,1472521.2829613704
2021-03-11,0.013032111012136442,1491711.3437886569
2021-03-12,-0.003830618257289039,1485997.167080535
2021-03-15,-0.01646256223710348,1461533.846233312
2021-03-16,-0.001199133280372842,1459781.2723579025
2021-03-17,0.005132745204288716,1467273.9576829078
2021-03-18,0.01162505383916647,1484331.0964377786
2021-03-19,-0.004213946767559377,1478076.2042119566
2021-03-22,0.001506689246469809,1480303.2057343058
2021-03-23,-0.009640735140716476,1466031.9945998676
2021-03-24,-0.004760788381392674,1459052.5265132266
2021-03-25,0.002101469095299992,1462118.6803061138
2021-03-26,0.011472438728727368,1478892.7472800533
2021-03-29,-0.003326437111791812,1473973.303561141
2021-03-30,0.015898460451268383,1497407.2098340334
2021-03-31,-0.012987231554814746,1477960.0356680697
2021-04-01,0.01590825982713753,1501471.807929603
2021-04-02,0.011967994179491438,1519441.413787575
2021-04-06,0.0035359640248719365,1524814.1039646284
2021-04-07,-0.003907943789418205,1518855.2161570226
2021-04-08,0.002452260498757907,1522579.8448069368
2021-04-09,-0.0018982071194840386,1519689.6729055413
2021-04-12,-0.019711928945667413,1489733.6580537627
2021-04-13,-0.004906043517803076,1482424.959897415
2021-04-14,0.0194996034050009,1511331.6586930891
2021-04-15,0.0014828763941805434,1513572.776733543
2021-04-16,0.004246059756055898,1519999.497188693
2021-04-19,0.0153834612444526,1543382.3505452827
2021-04-20,-0.002089263057637755,1540157.8188164781
2021-04-21,0.00237209366780334,1543811.2174259105
2021-04-22,0.005478246765759286,1552268.5962347167
2021-04-23,-0.00022461674897339954,1551919.9307090968
2021-04-26,0.0018563922983161622,1554800.9029160684
2021-04-27,-0.0017356050221256974,1552102.382660562
2021-04-28,4.4468965770858436e-05,1552171.4030482895
2021-04-29,-0.007536567133585113,1540473.359066385
2021-04-30,0.012919458070905096,1560375.4400381895
2021-05-06,-0.00965866061308199,1545304.3032338722
2021-05-07,-0.018806112453467676,1516243.1367324286
2021-05-10,-0.0025515611686826563,1512374.3496224603
2021-05-11,0.0005906270317440339,1513267.5987954636
2021-05-12,0.009099506974036463,1527037.5878642863
2021-05-13,0.001128474656634857,1528760.8110819203
2021-05-14,0.005551752454567091,1537248.1126672903
2021-05-17,0.016665197973364635,1562866.6567990722
2021-05-18,0.027228335579700294,1605420.9145967215
2021-05-19,0.013215509748708339,1626637.3703443548
2021-05-20,0.002940951540301307,1631421.2320241807
2021-05-21,-0.001975520888292878,1628198.3253027126
2021-05-24,0.0013499201898989764,1630396.2630951984
2021-05-25,0.019047806264032897,1661451.735248239
2021-05-26,0.0013045057559222086,1663619.1086000574
2021-05-27,0.014122035227854036,1687112.7962574384
2021-05-28,-0.0030619618818605635,1681946.921184899
2021-05-31,0.01736837237289368,1711159.6016234804
2021-06-01,0.0012248543085195194,1713255.5228340938
2021-06-02,-0.0018372371162375645,1710107.8661979442
2021-06-03,-0.0058883678985808,1700038.1219355136
2021-06-04,-0.0013224157495768855,1697789.964748185
2021-06-07,0.0015395436751067353,1700403.7865500725
2021-06-08,-0.0020295128749308914,1696952.7951726879
2021-06-09,-0.001441848868620878,1694506.0457048651
2021-06-10,0.018012176927478238,1725027.7884047825
2021-06-11,-0.0015799528960046792,1722302.3257548038
2021-06-15,0.00479956512137455,1730568.627925959
2021-06-16,-0.0038786735721345828,1723856.3171240573
2021-06-17,0.0035180615489569076,1729920.949749258
2021-06-18,0.0054922049316452615,1739422.0301208275
2021-06-21,0.006012914702347216,1749881.0264193278
2021-06-22,-0.008511549859418377,1734986.8268149095
2021-06-23,4.822690775596605e-05,1735070.499864564
2021-06-24,-0.00497350572898575,1726441.1167932935
2021-06-25,0.009320504681677444,1742532.419305006
2021-06-28,0.005974550094252962,1752943.2665350034
2021-06-29,-0.00484386146787813,1744452.2521908584
2021-06-30,0.006475883386505954,1755749.121549374
2021-07-01,-0.012018364384257019,1734647.8888392542
2021-07-02,-0.008104741181767183,1720589.016658713
2021-07-05,0.006234905660107093,1731316.7268573965
2021-07-06,0.0005938311948184283,1732344.8367379152
2021-07-07,0.01152710478408614,1752313.7571931637
2021-07-08,0.02738706432156357,1800304.4867729738
2021-07-09,0.010425055488199048,1819072.7609432358
2021-07-12,0.023068297338042755,1861035.6722722086
2021-07-13,-0.00035818186608475,1860369.083042264
2021-07-14,-0.0013530449956627598,1857851.9199643678
2021-07-15,-0.0014172462682748913,1855218.8862637908
2021-07-16,0.00200191424658985,1858932.875382745
2021-07-19,0.0025011664294961157,1863582.375885339
2021-07-20,0.001451755860489747,1866287.842521036
2021-07-21,0.0042159103340791496,1874155.9447226867
2021-07-22,0.01747656164222384,1906909.746617773
2021-07-23,0.0021558583916189925,1911020.7739970793
2021-07-26,-0.00012547285037685523,1910780.9927734365
2021-07-27,0.001655128327145571,1913943.580521547
2021-07-28,-0.004767845928105374,1904818.1924145338
2021-07-29,0.00518531983921746,1914695.2839777633
2021-07-30,-0.0014186886270715737,1911978.9275540763
2021-08-02,0.005812818787114815,1923092.9145847303
2021-08-03,0.0027220707006658795,1928327.7094621793
2021-08-04,9.652062302223374e-05,1928513.8328540875
2021-08-05,-0.0013865057803818526,1925839.9372772886
2021-08-06,-0.005225613783669925,1915776.2415559106
2021-08-09,0.0023135270890146664,1920208.441787241
2021-08-10,0.0025060678515848034,1925020.6144315454
2021-08-11,0.00040559113061211516,1925801.3857190046
2021-08-12,0.004261754264068829,1934008.6779863422
2021-08-13,0.0036257067891679595,1941020.8263804272
2021-08-16,-0.002076573544867899,1936990.153882328
2021-08-17,-0.015373435310924943,1907211.9610537195
2021-08-18,0.005798445741247105,1918270.8261269468
2021-08-19,0.0006997603821265463,1919613.1560532597
2021-08-20,-0.008221213247913028,1903831.6069438467
2021-08-23,0.028834384747392305,1958727.4199927119
2021-08-24,0.008316776870536557,1975017.718894993
2021-08-25,0.013372807681594434,2001429.251017517
2021-08-26,-0.009627762888304192,1982159.9647510042
2021-08-27,-0.0076029891256059745,1967089.6240937908
2021-08-30,-0.004545862654259103,1958147.504834042
2021-08-31,-0.0026486717871431753,1952961.014782923
2021-09-01,0.0004374339502982716,1953815.306234398
2021-09-02,-0.007124367491724737,1939895.6079818273
2021-09-03,-0.0020404452554642198,1935937.357192425
2021-09-06,0.010482463237032696,1956230.7493683926
2021-09-07,0.0014333428640751818,1959034.698753484
2021-09-08,-0.00853855586595634,1942307.3715348307
2021-09-09,0.00322934017042837,1948579.7427530473
2021-09-10,-0.00749132597566592,1933982.296710505
2021-09-13,-0.01342618044284923,1908016.3014215936
2021-09-14,0.005921639150874404,1919314.8854525986
2021-09-15,-0.007026118938635568,1905829.550786715
2021-09-16,-0.010900325104126363,1885055.3890900884
2021-09-17,0.0007201242304922163,1886412.8631515922
2021-09-22,-0.007866955083545703,1871572.5378881556
2021-09-23,-0.007396106696170719,1857730.1877083117
2021-09-24,0.00017104675602497288,1858047.946430489
2021-09-27,0.001465273059616412,1860770.4940298689
2021-09-28,-0.010857904457282685,1840566.4257887618
2021-09-29,-0.011916810554384816,1818632.744379876
2021-09-30,0.010724308754803236,1838136.3234422011
2021-10-08,-0.0012816342020691707,1835780.5050620118
2021-10-11,-0.001271120594214692,1833447.0066555697
2021-10-12,-0.0062197727053353025,1822043.3830068947
2021-10-13,0.006937773889308274,1834684.308014707
2021-10-14,0.006818914857006586,1847194.8641005454
2021-10-15,-0.0022679722914722977,1843005.4773318155
2021-10-18,-0.0006376574867013041,1841830.2710911634
2021-10-19,-0.0006957761952804953,1840548.769432791
2021-10-20,0.0021635988270969353,1844530.9785915506
2021-10-21,0.00038903336692031054,1845248.562688541
2021-10-22,-0.0008727164639645291,1843638.1838877755
2021-10-25,0.02233008074453413,1884806.773397696
2021-10-26,0.0030481096187078283,1890551.871053095
2021-10-27,-0.0067327071240204095,1877823.339002526
2021-10-28,-0.018161208246791738,1843719.7982922152
2021-10-29,0.025094045105078622,1889986.1860716864
2021-11-01,0.010579577845726686,1909981.44205458
2021-11-02,-0.010810003303241575,1889334.5363568398
2021-11-03,0.0017676826792484479,1892674.280292064
2021-11-04,0.046315521148606695,1980334.4759483547
2021-11-05,0.003345431406551493,1986959.549099669
2021-11-08,-0.001932155267770652,1983120.434740029
2021-11-09,0.018093239457745856,2019001.5076393294
2021-11-10,0.006730692320389123,2032590.7855816516
2021-11-11,0.010364088934999901,2053656.737251881
2021-11-12,0.0173921123846717,2089374.1660257038
2021-11-15,0.006170171417395937,2102265.962785161
2021-11-16,-0.0039328933597018775,2093997.974939796
2021-11-17,0.006048023627262732,2106662.524167672
2021-11-18,0.0015008591062378599,2109824.327800839
2021-11-19,0.004930888760233347,2120227.636864859
2021-11-22,0.008582034852710578,2138423.504340113
2021-11-23,0.006641397095326707,2152625.623990416
2021-11-24,0.003476490913555711,2160109.207412506
2021-11-25,0.009138627178160658,2179849.640123161
2021-11-26,-0.0008279137213954898,2178044.9126955243
2021-11-29,0.0006762428967192513,2179517.80009647
2021-11-30,0.0002409734371319704,2180043.00599205
2021-12-01,0.0002211461507801324,2180525.11411136
2021-12-02,-0.004908507886117101,2169821.9893928682
2021-12-03,0.006634465443850853,2184217.598400803
2021-12-06,-0.0015939467764030445,2180736.0718008694
2021-12-07,-0.010434660327742856,2157980.831627171
2021-12-08,0.012637379095606506,2185252.0534774954
2021-12-09,0.0030788551652000205,2191980.128049609
2021-12-10,-0.004238155255680761,2182690.1759495675
2021-12-13,2.6244737569902643e-05,2182747.4600804313
2021-12-14,0.003822712775317094,2191091.4766813717
2021-12-15,-0.003665720128597172,2183059.5485517033
2021-12-16,0.002344623610415375,2188178.0015121805
2021-12-17,-0.006253356207198635,2174494.5450239684
2021-12-20,0.01225568294158852,2201144.4607259957
2021-12-21,0.01621323471901559,2236832.132518207
2021-12-22,0.010506750845410973,2260333.9704175857
2021-12-23,-0.0005684713438002809,2259049.0353279845
2021-12-24,-0.004086299716844266,2249817.8838945865
2021-12-27,0.002236678070487552,2254850.0022180844
2021-12-28,0.007566814867368987,2271912.034738555
2021-12-29,-0.0009903872176997286,2269661.9620996118
2021-12-30,0.012136737504240491,2297208.253556974
2021-12-31,0.00450120665624254,2307548.4626386603
2022-01-04,-0.009698991669960633,2285167.569321498
2022-01-05,-0.0048995770745767775,2273971.214687284
2022-01-06,-0.007803325253380178,2256226.677682255
2022-01-07,-0.0038884429415795285,2247453.468982818
2022-01-10,0.013565265246697655,2277940.771419181
2022-01-11,-0.002427776384878455,2272410.440608178
2022-01-12,0.010766765772530884,2296876.95156126
2022-01-13,-0.01197434774156203,2269373.3482236867
2022-01-14,0.014644268561603835,2302606.66100162
2022-01-17,0.011271503726516863,2328560.500561802
2022-01-18,-0.009129434109880319,2307302.0609010537
2022-01-19,-0.006562098256757076,2292161.3180694026
2022-01-20,-0.016249444061569307,2254914.970951341
2022-01-21,-0.012273187527383322,2227239.976654551
2022-01-24,0.011375484979191422,2252575.9115540395
2022-01-25,-0.012502125235779508,2224413.9254046907
2022-01-26,-0.0012208620043716101,2221698.222961169
2022-01-27,-0.019657294277221272,2178025.647197242
2022-01-28,-0.003963219659564169,2169393.653133235
2022-02-07,-0.0009955116766370295,2167233.9964203187
2022-02-08,-0.008300425507496774,2149245.032075717
2022-02-09,0.007709667766140912,2165814.9972210503
2022-02-10,-0.014412971263211553,2134599.167904671
2022-02-11,-0.012631012475528313,2107637.0191846145
2022-02-14,0.004438623885201838,2116992.027199303
2022-02-15,0.00834911361396564,2134667.0341542494
2022-02-16,0.006878522497172917,2149350.3893726533
2022-02-17,0.001332672535364473,2152214.769605445
2022-02-18,0.0029012981338090438,2158458.9863000577
2022-02-21,0.0020490448970118522,2162881.765671345
2022-02-22,-0.01302925434177788,2134701.0290352195
2022-02-23,0.019361678443624925,2176032.4239326743
2022-02-24,-0.003002512230974893,2169498.8599648187
2022-02-25,0.020488465601890143,2213948.562730548
2022-02-28,0.004227069196513705,2223307.076502732
2022-03-01,-0.0006864883299926667,2221780.8021407225
2022-03-02,-0.0002311354009584864,2221267.269944178
2022-03-03,-0.008490264096605575,2202408.1241932055
2022-03-04,-0.002916012745934046,2195985.87403131
2022-03-07,-0.00898537667891063,2176254.113771572
2022-03-08,-0.020443235505173817,2131764.438404636
2022-03-09,-0.012183009240529234,2105793.132552921
2022-03-10,0.025953447390376798,2160445.72383365
2022-03-11,0.020065308279465437,2203795.7333034254
2022-03-14,-0.0071453457385500935,2188048.850851831
2022-03-15,-0.009027858834581608,2168295.454703172
2022-03-16,0.006658139545443675,2182732.268416337
2022-03-17,0.01271156867943585,2210478.2195551326
2022-03-18,-0.00772880722021516,2193393.859531706
2022-03-21,0.013309666690087183,2222587.200722157
2022-03-22,-0.00893814754446493,2202721.388391663
2022-03-23,0.010308545728581918,2225428.2425512234
2022-03-24,-0.003299394562516569,2218085.6767084794
2022-03-25,-0.014912779272782834,2185007.854603605
2022-03-28,-0.0060769715662644976,2171729.623999114
2022-03-29,-0.0033681814826283956,2164414.844494285
2022-03-30,0.018767224407626962,2205034.9035921083
2022-03-31,-0.004518533048097739,2195071.380508018
2022-04-01,0.0013076965559186448,2197941.8677923046
2022-04-06,-0.007956328567624252,2180454.320119611
2022-04-07,-0.007866279568478046,2163302.2568512545
2022-04-08,-0.002003200549410974,2158968.728581788
2022-04-11,-0.018655564537291922,2118691.9481317354
2022-04-12,0.0030418449692747613,2125136.6805756027
2022-04-13,-0.009395065666368512,2105170.8819115865
2022-04-14,0.005779928534024933,2117338.619160946
2022-04-15,0.0071287352276805695,2132432.565564287
2022-04-18,0.00849384396751905,2150545.1150474465
2022-04-19,-0.007827244281188162,2133712.273094254
2022-04-20,-0.005580888696095033,2121804.262388623
2022-04-21,-0.008812070864183116,2103106.7728685285
2022-04-22,-0.0063745697693004455,2089700.3720125903
2022-04-25,-0.018531586143219755,2050974.9095551206
2022-04-26,-0.01029291492849757,2029864.3992905868
2022-04-27,0.016569149663618464,2063497.5263192833
2022-04-28,-0.003601574120470369,2056065.687030837
2022-04-29,0.01769886509758035,2092455.7162573598
2022-05-05,0.008743039740339992,2110750.1397395
2022-05-06,-0.005871775430136764,2098356.28892982
2022-05-09,0.0049239240836873735,2108688.435997038
2022-05-10,0.03122721200791412,2174536.896846555
2022-05-11,0.01363188732349601,2204179.9388051517
2022-05-12,0.0012082168478862911,2206843.066142989
2022-05-13,-0.0014316077819585228,2203683.7324359375
2022-05-16,0.0002046787491555442,2204134.7796658273
2022-05-17,0.01353653753744133,2233971.132848354
2022-05-18,0.003981042679307895,2242864.667272565
2022-05-19,0.007558860673109777,2259818.1688011196
2022-05-20,0.0031005654201294074,2266824.8828710844
2022-05-23,0.0028055722405649175,2273184.623836689
2022-05-24,-0.018718361362464346,2230634.3326041163
2022-05-25,0.0009889547303832027,2232840.3289791006
2022-05-26,-0.0008777185515115458,2230880.5235997923
2022-05-27,-0.003111367843886203,2223939.4336751117
2022-05-30,0.005572725466013278,2236332.8375920244
2022-05-31,0.013840393984583985,2267284.5651449603
2022-06-01,0.008522237294503314,2286606.9022232904
2022-06-02,0.022812177879651944,2338769.385617648
2022-06-06,0.011533053081453793,2365742.5370872547
2022-06-07,-0.006220616386278287,2351026.160295334
2022-06-08,-0.0024495191575891117,2345267.2766756983
2022-06-09,-0.006952434683830594,2328961.959118485
2022-06-10,0.005492849226803308,2341754.5960148834
2022-06-13,-0.0008016201164957345,2339877.398422822
2022-06-14,-0.004616924560949261,2329074.360992433
2022-06-15,0.0017790354998582678,2333217.8669624487
2022-06-16,0.012482284834478467,2362341.7569587687
2022-06-17,0.0002807830529233413,2363005.0624893364
2022-06-20,0.007588189850204012,2380935.9935204983
2022-06-21,-0.001229183198817178,2378009.3869998036
2022-06-22,-0.004778232832311899,2366646.7044712952
2022-06-23,0.004657829626422225,2377670.141606656
2022-06-24,0.0010385467988195016,2380139.46332087
2022-06-27,-0.00013864031527092445,2379809.4800352864
2022-06-28,0.006996670392748097,2396460.222564631
2022-06-29,-0.000490639525351272,2395284.424458509
2022-06-30,0.004609188772922036,2406324.7425356777
2022-07-01,-0.005149457568970691,2393933.475376826
2022-07-04,0.006394014507758852,2409240.320748995
2022-07-05,-0.002066033852745814,2404262.7486869274
2022-07-06,-0.00027220272432747764,2403608.301816736
2022-07-07,-0.004981643010409836,2391634.3833202273
2022-07-08,0.0010550233919412128,2394157.613539601
2022-07-11,-0.002162202921902489,2388980.9589521107
2022-07-12,-0.0015683907447632257,2385234.103326675
2022-07-13,-0.00042765777759200437,2384214.0394110098
2022-07-14,0.0007185375661721733,2385927.1867641215
2022-07-15,-0.00018034020666351692,2385496.9081621766
2022-07-18,-0.00031391409660080916,2384748.067055307
2022-07-19,6.466997446274991e-05,2384902.288651903
2022-07-20,0.000540386321614239,2386191.057227077
2022-07-21,0.0004060056130783529,2387159.8641901887
2022-07-22,0.00011669180676965318,2387438.426187789
2022-07-25,0.0,2387438.426187789
2022-07-26,0.0,2387438.426187789
2022-07-27,0.0,2387438.426187789
2022-07-28,0.0,2387438.426187789
2022-07-29,0.0,2387438.426187789
2022-08-01,0.0005630350478185164,2388782.6376962415
2022-08-02,-0.0016261615802536933,2384898.091147243
2022-08-03,0.000951689456810012,2387167.773516154
2022-08-04,0.0013162643261022122,2390309.9172968543
2022-08-05,0.0019083090020851623,2394871.367229805
2022-08-08,0.0006519304570372642,2396432.656814788
2022-08-09,0.0001228355680631399,2396727.023981513
2022-08-10,0.0018071083219318163,2401058.1693319487
2022-08-11,0.004108253524824024,2410922.325019414
2022-08-12,-0.000831187446738213,2408918.396647797
2022-08-15,-0.0005932633669673559,2407489.2736090524
2022-08-16,0.0020574329631516397,2412442.5213990095
2022-08-17,-0.0007464336141574934,2410641.7932088147
2022-08-18,0.0019874534493137808,2415432.831555788
2022-08-19,-0.0006292953948544566,2413912.8107983097
2022-08-22,0.004664451390046898,2425172.3897640896
2022-08-23,-0.003941623500738678,2415613.273279253
2022-08-24,-0.012833265459289422,2384613.0668962775
2022-08-25,3.153232916830451e-05,2384688.2593004415
2022-08-26,-0.007902843486996325,2365842.441221912
2022-08-29,-0.002518954071233037,2359882.9927727003
2022-08-30,-0.0026988386920442364,2353514.0492431084
2022-08-31,-0.011702248241860391,2325972.6435981593
2022-09-01,-0.009588639892929629,2303669.7295178906
2022-09-02,0.010885876194565713,2328747.1929865917
2022-09-05,-0.008083001995486172,2309923.924778698
2022-09-06,0.0009539686198586361,2312127.5197171974
2022-09-07,0.018386027756514323,2354638.360471319
2022-09-08,-0.013385539069423136,2323120.256702868
2022-09-09,-0.002991701657443724,2316170.173980449
2022-09-13,0.0019935494881427873,2320787.573845239
2022-09-14,-0.0011728332916920436,2318065.6769156884
2022-09-15,-0.020993801138530777,2269400.6670684665
2022-09-16,-0.0023350079149527248,2264101.598548663
2022-09-19,-0.0077838010723927376,2246478.2820978737
2022-09-20,0.007333078551724381,2262951.88380524
2022-09-21,-0.005286552966190183,2250988.6688115634
2022-09-22,0.007305450567246741,2267433.155258999
2022-09-23,-0.012080934142797484,2240040.44463712
2022-09-26,0.014753465473041238,2273088.8039952894
2022-09-27,0.011224390800278948,2298602.841055071
2022-09-28,-0.008673908807809133,2278664.9696263885
2022-09-29,0.01085124158144959,2303391.313694991
2022-09-30,-0.012806702108125873,2273892.4673020546
2022-10-10,-0.01716792939647556,2234854.4419682357
2022-10-11,-0.00493838526447677,2223817.8697237694
2022-10-12,0.014318576330193093,2255659.775635857
2022-10-13,0.0017082628046687063,2259513.035330563
2022-10-14,0.029786821731042357,2326816.747312921
2022-10-17,0.010074649619044296,2350258.6107698227
2022-10-18,0.0004992408890150577,2351431.9559680787
2022-10-19,-0.00427198505365863,2341386.6737974877
2022-10-20,0.025639819629476104,2401419.405796514
2022-10-21,-0.005257466315232803,2388794.0241617924
2022-10-24,-0.005153058890324057,2376484.427878433
2022-10-25,0.004501237422966434,2387181.5485202963
2022-10-26,0.018046390904881297,2430261.5599058135
2022-10-27,-0.0037401654976294166,2421171.979469239
2022-10-28,-0.007310919556597313,2403470.9858946516
2022-10-31,0.004575061436691032,2414467.013316424
2022-11-01,0.009350882857220846,2437044.41152057
2022-11-02,0.022386523933501445,2491601.364566081
2022-11-03,0.016601475427091738,2532965.6233940334
2022-11-04,0.013004491459138765,2565905.553209753
2022-11-07,0.0032987407920914533,2574369.81052678
2022-11-08,0.0012115072728561738,2577488.6782752546
2022-11-09,-0.007090577392717096,2559212.7953230916
2022-11-10,-0.009662013408700357,2534485.6469789627
2022-11-11,0.006004194620171568,2549703.192065456
2022-11-14,0.0015916303241468811,2553761.3769835215
2022-11-15,0.03052218357791673,2631707.750546006
2022-11-16,-0.0012735643764691877,2628356.101305633
2022-11-17,-0.0002810971548007027,2627617.2778837527
2022-11-18,-0.004283475557233657,2616361.943500173
2022-11-21,0.005677059913390903,2631215.187008539
2022-11-22,-0.006167776626152291,2614986.4394797315
2022-11-23,-0.0005746411653679756,2613483.7606247272
2022-11-24,0.0023551226831874774,2619638.835511517
2022-11-25,-0.006933317820966234,2601476.046888769
2022-11-28,-0.005463587499025911,2587262.6548799723
2022-11-29,0.0038690188266227604,2597272.822801121
2022-11-30,-0.0016370049722686537,2593021.0742758573
2022-12-01,0.005460687783338449,2607180.7527780947
2022-12-02,0.00435624850167415,2618538.280025978
2022-12-05,0.00044680375003608485,2619708.252749107
2022-12-06,0.0011101544214591555,2622616.533448829
2022-12-07,0.0027262862989015516,2629766.536971243
2022-12-08,0.0021807610120836386,2635501.429305952
2022-12-09,2.6916568678970577e-05,2635572.3679611776
2022-12-12,-0.002749969972629482,2628324.6230885927
2022-12-13,-0.0027997503370273354,2620965.9703392833
2022-12-14,0.0015393757607891675,2625000.6218238766
2022-12-15,0.00280430254573516,2632361.917750214
2022-12-16,-0.006853442067713655,2614321.1778456573
2022-12-19,-0.007351010165620342,2595103.276291117
2022-12-20,-0.00034357661493572556,2594211.65949204
2022-12-21,-0.005850908858383352,2579033.163512997
2022-12-22,-0.007542275179765634,2559581.3856960405
2022-12-23,-0.0023036069823854644,2553685.1161439675
2022-12-26,0.030297601541007246,2631055.6502540987
2022-12-27,0.018747758488373956,2680382.0461545344
2022-12-28,0.00667134981441142,2698263.8124206993
2022-12-29,-0.0037245191276767953,2688214.0772398207
2022-12-30,-0.00651725431562078,2670694.302443617
2023-01-03,0.022910507711080497,2731881.2648536903
2023-01-04,-0.004004175751596407,2720942.3321367227
2023-01-05,0.008472198483554787,2743994.695636891
2023-01-06,0.0056188275467051385,2759412.7286207485
2023-01-09,0.0025083500442327055,2766334.3016606406
2023-01-10,0.0017764716542260331,2771248.616133654
2023-01-11,-0.0011341969524217368,2768105.4743988323
2023-01-12,0.0015869450689492384,2772498.305731761
2023-01-13,-3.483313376399445e-05,2772401.730927417
2023-01-16,0.013843421044433998,2810781.255392963
2023-01-17,0.009835376127551221,2838426.3462520232
2023-01-18,0.0019752208490694196,2844032.865149688
2023-01-19,0.011123813614578775,2875669.3566553495
2023-01-20,-5.881741991517208e-05,2875500.217203262
2023-01-30,0.006476015919613728,2894122.002386723
2023-01-31,-0.0033602015327088676,2884397.1691984567
2023-02-01,0.02270646935210407,2949891.645120157
2023-02-02,0.011476280436092057,2983745.428895641
2023-02-03,0.004788982452997637,2998034.533398834
2023-02-06,-0.0034484848938591273,2987695.85659914
2023-02-07,0.003237765884067101,2997369.316315606
2023-02-08,-0.002448100615832338,2990031.4546464565
2023-02-09,0.002287072648585353,2996869.873804788
2023-02-10,-0.005568875432504838,2980180.678790143
2023-02-13,0.004727545796400223,2994269.6194306705
2023-02-14,-0.0007558703171062775,2992006.3399039297
2023-02-15,-0.0029731588988450852,2983110.6296290434
2023-02-16,-0.004871870613125273,2968577.300616852
2023-02-17,-0.007987538732433963,2944865.674447951
2023-02-20,0.006302228646026253,2963424.8912601564
2023-02-21,-0.0026749837371327634,2955497.777869821
2023-02-22,0.0004663272891945458,2956876.007136795
2023-02-23,-0.0018012362093725032,2951549.9750061156
2023-02-24,1.4303547628213842e-05,2951592.19264176
2023-02-27,-0.003870980597058815,2940166.6365336133
2023-02-28,0.0025392387768046754,2947632.4216673668
2023-03-01,0.0032121217280637326,2957100.5758153494
2023-03-02,-0.0012263678734699135,2953474.08267055
2023-03-03,0.005291561834688596,2969102.573406152
2023-03-06,-0.0001696715160937612,2968598.801271084
2023-03-07,-0.011242962854010108,2935222.9552199347
2023-03-08,0.0031964253047240265,2944605.1761490065
2023-03-09,0.008541907721624331,2969757.7218402885
2023-03-10,-0.000870359067583093,2967172.9662785595
2023-03-13,0.005954641007343553,2984841.416099443
2023-03-14,0.01240476674496005,3021867.677636853
2023-03-15,-0.0037704802046962804,3010473.7853771118
2023-03-16,-0.005499065133007852,2993918.9939501104
2023-03-17,0.01030293334159249,3024765.141774906
2023-03-20,0.005582634338227477,3041651.299520452
2023-03-21,-0.001483989036631772,3037137.5223387065
2023-03-22,0.006410041456487825,3056605.6997659523
2023-03-23,0.029228832247169434,3145946.7150101536
2023-03-24,-0.004686600896420423,3131202.9183154968
2023-03-27,0.0009806894983873105,3134273.656134808
2023-03-28,-0.006519392738367102,3113840.0952209476
2023-03-29,-8.552332848354993e-06,3113813.464624017
2023-03-30,0.0038952703748904582,3125942.6099657016
2023-03-31,0.0021000829621729,3132507.3487816206
2023-04-03,0.017371808468998662,3186924.666472386
2023-04-04,0.0032590202940391277,3197310.9186359937
2023-04-06,0.015633967331554754,3247297.573086772
2023-04-07,0.005146085165671388,3264008.442956154
2023-04-10,-0.004888427025909636,3248052.57587081
2023-04-11,0.00015966228146213624,3248571.1673553823
2023-04-12,0.009581216503100731,3279696.431035545
2023-04-13,-0.0069168561929836,3257011.242465431
2023-04-14,0.007920474799253507,3282808.317932264
2023-04-17,-0.0007932261643862071,3280204.3084818157
2023-04-18,-0.0035840851443877386,3268447.776949229
2023-04-19,-0.0005596880510059243,3266618.4657831336
2023-04-20,0.0032168155331364634,3277126.5748046953
2023-04-21,0.005090979771581627,3293810.359905939
2023-04-24,-0.011699038509379756,3255275.945662805
2023-04-25,-0.010791866508004677,3220145.4422104936
2023-04-26,-0.002326897284595064,3212652.4945250126
2023-04-27,0.011305641697257118,3248973.5925259124
2023-04-28,0.0020385417962053287,3255596.760989044
2023-05-04,0.007796613809109787,3280979.391652664
2023-05-05,-0.002810329705119352,3271758.757806418
2023-05-08,0.0006164608537878036,3273775.6690036426
2023-05-09,-0.011913976225120138,3234771.983516757
2023-05-10,0.0047524053254285326,3250144.9311177693
2023-05-11,0.0023676150623426206,3257840.02321148
2023-05-12,-0.006133402272770427,3237858.3798087924
2023-05-15,0.013236378225404244,3280715.897964237
2023-05-16,0.006666170843270702,3302585.7106283004
2023-05-17,0.004375191173515591,3317035.15447922
2023-05-18,0.002390406372728804,3324964.216451053
2023-05-19,0.017066017018407265,3381708.112354602
2023-05-22,0.0006033231281453721,3383748.375071423
2023-05-23,-0.006459997934417372,3361889.3675578735
2023-05-24,0.002930627823112486,3371741.814076665
2023-05-25,0.0051409945983325045,3389075.9205298047
2023-05-26,0.0009642493999545421,3392343.834952576
2023-05-29,-0.00023704813414338055,3391539.6861761278
2023-05-30,-0.0011074432723160998,3387783.748367879
2023-05-31,0.0046698111580637525,3403604.058717114
2023-06-01,0.0022085128144175292,3411120.9618959944
2023-06-02,0.0020202319193718954,3418012.217344055
2023-06-05,-0.0010926875527216828,3414277.397939112
2023-06-06,-0.02267277321029121,3336866.2608186156
2023-06-07,0.0064175782469657605,3358280.861147079
2023-06-08,-0.010647191824705304,3322524.60061721
2023-06-09,0.013852342979649435,3368549.3509432827
2023-06-12,-0.002867068874451262,3358891.4879471404
2023-06-13,0.008601034812558361,3387781.430566579
2023-06-14,0.0002850984201911988,3388747.281700387
2023-06-15,-0.0027213643318008685,3379525.26571848
2023-06-16,0.010211752373701644,3414036.140872665
2023-06-19,0.016603141198086813,3470719.8649749462
2023-06-20,0.0019197246807373114,3477382.6915596635
2023-06-21,-0.022290318648917062,3399870.72330057
2023-06-26,-0.009492546239204218,3367597.2932523224
2023-06-27,0.006224293329593625,3388558.206621471
2023-06-28,-0.009078125493534882,3357796.4499796135
2023-06-29,0.007875709078084948,3384241.4779630797
2023-06-30,0.004249532832173745,3398622.9232356874
2023-07-03,0.0026573659611560064,3407654.3081066986
2023-07-04,0.01787486325919979,3468565.6628987286
2023-07-05,-0.004308638301798622,3453620.8680312596
2023-07-06,0.0067519639663900875,3476939.5916857794
2023-07-07,-0.00874940431304115,3446518.4414261
2023-07-10,-0.003909626278659591,3433043.842357616
2023-07-11,0.010977908893343666,3470731.484885873
2023-07-12,-0.011990883849856337,3429114.346776567
2023-07-13,0.010317703161299843,3464494.930712762
2023-07-14,0.013427709817366313,3511015.163306109
2023-07-17,0.0020195452939783523,3518105.817456251
2023-07-18,-0.007568106307397722,3491480.418629068
2023-07-19,-0.0019461693586392233,3484685.406422043
2023-07-20,-0.01036817253830501,3448555.586886546
2023-07-21,-0.004895458326875211,3431673.3267230303
2023-07-24,0.004485575678476544,3447066.3571338556
2023-07-25,0.0028065494482627496,3456740.7193165952
2023-07-26,-0.00493890666550697,3439668.1995370327
2023-07-27,-0.006934004263384001,3415817.525576817
2023-07-28,-0.0008420915297470212,3412941.0945713674
2023-07-31,0.016695795235412748,3469922.860236856
2023-08-01,0.007120522125444605,3494630.522736759
2023-08-02,0.00444899022163283,3510178.0997606353
2023-08-03,-0.006205102795487805,3488397.0838211505
2023-08-04,-0.007881833661500914,3460902.118261207
2023-08-07,-0.007531952985771306,3434834.766218107
2023-08-08,0.0042490406246940005,3449429.5186788794
2023-08-09,0.004251994112906166,3464096.4726851867
2023-08-10,-0.0002900340960108605,3463091.766596237
2023-08-11,-0.010137140738501027,3427985.917967907
2023-08-14,0.0014075722425562764,3432811.055793913
2023-08-15,-0.005155374972234228,3415113.6275924644
2023-08-16,-0.010930023345020745,3377786.3559169807
2023-08-17,0.0010645742017447724,3381382.2601304953
2023-08-18,-0.0065422299165319164,3359260.4799490394
2023-08-21,-0.005810313323858285,3339742.124024081
2023-08-22,0.011338405759948711,3377609.4753598585
2023-08-23,-0.01882958021965886,3314010.5067928904
2023-08-24,0.007769719937407049,3339759.440300296
2023-08-25,-0.015850424932450646,3286822.8339993726
2023-08-28,0.009820091985367152,3319099.7365688523
2023-08-29,0.03148998224258026,3423618.1283347583
2023-08-30,0.017288762433997833,3482808.2488202667
2023-08-31,-0.0003376213139535097,3481632.3785230513
2023-09-01,-0.004597362159654399,3465626.0535722016
2023-09-04,-0.004584383283050038,3449738.295426903
2023-09-05,-0.0024994927138713603,3441115.69969272
2023-09-06,0.012684414618358385,3484764.237977365
2023-09-07,-0.018128189442078793,3421591.77171033
2023-09-08,0.007091286218460723,3445855.258286258
2023-09-11,0.009524897697993966,3478676.677103529
2023-09-12,0.007338474009694523,3504204.855486584
2023-09-13,-0.006148052212738009,3482660.8210709225
2023-09-14,-0.007984172116862977,3454854.657650837
2023-09-15,0.0026235970907750373,3463918.804279701
2023-09-18,-0.006895893350124015,3440031.989631899
2023-09-19,-0.007846499391991413,3413039.780716821
2023-09-20,-0.006127350681726206,3392126.889089687
2023-09-21,0.0012313356264606165,3396303.735777698
2023-09-22,0.01530596738185718,3448287.4499763907
2023-09-25,-0.003701411422201018,3435523.9194220155
2023-09-26,-0.0021743060508807263,3428054.038976071
2023-09-27,0.015741557484262324,3482016.94868977
2023-09-28,0.013533182515189097,3529139.7195773707
2023-10-09,-0.0037871065291258522,3515774.4915031623
2023-10-10,-0.00826356233063791,3486721.669852159
2023-10-11,0.010805229189230598,3524396.4966139686
2023-10-12,-0.0053030485163873785,3505706.451001439
2023-10-13,-0.004796872162019856,3488890.0253184168
2023-10-16,-0.01689878160729411,3429932.0347286942
2023-10-17,-0.0025391624169943546,3421222.8802132662
2023-10-18,-0.004679031272761667,3405214.8713656603
2023-10-19,-0.004362872091641411,3390358.354437337
2023-10-20,-0.006876131368345387,3367045.8050064584
2023-10-23,-0.011937506184650018,3326851.674885194
2023-10-24,0.0044050972165225214,3341506.7799380147
2023-10-25,0.00024041339795149161,3342310.122937257
2023-10-26,0.000937103523148897,3345442.213528918
2023-10-27,0.004174954058838663,3359409.2810769007
2023-10-30,0.01390800273308869,3406131.954539682
2023-10-31,-0.006216221203800823,3384958.6848609284
2023-11-01,0.0006509590890374251,3387162.1544828545
2023-11-02,-0.010624947158625692,3351173.735573777
2023-11-03,0.028622641369475888,3447093.179573912
2023-11-06,0.031019155254050215,3554019.0980862933
2023-11-07,0.0062743631606635335,3576318.3045876203
2023-11-08,0.009620402808261574,3610723.927248312
2023-11-09,-0.004513744507927247,3594426.041952053
2023-11-10,0.0004464736988991533,3596030.858642423
2023-11-13,0.00468984075001133,3612895.670701583
2023-11-14,0.011949613278763876,3656068.3767829873
2023-11-15,-0.002770806415680203,3645938.1190684317
2023-11-16,-0.006533618813914007,3622116.9491793197
2023-11-17,0.005602663973066236,3642410.4533167193
2023-11-20,0.00966625054370015,3677618.905341471
2023-11-21,-0.004752085384848305,3660142.546290356
2023-11-22,-0.003829311949059666,3646126.718702585
2023-11-23,0.000774964084558237,3648952.3359573274
2023-11-24,-0.009180942662829953,3615451.5137815033
2023-11-27,0.010787970926500056,3654454.8995983484
2023-11-28,-0.0008222246914408235,3651450.1165461424
2023-11-29,0.0048785455384195995,3669263.8822209807
2023-11-30,-0.0004274886901857876,3667695.3134100237
2023-12-01,0.0021093373899605853,3675431.7202695827
2023-12-04,0.0018218291823543723,3682127.729035321
2023-12-05,-0.01070932354666598,3642694.6318449313
2023-12-06,0.0008734557025322243,3645876.3642437
2023-12-07,0.001152589096196462,3650078.561587208
2023-12-08,0.009591135734069556,3685086.9605114087
2023-12-11,0.002710161612518025,3695074.1417305777
2023-12-12,0.00028981353535084686,3696145.024230976
2023-12-13,-0.005228673228555247,3676819.0896939216
2023-12-14,-0.0031533759691645957,3665224.6967335152
2023-12-15,-0.001421763945888943,3660013.612406118
2023-12-18,-0.006028911284139682,3637947.715038178
2023-12-19,-0.00015117436155509534,3637397.7506149863
2023-12-20,-0.004376316128945457,3621479.34817158
2023-12-21,0.010850757861373683,3660775.143678555
2023-12-22,0.0057349282771416155,3681769.426566295
2023-12-25,0.0009234435632314852,3685169.33284456
2023-12-26,-0.001451586266606797,3679819.9916508826
2023-12-27,-0.0017281145921543284,3673460.841026809
2023-12-28,0.021769336654940852,3753429.6467638635
2023-12-29,0.0010618223198420873,3757415.1221387535
2024-01-02,-0.009179031813535798,3722925.6891959812
2024-01-03,-0.00711599682904801,3696433.3617968815
2024-01-04,-0.010137406464515275,3658961.114339352
2024-01-05,-0.011378477509572438,3617327.707591442
2024-01-08,-0.013170409919479542,3569686.018869371
2024-01-09,0.003966041569533951,3583843.5420103916
2024-01-10,-0.0002023641356233563,3583118.3006098033
2024-01-11,0.012796000040658284,3628967.8825300904
2024-01-12,-0.011280759563291332,3588030.3683843617
2024-01-15,0.003150452642457613,3599334.288139656
2024-01-16,-0.005612285585025523,3579133.796198642
2024-01-17,-0.018351551447019443,3513451.1382019366
2024-01-18,0.005920318008956901,3534251.8862490235
2024-01-19,-0.011210004776141402,3494632.905724085
2024-01-22,-0.017800827454836014,3432425.548351298
2024-01-23,0.002024831101572942,3439375.630355433
2024-01-24,-0.007161524889589002,3414744.456173997
2024-01-25,0.01680045139578795,3472113.704438985
2024-01-26,-0.017580177511762055,3411073.3291739253
2024-01-29,-0.01899231718686094,3346289.1425586124
2024-01-30,-0.015827202121066405,3293326.7479438074
2024-01-31,-0.015291473839409894,3242966.928132996
2024-02-01,2.4934674581707865e-05,3243047.790458028
2024-02-02,-0.02436362708219277,3164035.3834815794
2024-02-05,-0.017377449876674528,3109052.5171971037
2024-02-06,0.0050128266903254025,3124637.6586369323
2024-02-07,-0.016797215817919046,3072152.445532011
2024-02-08,0.049652074077433966,3224691.186334736
2024-02-19,0.009497086354786887,3255316.3569988776
2024-02-20,0.009264371176976637,3285474.8160285987
2024-02-21,0.008267058116961322,3312636.0272745197
2024-02-22,0.014585902139350427,3360953.8121916326
2024-02-23,0.018254879023325312,3422307.617436175
2024-02-26,0.005703855956244349,3441827.9671239886
2024-02-27,0.017563017001422657,3502276.850226559
2024-02-28,-0.021152434444865927,3428195.1687443703
2024-02-29,0.012845574207732394,3472232.304183066
2024-03-01,0.008113993833826797,3500405.9756888216
2024-03-04,-0.0008099940776307489,3497570.6675792104
2024-03-05,-0.007112639256121119,3472693.7091479283
2024-03-06,0.0027111846046834085,3482108.8228689516
2024-03-07,-0.005099597329217671,3464351.4700158034
2024-03-08,0.003179617346941204,3475366.7820457667
2024-03-11,0.008371554773054733,3504461.0054181176
2024-03-12,0.007080749639654857,3529275.216419416
2024-03-13,0.0026103293854463296,3538487.787226163
2024-03-14,-0.005143710113862062,3520286.83180723
2024-03-15,0.0032663510194271806,3531785.324288979
2024-03-18,0.011947066535807025,3573979.7985484465
2024-03-19,0.002821052163896289,3584062.1819928633
2024-03-20,0.0027036618993439704,3593752.274359197
2024-03-21,7.729518792227084e-05,3594030.0541165895
2024-03-22,-0.0045261590133395145,3577762.9025929365
2024-03-25,-0.004437363742774139,3561887.0672087283
2024-03-26,0.0006249714968197842,3564113.145100625
2024-03-27,-0.012137140315280277,3520855.003759004
2024-03-28,0.0020651570829846363,3528126.122408179
2024-03-29,0.0010253508429151782,3531743.6895017014
2024-04-01,0.012131686719967245,3574589.6975179575
2024-04-02,-0.0027275253569675234,3564839.9134772224
2024-04-03,-0.00718730926365099,3539218.3065436548
2024-04-08,-0.006938798212950013,3514660.3848829702
2024-04-09,0.007822937684762053,3542155.3540570117
2024-04-10,-0.0053171744779500875,3523321.096011485
2024-04-11,-3.96490441787877e-05,3523181.399697693
2024-04-12,-0.0016259434890427144,3517452.905840138
2024-04-15,-0.009125173386993524,3485355.538193763
2024-04-16,-0.020199266486115995,3414953.9128789264
2024-04-17,0.008989375535271335,3445652.216037439
2024-04-18,0.003277276153127175,3456944.5698770285
2024-04-19,-0.00447603872731418,3441471.1521040807
2024-04-22,0.0010138960878234699,3444960.446241556
2024-04-23,0.008245246900131748,3473364.995682006
2024-04-24,0.005773633634138685,3493418.932644716
2024-04-25,-0.0011621589391401837,3489359.0246039815
2024-04-26,0.014663516225758897,3540525.29727876
2024-04-29,0.02449713542879795,3627258.024975283
2024-04-30,-0.004985166651973949,3609175.5392310712
2024-05-06,0.006595413642707236,3632979.5448214416
2024-05-07,0.004609650225597327,3649726.3097998174
2024-05-08,-0.010179988214095237,3612572.138981382
2024-05-09,0.010073088095584463,3648961.8963889955
2024-05-10,-0.015746740481198344,3591502.640380776
2024-05-13,-0.017037217688399726,3530313.428068146
2024-05-14,0.0032983851729400365,3541957.7615351174
2024-05-15,0.0006828301363424947,3544376.3170363456
2024-05-16,0.003142225902201947,3555513.5481068883
2024-05-17,0.010110031099718975,3591459.9006537204
2024-05-20,0.0005769494394415253,3593531.9914301788
2024-05-21,-0.006240361719311299,3571107.051953737
2024-05-22,0.006711585268009313,3595074.841434114
2024-05-23,-0.002278022158682399,3586885.1812832053
2024-05-24,-0.014710468125736271,3534120.421153263
2024-05-27,0.0021826167823809197,3541834.0516954274
2024-05-28,-0.002524764816536395,3532891.7536956957
2024-05-29,2.2374486102948184e-05,3532970.8003331423
2024-05-30,0.004101168164286955,3547460.1077048234
2024-05-31,0.011343538113575037,3587700.8566429606
2024-06-03,-0.005629002267243269,3567505.6803867267
2024-06-04,-0.005778345688942354,3546891.399318187
2024-06-05,-0.0021911463056022568,3539119.6413321984
2024-06-06,-0.012379107737681022,3495308.497995604
2024-06-07,0.007143017579035909,3520275.54804094
2024-06-11,0.016679532624560973,3578992.0988919334
2024-06-12,0.005222433519343034,3597683.14719465
2024-06-13,0.01585660464231628,3654730.18648804
2024-06-14,-0.0034956686834278824,3641954.4606287554
2024-06-17,0.005730652296648487,3662825.2353228466
2024-06-18,0.007711241663624102,3691070.1658840417
2024-06-19,-0.013553272683655731,3641044.085431309
2024-06-20,0.001422819510901938,3646224.6339961146
2024-06-21,-0.009490781244251302,3611619.113627457
2024-06-24,-0.02741948855458462,3512590.3646778297
2024-06-25,-0.01288213388602601,3467340.705313285
2024-06-26,0.011228648790423514,3506274.256329987
2024-06-27,-0.010263423574037424,3470287.8784705293
2024-06-28,0.0017368737866080182,3476315.330518628
2024-07-01,-0.01060859582391765,3439436.506220667
2024-07-02,-0.009287738484867612,3407491.919415583
2024-07-03,-0.0033394024841078723,3396112.932435309
2024-07-04,-0.009111947465065629,3365167.729809528
2024-07-05,0.006669644942295129,3387612.2037386275
2024-07-08,-0.008486620590968968,3358862.8242561617
2024-07-09,0.006188979363029449,3379650.7569587296
2024-07-10,-0.0005619203218270931,3377751.662517716
2024-07-11,0.018024857904779267,3438635.1562722297
2024-07-12,0.0014480999674189885,3443614.643729993
2024-07-15,-0.003113484855456372,3432893.001688712
2024-07-16,0.005166420950982437,3450628.7720151176
2024-07-17,0.0009861983040771738,3454031.776258079
2024-07-18,-0.0004783155479740263,3452379.6591562983
2024-07-19,0.006245308715271874,3473940.8359300545
2024-07-22,0.007641151374810886,3500485.743724533
2024-07-23,-0.023622145096731547,3417796.7615772313
2024-07-24,-0.010676896126355081,3381305.3005728787
2024-07-25,-0.0034239161967435927,3369727.9945881125
2024-07-26,0.0024691577944223864,3378048.3847310334
2024-07-29,-0.004743851900695498,3362023.423480486
2024-07-30,0.0027780290202911464,3371363.222117814
2024-07-31,0.03280858498972121,3481972.8789218864
2024-08-01,-0.0014837888205547654,3476806.366490667
2024-08-02,-0.008112736142748787,3448599.9538199
2024-08-05,-0.014189996363797456,3399664.3330150032
2024-08-06,0.008765147218926107,3429462.8913888116
2024-08-07,-0.0037965080445587834,3416442.9079331383
2024-08-08,-0.003081531156616485,3405915.032667541
2024-08-09,-0.006539248323451951,3383642.9085003496
2024-08-12,-0.002930048499096089,3373728.6706748214
2024-08-13,-0.0016193392677207685,3368265.4593597623
2024-08-14,-0.005481513501342079,3349802.2667681775
2024-08-15,0.0023010647025572526,3357510.378524784
2024-08-16,-0.0002565237220656479,3356649.0974656106
2024-08-19,-0.0047737980881805,3340625.1324214367
2024-08-20,-0.00856726997202215,3312005.09503666
2024-08-21,0.0014334358523209571,3316752.641882955
2024-08-22,-0.004930564256406805,3300399.1798595437
2024-08-23,-0.004301347791530037,3286203.0151360873
2024-08-26,0.004281866827398078,3300274.098814694
2024-08-27,-0.00555262132429691,3281948.926477591
2024-08-28,0.0018597667193859455,3288052.5858657784
2024-08-29,0.011605839816715584,3326213.197486274
2024-08-30,0.0102893666119877,3360437.824504842
2024-09-02,-0.017785262885639364,3300671.5543851773
2024-09-03,0.005360340861462228,3318364.278988414
2024-09-04,0.001738009059184642,3324131.62616697
2024-09-05,0.006110066351614041,3344442.290964349
2024-09-06,-0.02158109179316503,3272265.574886104
2024-09-09,-0.009369069161315302,3241607.492400805
2024-09-10,0.005281732822020304,3258728.797089525
2024-09-11,-0.001536315060332099,3253722.3629610185
2024-09-12,-0.006011464926744234,3234162.725094715
2024-09-13,-0.00990751478823822,3202120.21006827
2024-09-18,-8.296098311197939e-05,3201854.5590276
2024-09-19,0.011470432686607244,3238581.2162192333
2024-09-20,-0.011427072212309023,3201573.714796068
2024-09-23,-0.009943698551021495,3169738.230887262
2024-09-24,0.0334540920707314,3275778.9455034817
2024-09-25,0.004363943872421305,3290074.260960118
2024-09-26,0.028738335500559174,3384625.5188933443
2024-09-27,0.035702007151739615,3505463.443374835
2024-09-30,0.0709398013558684,3754140.323708104
2024-10-08,0.03888915651110643,3900135.6743214442
2024-10-09,-5.1326298859295516e-05,3899935.4947922323
2024-10-10,0.0,3899935.4947922323
2024-10-11,-0.0011962275130504964,3895270.2846542397
2024-10-14,0.003987300690538475,3910801.8985500755
2024-10-15,-0.003856027866730005,3895721.737448006
2024-10-16,-0.0013597510443232987,3890424.5257471176
2024-10-17,0.0008434583805700725,3893705.936917335
2024-10-18,0.010506320170280192,3934614.458139509
2024-10-21,0.0036062018924674535,3948803.472244581
2024-10-22,0.003008480790258861,3960683.3716353364
2024-10-23,-0.0015247147377874803,3954644.459326894
2024-10-24,0.002012570235881639,3962603.45905923
2024-10-25,0.0037674472541096462,3977532.358580188
2024-10-28,0.001931620875520368,3985215.44311708
2024-10-29,-0.0039012226487978555,3969668.230370052
2024-10-30,-0.000783113331256508,3966559.5302581843
2024-10-31,0.002743920955305024,3977443.4560737247
2024-11-01,-0.005779130754436035,3954457.2902726983
2024-11-04,0.005230200631257432,3975139.8952885633
2024-11-05,0.00817780468224144,4007647.8129368187
2024-11-06,0.0015728441478542797,4013951.2183460575
2024-11-07,0.007500440639278373,4044057.6211882215
2024-11-08,0.008522649926051375,4078523.708574388
2024-11-11,0.026885655257087283,4188177.4909609766
2024-11-12,-0.0027870077911852976,4176505.0076628006
2024-11-13,0.0005684509325069479,4178879.1458290275
2024-11-14,-0.005988233342516375,4153855.0423936276
2024-11-15,-0.0044413220370629666,4135406.4344550795
2024-11-18,-0.0032438842712622083,4121991.654567074
2024-11-19,0.0023525086806838137,4131688.675716148
2024-11-20,0.0010219112231964536,4135910.894744616
2024-11-21,7.047190783952571e-06,4135940.041297757
2024-11-22,-0.004620354092224523,4116830.5338027515
2024-11-25,0.0014223350960908612,4122686.046355638
2024-11-26,-0.000932745809087413,4118840.628223717
2024-11-27,0.00252747016814141,4129250.8750388813
2024-11-28,-0.00140216185884687,4123460.9969562916
2024-11-29,0.0006599657196601045,4126182.339860638
2024-12-02,0.00031908011589761503,4127498.9225998563
2024-12-03,-0.00018876316282809803,4126719.8028486567
2024-12-04,-0.00047583270827470227,4124756.174588576
2024-12-05,0.0002808207187442474,4125914.4915821697
2024-12-06,0.00013264949295362625,4126461.792047448
2024-12-09,-6.144417272206864e-05,4126208.2450163662
2024-12-10,-0.0030904717742093286,4113456.314900634
2024-12-11,-0.004193263933105873,4096207.506894954
2024-12-12,-0.00018336310890221252,4095456.413551782
2024-12-13,0.00013913504508900054,4096026.2350645415
2024-12-16,-0.001800832791916951,4088649.976703885
2024-12-17,-0.004546270728111701,4070061.8669973016
2024-12-18,0.0002668406678477675,4071147.925024072
2024-12-19,-0.00030441336980718825,4069908.6131652324
2024-12-20,0.0007955923579580082,4073146.601355454
2024-12-23,-0.005995093539645613,4048727.706479639
2024-12-24,0.0004400710307794764,4050509.4342547744
2024-12-25,-0.002248317393032606,4041402.603443097
2024-12-26,-0.0017616531934794843,4034283.053640605
2024-12-27,0.0017374925629465299,4041292.590443127
2024-12-30,-0.0048515194357025004,4021686.180895231
2024-12-31,-0.005070548343136583,4001294.0266940775
2025-01-02,-0.007706370123533368,3970458.57395129
2025-01-03,-0.01169592319837398,3924020.39540803
2025-01-06,0.0007856793955650643,3927103.4173804796
2025-01-07,0.010077852444668745,3966680.1861557947
2025-01-08,-0.004656252511897885,3948210.3215751112
2025-01-09,0.0010870640748138483,3952502.2791755055
2025-01-10,-0.008935542859755508,3917184.5256566512
2025-01-13,0.0012681320270916396,3922152.032809664
2025-01-14,0.0247113300766727,4019073.6263033156
2025-01-15,-0.004044005526922689,4002820.470345436
2025-01-16,-0.0036773965500671024,3988100.5121572497
2025-01-17,0.009593535957403088,4026360.4978223676
2025-01-20,-0.002345583969980747,4016916.331181312
2025-01-21,0.006379029615796172,4042540.359422093
2025-01-22,-0.00466584344952653,4023678.498966636
2025-01-23,0.003732948613499154,4038698.6840405203
2025-01-24,0.023077717328110592,4131902.63064422
2025-01-27,-0.01898488530096298,4053458.933126692
2025-02-05,0.02289685204259025,4146270.38257921
2025-02-06,0.01988216372793166,4228707.209185923
2025-02-07,0.000679916833906211,4231582.37840311
2025-02-10,0.02110236309347225,4320878.766212112
2025-02-11,-0.0037105747602305026,4304845.822520189
2025-02-12,0.004473185101770229,4324102.194718905
2025-02-13,-0.006656034542780908,4295320.8211443415
2025-02-14,0.0004309685972197227,4297171.969533239
2025-02-17,0.0036558811827017913,4312881.919675489
2025-02-18,-0.008777387267486307,4275026.084827557
2025-02-19,0.012032910680741133,4326467.091864125
2025-02-20,0.007351136792664504,4358271.543285379
2025-02-21,0.015500939922011833,4425828.84864166
2025-02-24,0.008474570374047351,4463335.846682964
2025-02-25,0.006516345463966378,4492420.484981654
2025-02-26,0.010625760758391329,4540155.870281165
2025-02-27,-0.0015665856632876985,4533043.327185691
2025-02-28,-0.00785976962054018,4497414.6509540845
2025-03-03,-0.0002240476301695583,4496407.015859649
2025-03-04,0.004860103875535532,4518260.021023413
2025-03-05,0.0013853160109552592,4524519.238972195
2025-03-06,0.005492343394987109,4549369.452329856
2025-03-07,0.0008309475939589796,4553149.7399303
2025-03-10,0.007601590728211249,4587760.920777513
2025-03-11,-3.244906613120041e-05,4587612.05222
2025-03-12,-0.009333370918753437,4544794.167305287
2025-03-13,-0.008264065988069525,4507235.688404484
2025-03-14,0.003965462380189733,4525108.961965499
2025-03-17,0.0027176620038960805,4537406.678654922
2025-03-18,0.0014855663175065293,4544147.297185563
2025-03-19,-0.0018594005590173465,4535697.907160918
2025-03-20,3.276448419120559e-05,4535846.516963293
2025-03-21,-0.011662838141610399,4482945.673200763
2025-03-24,-0.004511541929290319,4462720.675829387
2025-03-25,0.0003728988850474346,4464384.819393681
2025-03-26,0.0030348861171122232,4477933.718903506
2025-03-27,0.0021355487321316202,4487496.56457948
2025-03-28,-0.002539816747541168,4476099.145650228
2025-03-31,-0.004106902445091765,4457716.243124484
2025-04-01,0.00842185878903201,4495258.499845653
2025-04-02,0.0036544889401718406,4511686.372316552
2025-04-03,-0.0025562316544994745,4500153.456796463
2025-04-07,-0.016372095383991203,4426476.515159193
2025-04-08,0.008250605141766343,4462997.625055074
2025-04-09,0.014000921011499967,4525483.702277982
2025-04-10,0.03288379738417291,4674298.791409068
2025-04-11,0.00807267926002909,4712032.906317655
2025-04-14,0.004648800815401584,4733938.208734743
2025-04-15,-0.001292466954090482,4727819.750037247
2025-04-16,-0.011961799593673496,4671266.517672291
2025-04-17,-0.0013601901786108378,4664912.706833279
2025-04-18,-0.0022306958939584433,4654506.705212472
2025-04-21,0.014743721712333744,4723131.456782317
2025-04-22,-0.004534906066422825,4701712.499286442
2025-04-23,0.015361465509007584,4773937.693677501
2025-04-24,-0.005314539883636292,4748566.411402456
2025-04-25,0.007867963730132462,4785927.959697496
2025-04-28,-0.007254394835319181,4751208.948624456
2025-04-29,0.01652940548935979,4829743.6079009455
2025-04-30,0.02634622764069825,4956989.132440911
2025-05-06,0.02168530583002874,5064482.957774021
2025-05-07,-0.0026919860934827874,5050849.440081012
2025-05-08,0.0054250059051948255,5078250.328119702
2025-05-09,-0.013033438469186743,5012063.264937026
2025-05-12,0.009653770970925641,5060448.575788518
2025-05-13,0.00023112189833804784,5061618.156269796
2025-05-14,-0.0025759585098037766,5048579.637906777
2025-05-15,-0.010710388435064751,4994507.388939436
2025-05-16,0.002114581044903261,5005068.679592716
2025-05-19,0.0010748642671167773,5010448.4490708755
2025-05-20,0.006884766977339719,5044944.219094702
2025-05-21,0.004427953201259292,5067282.995999818
2025-05-22,-0.009023905569079978,5021556.312752111
2025-05-23,-0.008229057692883124,4980233.636146412
2025-05-26,-0.002026135341897969,4970143.008765307
2025-05-27,0.002314913751917981,4981648.461165297
2025-05-28,-0.005239187243323428,4955548.672096838
2025-05-29,0.0047455503133828104,4979065.477650691
2025-05-30,-0.0011825189930494632,4973177.638155732
2025-06-03,0.008453483568109956,5015218.313601174
2025-06-04,-0.0010210543123344178,5010097.503314773
2025-06-05,0.01005061380789287,5060452.058460478
2025-06-06,0.010497502366486383,5113574.165919658
2025-06-09,0.005745194895200325,5142952.646113927
2025-06-10,0.0023792004968696753,5155188.761604938
2025-06-11,0.00012046671904242245,5155809.790281093
2025-06-12,-0.0010426224951659013,5150434.227012949
2025-06-13,-0.015905731156015734,5068512.80486134
2025-06-16,0.014818941398575758,5143622.79909451
2025-06-17,-7.286142666124151e-05,5143248.027399161
2025-06-18,0.0019715630643090676,5153388.265240561
2025-06-19,-0.009278627647932192,5105571.8944021715
2025-06-20,-0.006078611139404888,5074537.108211826
2025-06-23,0.011486983279651919,5132828.231125829
2025-06-24,0.004289374035274851,5154844.851267945
2025-06-25,0.005824310052775394,5184868.265955683
2025-06-26,-0.005889387224822795,5154332.569027774
2025-06-27,0.01154070597283885,5213817.205693152
2025-06-30,0.013085116417081988,5282040.610807032
2025-07-01,-0.002684331089383596,5267861.864980056
2025-07-02,-0.014824107571979994,5189770.51401926
2025-07-03,0.006879086337154949,5225471.393455219
2025-07-04,-0.010410576190640897,5171071.225381639
2025-07-07,0.003284600182141051,5188056.126870393
2025-07-08,0.017482470022533447,5278756.162583626
2025-07-09,-0.0041038040642936025,5257093.181589201
2025-07-10,-0.0017693578130270145,5247791.502694545
2025-07-11,0.009743403769007154,5298922.854200863
2025-07-14,0.0019173750447555394,5309082.876645594
2025-07-15,0.00930750846638051,5358497.210468689
2025-07-16,0.006026040004300737,5390787.729021907
2025-07-17,0.004572200828048545,5415435.493140373
2025-07-18,0.004135177562259895,5437829.280481473
2025-07-21,0.0019900538773911514,5448650.853725686
2025-07-22,-0.001736872232865505,5439187.243351271
2025-07-23,0.007125910408493086,5477946.40434241
2025-07-24,0.012131292248777514,5544400.973096629
2025-07-25,0.00764120647069938,5586766.885688407
2025-07-28,-0.0017742761331469015,5576854.4185416745
2025-07-29,0.006912356359993765,5615403.62365044
2025-07-30,0.0009109163944612253,5620518.78687274
2025-07-31,-0.002973738074910637,5603804.836155466
2025-08-01,-0.0013026880783698624,5596504.826401895
2025-08-04,0.008296053260872904,5642933.728516458
2025-08-05,-0.0027185173798904283,5627593.315101915
2025-08-06,0.008091897174117402,5673131.221545472
2025-08-07,-0.0021135854247415486,5661140.574082967
2025-08-08,-0.006704119108228046,5623187.6133858925
2025-08-11,0.007352877250063616,5664534.221661198
2025-08-12,-0.006063633204297092,5630186.563867856
2025-08-13,0.00010381241602486213,5630771.047137721
2025-08-14,-0.010605095437247636,5571056.182797535
2025-08-15,0.006907549955317616,5609538.53168409
2025-08-18,0.010503909284015567,5668460.6155460905
2025-08-19,0.0015257809168937042,5677109.444581455
2025-08-20,0.0005085737201616647,5679996.67325145
2025-08-21,0.0001475790479593675,5680834.921752902
2025-08-22,0.008055152219935025,5726594.911783944
2025-08-25,0.0019470071865543837,5737744.633231672
2025-08-26,-0.0038748571142827593,5715511.692619657
2025-08-27,0.0009040098477386405,5720678.57147465
2025-08-28,0.005531297687864978,5752321.347630066
2025-08-29,-0.0035548991866434787,5731872.425150065
2025-09-01,0.0006260633170345198,5735460.940213373
2025-09-02,-0.009185106251969666,5682780.122073491
2025-09-03,-0.0052430598556093,5652984.965747193
2025-09-04,-0.008028641601655284,5607599.175477664
2025-09-05,0.0018710919549878025,5618091.509181697
2025-09-08,0.001526287542470528,5626666.33226462
2025-09-09,-0.0025493976226753645,5612321.722493556
2025-09-10,-0.000716509973807844,5608300.438003171
2025-09-11,0.0016132113816331728,5617347.812101376
2025-09-12,0.00023505857918260098,5618668.217896863
2025-09-15,-0.0011057450221129694,5612455.4034840185
2025-09-16,0.001905131934035631,5623147.871501546
2025-09-17,0.0007767652126005054,5627515.737153437
2025-09-18,-0.001179331028060504,5620879.033233713
2025-09-19,0.0002814300593748653,5622460.917553775
2025-09-22,0.0006689613696189145,5626222.12670981
2025-09-23,-0.0004099618971253882,5623915.590013096
2025-09-24,0.0013587801190984017,5631557.254708294
2025-09-25,0.0005659525102907903,5634744.448673442
2025-09-26,-0.012590133151018756,5563802.265792679
2025-09-29,0.0009123642190157488,5568878.479901668
2025-09-30,-0.0009227582893265307,5563739.751122086
2025-10-09,-0.0004917489049184876,5561003.78819222
2025-10-10,-0.0012973780649186972,5553789.06385849
2025-10-13,-0.0027757823968730944,5538372.953939086
2025-10-14,-0.0010923054949438793,5532323.35872845
2025-10-15,0.002833333365179991,5547998.275087699
2025-10-16,-0.0005122487778347895,5545156.319751856
2025-10-17,-0.0013460320483597576,5537692.361632304
2025-10-20,0.004277728536196679,5561381.106272338
2025-10-21,0.008933323055826947,5611062.7203312395
2025-10-22,0.0034010818768085427,5630146.404058995
2025-10-23,-0.004269810989747935,5606106.743069055
2025-10-24,0.002969695595111177,5622755.173569669
2025-10-27,0.007432994027253392,5664549.079191522
2025-10-28,-0.0017912708887113937,5654402.337328289
2025-10-29,0.0004926318928788476,5657187.876254826
2025-10-30,-0.002108945955618835,5645257.172763022
2025-10-31,0.014673226885522528,5728091.312086097
2025-11-03,-0.00014797858890042148,5727243.677216641
2025-11-04,-0.01210595780926238,5657909.906896891
2025-11-05,0.0006970043938451242,5661853.494961977
2025-11-06,-0.0016991293376268368,5652233.273583342
2025-11-07,-0.004378016859779288,5627487.701016189
2025-11-10,0.013919350527474506,5705818.674915685
2025-11-11,0.00138425734973191,5713716.996352674
2025-11-12,-0.0040791621148280055,5690409.818446305
2025-11-13,0.005180404748821865,5719888.444492525
2025-11-14,0.0002777636518014326,5721477.221594765
2025-11-17,-0.006091514875906756,5686624.757987259
2025-11-18,-0.0028596632597593374,5670362.926094805
2025-11-19,-0.012431168069426624,5599873.691545875
2025-11-20,-0.00243333858814071,5586247.302803522
2025-11-21,-0.011142723605531424,5524001.293116236
2025-11-24,0.007403709829242766,5564899.39578683
2025-11-25,0.028989327984953683,5726222.089574564
2025-11-26,0.0023070738128675135,5739432.906604085
2025-11-27,-0.0006572720351581165,5735660.537856908
2025-11-28,0.005436589349230757,5766842.968847823
2025-12-01,-0.0034198831774332034,5747121.039591762
2025-12-02,-0.007997581039097312,5701157.973336126
2025-12-03,-0.005072734136245205,5672237.514668657
2025-12-04,0.0040786324949902975,5695372.4869152885
2025-12-05,0.007595067493807339,5738629.225355783
2025-12-08,0.010119352602093068,5796700.437939834
2025-12-09,-0.0068411387133748836,5757044.406164007
2025-12-10,-0.010038544836356966,5699252.057767832
2025-12-11,0.0012860366671122603,5706581.504889237
2025-12-12,0.008489918612011696,5755029.917418558
2025-12-15,-0.005231656870654586,5724921.575610273
2025-12-16,0.000143623692448915,5725743.809985943
2025-12-17,0.007752760298431864,5770134.129274995
2025-12-18,0.003762609517423595,5791844.890866616
2025-12-19,0.01416555912831774,5873889.612130232
2025-12-22,0.002117863217443172,5886329.706883084
2025-12-23,-0.014419739140501264,5801450.368014847
2025-12-24,0.00833171240998487,5849786.384041947
2025-12-25,0.02823586561004865,6014960.166229247
2025-12-26,0.011410614590075191,6083594.558460744
2025-12-29,0.005548312336706136,6117348.2412009705
2025-12-30,-0.0068169565712382545,6075646.543909563
2025-12-31,0.008909367759973133,6129776.713348864
2026-01-05,0.029947543354187766,6313348.467223369
2026-01-06,-0.0014936695294759574,6303918.410988914
2026-01-07,0.0018651492725570158,6315676.159827429
2026-01-08,0.0064444103001769105,6356376.968324402
2026-01-09,0.028792207248324462,6539391.091344874
2026-01-12,0.010534704973781134,6608281.647200366
2026-01-13,-1.3123015458256136e-05,6608194.926618156
2026-01-14,0.006254209111846486,6649523.959541068
2026-01-15,-0.009452069965537734,6586672.193837967
2026-01-16,-0.0007539926306349156,6581705.891543406
2026-01-19,0.003778856025894798,6606577.210512333
2026-01-20,-0.004939818840722262,6573941.915935158
2026-01-21,0.01964880538542126,6703112.021256431
2026-01-22,0.0035859915134019388,6727149.32407804
2026-01-23,0.0051318570297886265,6761672.092627248
2026-01-26,-0.006425488708448228,6718225.044945842
2026-01-27,-0.006042280693760943,6677631.643460426
2026-01-28,-0.01079172830301037,6605568.4570566155
2026-01-29,-0.006811543398750728,6560574.340837956
2026-01-30,0.0022210674105603853,6575145.818700951
2026-02-02,-0.012264259971871966,6494506.521027435
2026-02-03,0.010849168284115907,6564966.5151963495
2026-02-04,-0.005818457698242664,6526768.5352373
2026-02-05,-0.005476831371203422,6491022.524570929
2026-02-06,-0.001072166789052581,6484063.065793091
2026-02-09,0.012432732515998997,6564677.687506965
2026-02-10,-0.005560520742955947,6528174.661054763
2026-02-11,-0.0037569013186259377,6503648.953062425
2026-02-12,-0.0006925844968816746,6499144.626624374
2026-02-13,-0.00045261406677623884,6496203.022344351
2026-02-24,-0.004681258863148083,6465792.614369192
2026-02-25,-0.0017789296367889432,6454290.4242621595
2026-02-26,0.0002884305311227399,6456152.038677251
2026-02-27,-0.0007100970697793923,6451567.544032536
2026-03-02,-0.008950154785162978,6393825.015906511
2026-03-03,-0.017985328263827483,6278829.974133961
2026-03-04,-0.002510486405467527,6263067.056841657
2026-03-05,0.0049493733502458115,6294065.31402359
2026-03-06,-0.0029202546127822804,6275685.040757161
2026-03-09,-0.01315852542373458,6193106.279597007
2026-03-10,0.015263086160689165,6287632.194344802
2026-03-11,-0.0053073321743508095,6254261.641699271
2026-03-12,-0.014941445731922298,6160813.930786578
2026-03-13,0.0008439040880100501,6166013.066848237
2026-03-16,0.0021809644678313367,6179460.922255217
2026-03-17,-0.008627704756472065,6126146.3578638425
2026-03-18,0.010939038240798338,6193160.507141243
2026-03-19,-0.0064984867448850125,6152914.33567664
2026-03-20,-0.0022943585993342452,6138797.343759614
2026-03-23,-0.016985633668347988,6034525.980914285
2026-03-24,0.016380325958297637,6133373.483485476
2026-03-25,0.007633799592776524,6180194.427486054
2026-03-26,-0.007463422937808886,6134069.022635835
2026-03-27,0.020149122942573157,6257665.133511155
2026-03-30,0.009555287739695202,6317458.9244405115
2026-03-31,-0.012681874651841073,6237341.702242603
2026-04-01,0.021089211937305067,6368882.323326589
2026-04-02,-0.005242446064808469,6335493.801253436
2026-04-03,-0.003877557040551832,6310927.562659014
2026-04-07,0.0012314197623806166,6318698.963578626
2026-04-08,0.018852551273713825,6437822.5597726535
2026-04-09,-0.008908753002564527,6380469.588713301
2026-04-10,0.009205597913405318,6439205.626245706
2026-04-13,0.005375025235393805,6473816.5189826675
2026-04-14,0.007704704181587733,6523695.360187305
2026-04-15,-0.0013808507086517064,6514687.110826163
2026-04-16,0.00913608726216572,6574205.860756378
2026-04-17,0.0003504227451171201,6576509.612021069
2026-04-20,0.0027585379293583504,6594651.16322862
2026-04-21,-0.0061060872051515785,6554383.648138392
2026-04-22,0.007673001994865545,6604675.446945672
2026-04-23,-0.011264223948200536,6530278.903606094
2026-04-24,-0.007903956554797316,6478663.862861282
2026-04-27,0.008912217331703661,6536403.1232261555
2026-04-28,-0.01609928720190402,6431171.692077915
2026-04-29,0.003511723513574721,6453756.18892882
2026-04-30,0.007081522801964552,6499458.61053904
2026-05-06,0.009595357953143176,6561823.2424088
2026-05-07,0.012616314335515418,6644609.26704912
2026-05-08,0.011761256481401463,6722758.220857581
2026-05-11,0.00460811078342451,6753737.435509471
2026-05-12,-0.010127923211366404,6685336.1013729
2026-05-13,0.0008293891989941774,6690880.846927024
2026-05-14,-0.017356127777756605,6574753.064002015
2026-05-15,-0.0011615979264186897,6567115.844476155
2026-05-18,0.0033046033224940355,6588817.557315013
2026-05-19,0.018097616976649165,6708059.4537963215
2026-05-20,0.0025403378175160407,6725100.190908946
2026-05-21,-0.011171317867888754,6649971.958982903
2026-05-22,0.008898988307491057,6709149.981691035
2026-05-25,0.010003501212804453,6776264.971669768
2026-05-26,-0.010566490083332198,6704663.635044588
2026-05-27,-0.008677207201533178,6646485.879466721
2026-05-28,-0.000912237138281359,6640422.708208408
2026-05-29,-0.02243927886751517,6491416.411260739
2026-06-01,0.007060639426072749,6537249.961905143
2026-06-02,-0.007977465483187899,6485099.275979074
2026-06-03,0.0024783304837298742,6501171.495204747
2026-06-04,-0.006727507047162799,6457434.8181559425
2026-06-05,0.004572141496452303,6486959.123848669
2026-06-08,-0.013238166654365334,6401083.677887105
2026-06-09,-0.0032327172314830866,6380390.784381434
2026-06-10,-0.0026041698967476062,6363775.162771262
2026-06-11,-0.007281639132403258,6317436.4485162115
2026-06-12,0.0033367747661569966,6338516.311044421
2026-06-15,0.01057980514343518,6405576.578513756
2026-06-16,0.006373751335645394,6446404.130786637
2026-06-17,0.005131757950535528,6479485.516437165
2026-06-18,-0.002083362977523225,6465986.396198822
2026-06-22,-0.01608761755690301,6361964.079928638
2026-06-23,-0.006601640484022341,6319964.680300686
2026-06-24,0.013398769180234938,6404644.428279272
2026-06-25,-0.012414856111093723,6325131.689259466
2026-06-26,-0.012397040985268962,6246718.772470494
2026-06-29,-0.0020502231264367325,6233911.605178828
2026-06-30,0.0228432604323352,6376314.471488085
2026-07-01,0.022083406523035937,6517125.216080673
2026-07-02,-0.0042461592895902955,6489452.46430299
2026-07-03,0.0186808483407797,6610680.941603333
2026-07-06,-0.008140546129655486,6556866.388449776
2026-07-07,-0.0189524435819628,6432597.748148213
2026-07-08,-0.011514219261465643,6358531.407255224
2026-07-09,-0.0015051966769831096,6348960.56691053
2026-07-10,0.004334707081933085,6376481.451242832
2026-07-13,-0.025559948167342347,6213498.915859045
2026-07-14,0.010153314548210078,6276586.524796723
2026-07-15,0.01669745025375668,6381389.516057916
2026-07-16,0.0018154816605993704,6392974.81169346
2026-07-17,-0.01982052321310759,6266262.706037478
2026-07-20,-0.0029626243492759693,6247698.1235656105
2026-07-21,0.002463286471917994,6263087.993834019
2026-07-22,-0.004241036343492037,6236526.01002968
2026-07-23,0.0024333386568712798,6251701.589854469
2026-07-24,-0.007659483587126713,6203816.784135364
2026-07-27,0.009779165313069363,6264484.934039419
2026-07-28,-0.0073086138142932295,6218700.232911066
2026-07-29,-0.0017545154095246853,6207789.42752521
2026-07-30,-0.008648389871914977,6154102.044313219
2026-07-31,0.00876276211493369,6208028.976558564
