date,pool_a,pool_b,pool_c
2018-01-02,2529,0,0
2018-01-03,2536,0,0
2018-01-04,2537,0,0
2018-01-05,2537,0,0
2018-01-08,2536,0,0
2018-01-09,2538,0,0
2018-01-10,2539,0,0
2018-01-11,2540,0,0
2018-01-12,2538,0,0
2018-01-15,2545,0,0
2018-01-16,2547,0,0
2018-01-17,2542,0,0
2018-01-18,2542,0,0
2018-01-19,2546,0,0
2018-01-22,2543,0,0
2018-01-23,2540,0,0
2018-01-24,2543,0,0
2018-01-25,2536,0,0
2018-01-26,2532,0,0
2018-01-29,2527,0,0
2018-01-30,2528,0,0
2018-01-31,2526,0,0
2018-02-01,2524,0,0
2018-02-02,2497,0,0
2018-02-05,2463,0,0
2018-02-06,2456,0,0
2018-02-07,2449,0,0
2018-02-08,2442,0,0
2018-02-09,2447,0,0
2018-02-12,2459,0,0
2018-02-13,2463,0,0
2018-02-14,2470,0,0
2018-02-22,2476,0,0
2018-02-23,2477,0,0
2018-02-26,2492,0,0
2018-02-27,2498,0,0
2018-02-28,2496,0,0
2018-03-01,2494,0,0
2018-03-02,2503,0,0
2018-03-05,2498,0,0
2018-03-06,2502,0,0
2018-03-07,2506,0,0
2018-03-08,2505,0,0
2018-03-09,2509,0,0
2018-03-12,2510,0,0
2018-03-13,2508,0,0
2018-03-14,2508,0,0
2018-03-15,2517,0,0
2018-03-16,2518,0,0
2018-03-19,2519,0,0
2018-03-20,2519,0,0
2018-03-21,2522,0,0
2018-03-22,2522,0,0
2018-03-23,2521,0,0
2018-03-26,2520,0,0
2018-03-27,2515,0,0
2018-03-28,2512,0,0
2018-03-29,2511,0,0
2018-03-30,2516,0,0
2018-04-02,2517,0,0
2018-04-03,2519,0,0
2018-04-04,2521,0,0
2018-04-09,2516,0,0
2018-04-10,2521,0,0
2018-04-11,2525,0,0
2018-04-12,2528,0,0
2018-04-13,2530,0,0
2018-04-16,2528,0,0
2018-04-17,2525,0,0
2018-04-18,2521,0,0
2018-04-19,2525,0,0
2018-04-20,2522,0,0
2018-04-23,2523,0,0
2018-04-24,2519,0,0
2018-04-25,2522,0,0
2018-04-26,2520,0,0
2018-04-27,2522,0,0
2018-05-02,2517,0,0
2018-05-03,2517,0,0
2018-05-04,2518,0,0
2018-05-07,2523,0,0
2018-05-08,2526,0,0
2018-05-09,2529,0,0
2018-05-10,2534,0,0
2018-05-11,2538,0,0
2018-05-14,2541,0,0
2018-05-15,2540,0,0
2018-05-16,2545,0,0
2018-05-17,2549,0,0
2018-05-18,2549,0,0
2018-05-21,2547,0,0
2018-05-22,2548,0,0
2018-05-23,2548,0,0
2018-05-24,2546,0,0
2018-05-25,2549,0,0
2018-05-28,2557,0,0
2018-05-29,2555,0,0
2018-05-30,2552,0,0
2018-05-31,2548,0,0
2018-06-01,2548,0,0
2018-06-04,2552,0,0
2018-06-05,2554,0,0
2018-06-06,2551,0,0
2018-06-07,2546,0,0
2018-06-08,2545,0,0
2018-06-11,2546,0,0
2018-06-12,2546,0,0
2018-06-13,2548,0,0
2018-06-14,2545,0,0
2018-06-15,2540,0,0
2018-06-19,2530,0,0
2018-06-20,2533,0,0
2018-06-21,2534,0,0
2018-06-22,2538,0,0
2018-06-25,2542,0,0
2018-06-26,2545,0,0
2018-06-27,2551,0,0
2018-06-28,2556,0,0
2018-06-29,2561,0,0
2018-07-02,2567,277,143
2018-07-03,2574,283,150
2018-07-04,2574,302,158
2018-07-05,2577,316,162
2018-07-06,2576,310,158
2018-07-09,2584,285,145
2018-07-10,2588,288,148
2018-07-11,2588,290,150
2018-07-12,2587,251,121
2018-07-13,2592,256,126
2018-07-16,2599,272,138
2018-07-17,2599,258,135
2018-07-18,2598,267,135
2018-07-19,2599,262,134
2018-07-20,2602,270,137
2018-07-23,2603,281,152
2018-07-24,2603,281,153
2018-07-25,2604,268,146
2018-07-26,2604,291,156
2018-07-27,2604,297,161
2018-07-30,2606,315,163
2018-07-31,2610,306,151
2018-08-01,2613,320,158
2018-08-02,2614,311,161
2018-08-03,2617,331,168
2018-08-06,2620,351,172
2018-08-07,2623,318,155
2018-08-08,2622,323,161
2018-08-09,2624,309,153
2018-08-10,2623,299,144
2018-08-13,2623,270,134
2018-08-14,2623,289,136
2018-08-15,2625,306,144
2018-08-16,2625,323,152
2018-08-17,2629,339,163
2018-08-20,2631,315,147
2018-08-21,2633,287,135
2018-08-22,2633,281,131
2018-08-23,2633,261,118
2018-08-24,2637,258,119
2018-08-27,2641,225,111
2018-08-28,2645,234,117
2018-08-29,2645,231,111
2018-08-30,2647,229,104
2018-08-31,2650,234,107
2018-09-03,2652,212,98
2018-09-04,2653,205,97
2018-09-05,2654,206,97
2018-09-06,2652,201,98
2018-09-07,2649,194,99
2018-09-10,2650,202,104
2018-09-11,2651,191,92
2018-09-12,2652,197,96
2018-09-13,2657,191,96
2018-09-14,2659,211,109
2018-09-17,2658,210,108
2018-09-18,2661,201,103
2018-09-19,2661,197,102
2018-09-20,2663,198,104
2018-09-21,2665,197,104
2018-09-25,2669,179,90
2018-09-26,2672,182,92
2018-09-27,2673,193,97
2018-09-28,2672,184,98
2018-10-08,2672,213,109
2018-10-09,2678,207,104
2018-10-10,2683,208,110
2018-10-11,2683,239,125
2018-10-12,2687,249,129
2018-10-15,2685,263,135
2018-10-16,2687,263,136
2018-10-17,2688,258,132
2018-10-18,2685,267,130
2018-10-19,2682,252,121
2018-10-22,2677,223,96
2018-10-23,2678,244,108
2018-10-24,2678,265,119
2018-10-25,2674,239,103
2018-10-26,2677,267,121
2018-10-29,2682,272,124
2018-10-30,2685,267,117
2018-10-31,2683,263,122
2018-11-01,2685,258,111
2018-11-02,2688,248,102
2018-11-05,2697,219,90
2018-11-06,2698,245,104
2018-11-07,2700,276,115
2018-11-08,2702,277,119
2018-11-09,2704,278,124
2018-11-12,2708,238,107
2018-11-13,2710,221,95
2018-11-14,2711,245,110
2018-11-15,2716,204,87
2018-11-16,2719,210,92
2018-11-19,2721,226,105
2018-11-20,2720,271,125
2018-11-21,2721,263,124
2018-11-22,2726,249,118
2018-11-23,2727,327,158
2018-11-26,2726,317,152
2018-11-27,2726,307,146
2018-11-28,2732,291,139
2018-11-29,2732,333,159
2018-11-30,2733,322,150
2018-12-03,2733,258,119
2018-12-04,2734,240,112
2018-12-05,2736,258,115
2018-12-06,2735,294,136
2018-12-07,2738,297,130
2018-12-10,2740,298,132
2018-12-11,2737,268,117
2018-12-12,2740,250,111
2018-12-13,2740,229,98
2018-12-14,2740,259,116
2018-12-17,2739,235,110
2018-12-18,2738,217,106
2018-12-19,2738,216,107
2018-12-20,2740,202,98
2018-12-21,2738,197,97
2018-12-24,2738,192,92
2018-12-25,2733,200,96
2018-12-26,2732,187,91
2018-12-27,2732,204,101
2018-12-28,2736,197,101
2019-01-02,2739,174,94
2019-01-03,2740,173,100
2019-01-04,2741,150,89
2019-01-07,2741,136,78
2019-01-08,2741,140,82
2019-01-09,2741,145,85
2019-01-10,2742,149,85
2019-01-11,2743,151,84
2019-01-14,2741,151,85
2019-01-15,2741,158,89
2019-01-16,2742,173,96
2019-01-17,2745,186,103
2019-01-18,2744,187,101
2019-01-21,2743,206,106
2019-01-22,2743,231,113
2019-01-23,2743,229,117
2019-01-24,2746,241,118
2019-01-25,2747,267,123
2019-01-28,2748,266,127
2019-01-29,2747,280,128
2019-01-30,2749,304,138
2019-01-31,2747,309,140
2019-02-01,2749,281,124
2019-02-11,2751,254,111
2019-02-12,2751,238,107
2019-02-13,2751,202,90
2019-02-14,2751,140,62
2019-02-15,2752,223,97
2019-02-18,2749,202,85
2019-02-19,2749,223,103
2019-02-20,2744,251,106
2019-02-21,2749,277,119
2019-02-22,2750,225,93
2019-02-25,2747,147,64
2019-02-26,2747,180,75
2019-02-27,2746,206,96
2019-02-28,2748,212,89
2019-03-01,2750,214,92
2019-03-04,2750,178,76
2019-03-05,2749,110,42
2019-03-06,2747,85,37
2019-03-07,2750,77,29
2019-03-08,2753,305,110
2019-03-11,2753,227,67
2019-03-12,2751,208,57
2019-03-13,2748,272,82
2019-03-14,2750,381,145
2019-03-15,2752,302,111
2019-03-18,2750,206,64
2019-03-19,2751,221,73
2019-03-20,2752,236,82
2019-03-21,2751,221,79
2019-03-22,2748,204,75
2019-03-25,2744,259,93
2019-03-26,2743,376,146
2019-03-27,2740,358,142
2019-03-28,2740,440,180
2019-03-29,2741,311,121
2019-04-01,2743,180,60
2019-04-02,2747,189,65
2019-04-03,2741,158,60
2019-04-04,2742,149,60
2019-04-08,2748,175,77
2019-04-09,2748,194,77
2019-04-10,2750,201,81
2019-04-11,2746,264,106
2019-04-12,2749,259,101
2019-04-15,2748,293,114
2019-04-16,2747,219,80
2019-04-17,2751,215,82
2019-04-18,2754,244,97
2019-04-19,2752,208,84
2019-04-22,2752,268,107
2019-04-23,2751,326,140
2019-04-24,2750,291,126
2019-04-25,2744,450,188
2019-04-26,2737,505,219
2019-04-29,2725,665,281
2019-04-30,2708,571,250
2019-05-06,2708,830,345
2019-05-07,2708,771,322
2019-05-08,2709,739,317
2019-05-09,2713,767,324
2019-05-10,2714,695,290
2019-05-13,2712,678,290
2019-05-14,2712,677,284
2019-05-15,2715,628,264
2019-05-16,2715,573,240
2019-05-17,2716,662,286
2019-05-20,2714,642,279
2019-05-21,2716,587,249
2019-05-22,2718,594,249
2019-05-23,2719,621,266
2019-05-24,2720,614,264
2019-05-27,2720,560,234
2019-05-28,2718,543,234
2019-05-29,2719,514,223
2019-05-30,2717,492,220
2019-05-31,2717,482,208
2019-06-03,2714,464,201
2019-06-04,2714,481,213
2019-06-05,2713,469,205
2019-06-06,2715,501,230
2019-06-10,2711,467,212
2019-06-11,2712,417,193
2019-06-12,2712,430,192
2019-06-13,2712,439,201
2019-06-14,2714,463,220
2019-06-17,2714,440,209
2019-06-18,2714,442,205
2019-06-19,2715,436,204
2019-06-20,2718,427,205
2019-06-21,2718,400,186
2019-06-24,2719,406,195
2019-06-25,2718,425,208
2019-06-26,2717,426,195
2019-06-27,2719,434,199
2019-06-28,2723,464,215
2019-07-01,2723,416,186
2019-07-02,2723,439,194
2019-07-03,2722,450,197
2019-07-04,2720,468,205
2019-07-05,2723,439,186
2019-07-08,2722,502,218
2019-07-09,2720,491,213
2019-07-10,2721,488,214
2019-07-11,2721,481,208
2019-07-12,2722,467,201
2019-07-15,2721,439,183
2019-07-16,2722,444,186
2019-07-17,2722,435,181
2019-07-18,2722,429,178
2019-07-19,2722,408,164
2019-07-22,2724,423,180
2019-07-23,2723,392,165
2019-07-24,2720,372,159
2019-07-25,2723,369,151
2019-07-26,2724,347,141
2019-07-29,2726,321,132
2019-07-30,2725,314,134
2019-07-31,2728,312,138
2019-08-01,2728,313,142
2019-08-02,2730,329,149
2019-08-05,2731,322,141
2019-08-06,2734,346,151
2019-08-07,2734,335,155
2019-08-08,2732,334,152
2019-08-09,2733,355,161
2019-08-12,2732,339,151
2019-08-13,2731,332,153
2019-08-14,2730,322,149
2019-08-15,2734,309,138
2019-08-16,2733,311,142
2019-08-19,2730,280,122
2019-08-20,2730,296,131
2019-08-21,2730,314,148
2019-08-22,2730,304,144
2019-08-23,2731,324,158
2019-08-26,2732,351,166
2019-08-27,2733,339,162
2019-08-28,2735,361,178
2019-08-29,2735,364,179
2019-08-30,2737,389,198
2019-09-02,2737,372,185
2019-09-03,2737,359,171
2019-09-04,2736,352,167
2019-09-05,2738,363,165
2019-09-06,2737,321,139
2019-09-09,2739,309,134
2019-09-10,2737,324,142
2019-09-11,2736,385,177
2019-09-12,2737,390,176
2019-09-16,2738,400,180
2019-09-17,2740,497,237
2019-09-18,2739,489,230
2019-09-19,2737,458,211
2019-09-20,2740,465,219
2019-09-23,2738,477,227
2019-09-24,2738,464,225
2019-09-25,2739,504,250
2019-09-26,2737,580,297
2019-09-27,2738,540,280
2019-09-30,2740,548,282
2019-10-08,2736,527,269
2019-10-09,2735,500,260
2019-10-10,2737,448,232
2019-10-11,2739,439,236
2019-10-14,2739,394,215
2019-10-15,2741,419,234
2019-10-16,2741,409,231
2019-10-17,2740,397,226
2019-10-18,2742,400,231
2019-10-21,2742,393,229
2019-10-22,2741,359,211
2019-10-23,2744,360,213
2019-10-24,2744,350,207
2019-10-25,2744,322,190
2019-10-28,2745,290,161
2019-10-29,2747,314,180
2019-10-30,2743,327,183
2019-10-31,2746,346,195
2019-11-01,2743,333,185
2019-11-04,2744,326,181
2019-11-05,2746,328,180
2019-11-06,2745,359,205
2019-11-07,2747,341,191
2019-11-08,2747,342,194
2019-11-11,2750,367,217
2019-11-12,2750,359,212
2019-11-13,2748,354,211
2019-11-14,2751,340,203
2019-11-15,2749,376,231
2019-11-18,2750,356,211
2019-11-19,2749,340,198
2019-11-20,2748,358,214
2019-11-21,2749,359,217
2019-11-22,2750,387,231
2019-11-25,2750,397,240
2019-11-26,2751,389,233
2019-11-27,2751,366,219
2019-11-28,2748,362,216
2019-11-29,2748,361,212
2019-12-02,2746,356,208
2019-12-03,2748,340,201
2019-12-04,2744,330,194
2019-12-05,2746,321,191
2019-12-06,2745,310,180
2019-12-09,2745,308,180
2019-12-10,2745,290,172
2019-12-11,2747,296,177
2019-12-12,2747,304,183
2019-12-13,2750,296,178
2019-12-16,2753,283,161
2019-12-17,2754,298,170
2019-12-18,2753,308,169
2019-12-19,2753,293,162
2019-12-20,2753,346,192
2019-12-23,2754,390,213
2019-12-24,2756,374,208
2019-12-25,2753,359,199
2019-12-26,2753,338,189
2019-12-27,2755,377,212
2019-12-30,2755,383,221
2019-12-31,2756,392,220
2020-01-02,2755,380,213
2020-01-03,2756,388,217
2020-01-06,2756,383,213
2020-01-07,2755,355,184
2020-01-08,2754,421,221
2020-01-09,2753,417,215
2020-01-10,2751,435,220
2020-01-13,2751,415,207
2020-01-14,2753,435,223
2020-01-15,2752,454,235
2020-01-16,2754,459,232
2020-01-17,2756,453,228
2020-01-20,2758,438,214
2020-01-21,2758,468,236
2020-01-22,2760,468,239
2020-01-23,2760,548,282
2020-02-03,2760,709,358
2020-02-04,2761,692,340
2020-02-05,2762,662,320
2020-02-06,2763,626,298
2020-02-07,2764,608,289
2020-02-10,2764,524,245
2020-02-11,2764,532,238
2020-02-12,2763,528,241
2020-02-13,2763,565,264
2020-02-14,2764,551,257
2020-02-17,2764,512,228
2020-02-18,2763,462,195
2020-02-19,2764,513,215
2020-02-20,2764,442,175
2020-02-21,2764,412,154
2020-02-24,2765,377,127
2020-02-25,2765,409,150
2020-02-26,2766,503,198
2020-02-27,2765,506,190
2020-02-28,2765,712,310
2020-03-02,2764,540,229
2020-03-03,2764,478,195
2020-03-04,2762,493,203
2020-03-05,2765,452,186
2020-03-06,2765,471,194
2020-03-09,2764,660,305
2020-03-10,2765,574,243
2020-03-11,2763,641,284
2020-03-12,2761,737,335
2020-03-13,2761,789,367
2020-03-16,2761,951,462
2020-03-17,2762,949,464
2020-03-18,2762,985,484
2020-03-19,2763,929,455
2020-03-20,2765,869,424
2020-03-23,2767,946,461
2020-03-24,2766,846,415
2020-03-25,2765,750,362
2020-03-26,2767,777,384
2020-03-27,2768,776,395
2020-03-30,2766,798,415
2020-03-31,2764,775,398
2020-04-01,2764,796,404
2020-04-02,2764,704,356
2020-04-03,2764,685,353
2020-04-07,2763,560,286
2020-04-08,2766,540,281
2020-04-09,2766,487,250
2020-04-10,2766,561,301
2020-04-13,2767,546,294
2020-04-14,2769,493,262
2020-04-15,2766,514,276
2020-04-16,2770,478,256
2020-04-17,2773,471,252
2020-04-20,2772,418,212
2020-04-21,2772,426,222
2020-04-22,2770,403,209
2020-04-23,2771,417,223
2020-04-24,2769,464,256
2020-04-27,2765,456,250
2020-04-28,2757,504,275
2020-04-29,2744,573,311
2020-04-30,2719,532,285
2020-05-06,2716,520,276
2020-05-07,2718,535,294
2020-05-08,2720,493,262
2020-05-11,2718,487,262
2020-05-12,2718,507,282
2020-05-13,2719,494,278
2020-05-14,2721,521,289
2020-05-15,2722,524,298
2020-05-18,2720,527,307
2020-05-19,2720,495,286
2020-05-20,2721,519,304
2020-05-21,2720,538,317
2020-05-22,2722,554,323
2020-05-25,2722,547,318
2020-05-26,2722,506,290
2020-05-27,2717,501,288
2020-05-28,2722,488,279
2020-05-29,2723,453,253
2020-06-01,2720,376,211
2020-06-02,2721,406,226
2020-06-03,2724,421,230
2020-06-04,2725,407,222
2020-06-05,2725,413,225
2020-06-08,2731,427,234
2020-06-09,2731,423,235
2020-06-10,2730,421,228
2020-06-11,2730,435,237
2020-06-12,2728,430,231
2020-06-15,2729,424,222
2020-06-16,2730,397,207
2020-06-17,2729,395,204
2020-06-18,2730,406,203
2020-06-19,2729,397,198
2020-06-22,2728,407,203
2020-06-23,2726,432,218
2020-06-24,2722,448,214
2020-06-29,2724,465,228
2020-06-30,2718,428,211
2020-07-01,2720,431,220
2020-07-02,2720,414,218
2020-07-03,2720,389,216
2020-07-06,2719,285,164
2020-07-07,2717,306,162
2020-07-08,2719,226,118
2020-07-09,2719,190,98
2020-07-10,2721,328,160
2020-07-13,2719,234,106
2020-07-14,2720,297,150
2020-07-15,2717,448,222
2020-07-16,2719,699,340
2020-07-17,2719,716,350
2020-07-20,2717,589,297
2020-07-21,2720,620,302
2020-07-22,2719,607,291
2020-07-23,2720,631,305
2020-07-24,2720,818,394
2020-07-27,2719,798,390
2020-07-28,2719,842,405
2020-07-29,2721,791,376
2020-07-30,2723,835,404
2020-07-31,2726,809,388
2020-08-03,2729,656,320
2020-08-04,2729,716,348
2020-08-05,2731,659,320
2020-08-06,2731,641,315
2020-08-07,2730,681,353
2020-08-10,2734,644,331
2020-08-11,2732,698,352
2020-08-12,2733,722,377
2020-08-13,2734,680,358
2020-08-14,2735,644,342
2020-08-17,2737,566,296
2020-08-18,2739,531,276
2020-08-19,2738,613,329
2020-08-20,2738,669,350
2020-08-21,2739,638,337
2020-08-24,2738,637,334
2020-08-25,2740,737,387
2020-08-26,2740,808,425
2020-08-27,2741,781,407
2020-08-28,2743,732,393
2020-08-31,2743,715,385
2020-09-01,2744,681,366
2020-09-02,2744,669,359
2020-09-03,2748,689,366
2020-09-04,2748,704,370
2020-09-07,2748,750,390
2020-09-08,2751,721,373
2020-09-09,2748,798,414
2020-09-10,2748,852,446
2020-09-11,2750,813,431
2020-09-14,2750,761,400
2020-09-15,2751,727,382
2020-09-16,2751,696,366
2020-09-17,2754,660,348
2020-09-18,2758,596,325
2020-09-21,2757,613,332
2020-09-22,2759,632,339
2020-09-23,2758,620,329
2020-09-24,2760,644,337
2020-09-25,2766,654,342
2020-09-28,2765,638,337
2020-09-29,2770,607,312
2020-09-30,2771,594,311
2020-10-09,2772,530,273
2020-10-12,2772,501,262
2020-10-13,2776,462,229
2020-10-14,2774,483,244
2020-10-15,2774,457,229
2020-10-16,2773,464,238
2020-10-19,2776,509,267
2020-10-20,2778,494,258
2020-10-21,2778,503,264
2020-10-22,2781,513,271
2020-10-23,2782,522,278
2020-10-26,2783,491,257
2020-10-27,2785,482,256
2020-10-28,2784,473,255
2020-10-29,2786,484,262
2020-10-30,2787,502,276
2020-11-02,2788,496,268
2020-11-03,2787,499,271
2020-11-04,2787,497,263
2020-11-05,2788,475,261
2020-11-06,2789,495,273
2020-11-09,2793,450,245
2020-11-10,2795,503,268
2020-11-11,2795,524,293
2020-11-12,2795,510,285
2020-11-13,2792,505,281
2020-11-16,2793,482,272
2020-11-17,2794,519,285
2020-11-18,2795,531,293
2020-11-19,2794,541,291
2020-11-20,2794,516,286
2020-11-23,2795,506,286
2020-11-24,2793,516,283
2020-11-25,2794,569,311
2020-11-26,2798,580,308
2020-11-27,2797,557,296
2020-11-30,2795,580,301
2020-12-01,2797,583,301
2020-12-02,2793,576,295
2020-12-03,2795,611,310
2020-12-04,2797,597,305
2020-12-07,2796,601,297
2020-12-08,2801,590,291
2020-12-09,2801,610,301
2020-12-10,2801,609,301
2020-12-11,2803,643,323
2020-12-14,2804,642,318
2020-12-15,2806,635,320
2020-12-16,2809,641,323
2020-12-17,2808,614,307
2020-12-18,2809,600,307
2020-12-21,2810,542,281
2020-12-22,2811,591,300
2020-12-23,2812,549,286
2020-12-24,2812,567,289
2020-12-25,2812,540,284
2020-12-28,2815,547,280
2020-12-29,2816,598,308
2020-12-30,2816,563,289
2020-12-31,2817,554,285
2021-01-04,2820,511,251
2021-01-05,2821,484,228
2021-01-06,2823,552,267
2021-01-07,2824,571,278
2021-01-08,2824,626,305
2021-01-11,2821,633,300
2021-01-12,2823,627,302
2021-01-13,2824,663,319
2021-01-14,2822,670,311
2021-01-15,2819,688,326
2021-01-18,2819,638,295
2021-01-19,2821,675,321
2021-01-20,2819,649,300
2021-01-21,2821,642,302
2021-01-22,2823,648,298
2021-01-25,2823,669,306
2021-01-26,2823,689,310
2021-01-27,2824,670,308
2021-01-28,2827,710,335
2021-01-29,2830,736,350
2021-02-01,2834,690,318
2021-02-02,2833,637,287
2021-02-03,2833,645,307
2021-02-04,2833,632,300
2021-02-05,2833,657,307
2021-02-08,2832,615,291
2021-02-09,2835,570,275
2021-02-10,2839,554,266
2021-02-18,2834,489,246
2021-02-19,2835,399,207
2021-02-22,2835,394,210
2021-02-23,2835,449,236
2021-02-24,2838,478,245
2021-02-25,2838,541,274
2021-02-26,2837,579,283
2021-03-01,2839,484,234
2021-03-02,2839,514,244
2021-03-03,2838,467,229
2021-03-04,2838,510,250
2021-03-05,2840,500,236
2021-03-08,2841,551,273
2021-03-09,2840,618,307
2021-03-10,2841,636,304
2021-03-11,2840,552,277
2021-03-12,2842,523,264
2021-03-15,2843,535,270
2021-03-16,2845,543,267
2021-03-17,2845,529,249
2021-03-18,2844,544,249
2021-03-19,2845,555,257
2021-03-22,2854,485,221
2021-03-23,2855,538,234
2021-03-24,2854,565,247
2021-03-25,2855,574,241
2021-03-26,2856,517,221
2021-03-29,2856,521,229
2021-03-30,2856,536,238
2021-03-31,2855,538,235
2021-04-01,2859,500,223
2021-04-02,2860,512,218
2021-04-06,2865,489,211
2021-04-07,2862,445,194
2021-04-08,2862,461,203
2021-04-09,2863,455,195
2021-04-12,2865,493,216
2021-04-13,2866,512,228
2021-04-14,2869,491,216
2021-04-15,2869,497,222
2021-04-16,2875,473,215
2021-04-19,2877,450,200
2021-04-20,2877,469,220
2021-04-21,2881,481,230
2021-04-22,2880,465,223
2021-04-23,2876,489,230
2021-04-26,2876,511,241
2021-04-27,2871,506,241
2021-04-28,2873,494,235
2021-04-29,2866,518,246
2021-04-30,2847,528,243
2021-05-06,2850,493,242
2021-05-07,2851,514,262
2021-05-10,2857,475,256
2021-05-11,2861,489,258
2021-05-12,2863,457,249
2021-05-13,2869,475,245
2021-05-14,2869,462,230
2021-05-17,2872,491,242
2021-05-18,2873,487,231
2021-05-19,2879,495,231
2021-05-20,2884,511,226
2021-05-21,2884,507,219
2021-05-24,2884,495,219
2021-05-25,2889,484,214
2021-05-26,2894,478,212
2021-05-27,2896,455,198
2021-05-28,2898,475,206
2021-05-31,2900,448,190
2021-06-01,2899,440,183
2021-06-02,2901,471,203
2021-06-03,2902,483,209
2021-06-04,2903,477,202
2021-06-07,2903,461,196
2021-06-08,2904,495,209
2021-06-09,2906,496,219
2021-06-10,2908,486,217
2021-06-11,2912,524,235
2021-06-15,2911,549,245
2021-06-16,2909,602,277
2021-06-17,2911,571,252
2021-06-18,2911,558,249
2021-06-21,2909,531,234
2021-06-22,2915,551,249
2021-06-23,2916,523,243
2021-06-24,2917,540,251
2021-06-25,2921,526,250
2021-06-28,2922,505,229
2021-06-29,2925,536,244
2021-06-30,2925,496,231
2021-07-01,2926,511,237
2021-07-02,2927,512,243
2021-07-05,2925,481,235
2021-07-06,2928,498,240
2021-07-07,2928,474,224
2021-07-08,2930,468,222
2021-07-09,2931,429,206
2021-07-12,2932,430,197
2021-07-13,2932,425,196
2021-07-14,2931,441,199
2021-07-15,2929,456,220
2021-07-16,2930,458,225
2021-07-19,2930,459,229
2021-07-20,2932,459,228
2021-07-21,2932,431,217
2021-07-22,2932,431,210
2021-07-23,2932,463,232
2021-07-26,2930,492,238
2021-07-27,2930,559,265
2021-07-28,2931,611,287
2021-07-29,2932,542,255
2021-07-30,2932,529,253
2021-08-02,2933,490,228
2021-08-03,2934,547,258
2021-08-04,2937,484,236
2021-08-05,2937,535,251
2021-08-06,2938,532,260
2021-08-09,2938,528,250
2021-08-10,2942,511,240
2021-08-11,2940,492,236
2021-08-12,2942,481,235
2021-08-13,2944,478,234
2021-08-16,2944,519,257
2021-08-17,2944,626,317
2021-08-18,2942,618,316
2021-08-19,2945,628,318
2021-08-20,2948,609,314
2021-08-23,2949,548,269
2021-08-24,2949,530,260
2021-08-25,2947,475,238
2021-08-26,2949,505,255
2021-08-27,2948,511,258
2021-08-30,2949,526,272
2021-08-31,2948,524,268
2021-09-01,2948,580,303
2021-09-02,2946,520,274
2021-09-03,2946,557,284
2021-09-06,2946,551,287
2021-09-07,2946,518,270
2021-09-08,2946,513,271
2021-09-09,2948,514,266
2021-09-10,2948,568,291
2021-09-13,2950,551,287
2021-09-14,2951,611,298
2021-09-15,2950,587,284
2021-09-16,2949,652,312
2021-09-17,2949,655,323
2021-09-22,2947,637,313
2021-09-23,2947,634,314
2021-09-24,2945,708,339
2021-09-27,2944,795,374
2021-09-28,2947,778,373
2021-09-29,2947,846,401
2021-09-30,2947,789,366
2021-10-08,2948,772,357
2021-10-11,2948,796,373
2021-10-12,2950,829,381
2021-10-13,2951,817,367
2021-10-14,2951,796,349
2021-10-15,2953,810,360
2021-10-18,2955,760,350
2021-10-19,2956,692,307
2021-10-20,2955,696,311
2021-10-21,2958,682,300
2021-10-22,2959,704,312
2021-10-25,2958,652,283
2021-10-26,2958,654,283
2021-10-27,2960,653,290
2021-10-28,2961,664,295
2021-10-29,2961,630,275
2021-11-01,2961,622,261
2021-11-02,2961,654,283
2021-11-03,2960,641,279
2021-11-04,2961,580,249
2021-11-05,2961,635,274
2021-11-08,2962,623,270
2021-11-09,2961,583,245
2021-11-10,2960,616,261
2021-11-11,2958,608,258
2021-11-12,2959,583,248
2021-11-15,2960,592,251
2021-11-16,2961,635,275
2021-11-17,2963,602,259
2021-11-18,2964,628,282
2021-11-19,2965,606,275
2021-11-22,2965,582,255
2021-11-23,2965,585,256
2021-11-24,2963,593,260
2021-11-25,2964,573,249
2021-11-26,2963,599,268
2021-11-29,2963,609,278
2021-11-30,2964,580,266
2021-12-01,2964,584,267
2021-12-02,2966,651,318
2021-12-03,2966,606,300
2021-12-06,2967,673,339
2021-12-07,2966,727,379
2021-12-08,2966,681,345
2021-12-09,2966,693,347
2021-12-10,2967,704,349
2021-12-13,2967,691,333
2021-12-14,2967,682,328
2021-12-15,2964,692,331
2021-12-16,2966,670,318
2021-12-17,2967,720,340
2021-12-20,2968,767,372
2021-12-21,2968,747,359
2021-12-22,2967,751,353
2021-12-23,2971,742,347
2021-12-24,2974,790,379
2021-12-27,2974,761,364
2021-12-28,2973,760,361
2021-12-29,2975,778,363
2021-12-30,2975,743,350
2021-12-31,2976,720,332
2022-01-04,2975,698,320
2022-01-05,2976,777,361
2022-01-06,2975,734,341
2022-01-07,2975,812,391
2022-01-10,2975,792,380
2022-01-11,2976,823,405
2022-01-12,2976,776,366
2022-01-13,2977,833,395
2022-01-14,2975,836,385
2022-01-17,2974,776,347
2022-01-18,2976,819,385
2022-01-19,2975,840,401
2022-01-20,2977,903,446
2022-01-21,2977,932,467
2022-01-24,2978,922,459
2022-01-25,2977,1030,514
2022-01-26,2976,998,499
2022-01-27,2978,1051,520
2022-01-28,2980,1031,508
2022-02-07,2980,974,482
2022-02-08,2979,917,460
2022-02-09,2979,872,440
2022-02-10,2979,795,418
2022-02-11,2979,827,434
2022-02-14,2981,857,431
2022-02-15,2981,860,439
2022-02-16,2982,840,435
2022-02-17,2982,824,420
2022-02-18,2984,761,387
2022-02-21,2984,704,349
2022-02-22,2984,724,360
2022-02-23,2984,698,345
2022-02-24,2985,794,389
2022-02-25,2985,783,384
2022-02-28,2985,781,379
2022-03-01,2986,735,352
2022-03-02,2985,756,374
2022-03-03,2986,721,360
2022-03-04,2986,774,385
2022-03-07,2985,819,404
2022-03-08,2983,902,431
2022-03-09,2982,914,434
2022-03-10,2983,910,429
2022-03-11,2984,913,437
2022-03-14,2987,949,449
2022-03-15,2988,1027,478
2022-03-16,2988,994,466
2022-03-17,2988,1001,456
2022-03-18,2989,997,465
2022-03-21,2990,960,444
2022-03-22,2991,823,390
2022-03-23,2991,893,431
2022-03-24,2991,919,433
2022-03-25,2991,943,434
2022-03-28,2992,962,446
2022-03-29,2992,936,435
2022-03-30,2993,926,430
2022-03-31,2992,933,432
2022-04-01,2992,909,430
2022-04-06,2990,884,424
2022-04-07,2990,909,422
2022-04-08,2989,884,416
2022-04-11,2990,931,424
2022-04-12,2992,908,411
2022-04-13,2994,948,433
2022-04-14,2995,825,393
2022-04-15,2993,900,414
2022-04-18,2993,888,385
2022-04-19,2993,875,381
2022-04-20,2993,906,379
2022-04-21,2994,975,405
2022-04-22,2996,981,408
2022-04-25,2994,1047,435
2022-04-26,2992,1043,431
2022-04-27,2992,985,390
2022-04-28,2991,1035,431
2022-04-29,2990,947,379
2022-05-05,2967,838,324
2022-05-06,2969,789,295
2022-05-09,2969,832,328
2022-05-10,2974,734,270
2022-05-11,2975,858,338
2022-05-12,2977,825,330
2022-05-13,2978,748,298
2022-05-16,2978,734,298
2022-05-17,2980,739,298
2022-05-18,2979,731,299
2022-05-19,2981,682,277
2022-05-20,2984,647,257
2022-05-23,2982,630,248
2022-05-24,2982,729,304
2022-05-25,2988,650,274
2022-05-26,2993,581,235
2022-05-27,2990,515,210
2022-05-30,2994,562,248
2022-05-31,2998,498,206
2022-06-01,2999,526,231
2022-06-02,3000,529,220
2022-06-06,3007,465,187
2022-06-07,3009,493,204
2022-06-08,3008,513,204
2022-06-09,3006,579,244
2022-06-10,3011,507,210
2022-06-13,3013,514,213
2022-06-14,3012,489,202
2022-06-15,3013,510,216
2022-06-16,3009,514,209
2022-06-17,3005,519,202
2022-06-20,3007,508,198
2022-06-21,3008,533,204
2022-06-22,3005,591,225
2022-06-23,3006,533,211
2022-06-24,3005,510,199
2022-06-27,3003,490,190
2022-06-28,3002,461,179
2022-06-29,2999,532,206
2022-06-30,3004,508,193
2022-07-01,3006,514,199
2022-07-04,3004,490,186
2022-07-05,3006,504,191
2022-07-06,3008,556,217
2022-07-07,3007,519,206
2022-07-08,3007,502,200
2022-07-11,3006,521,201
2022-07-12,3005,578,239
2022-07-13,3003,519,220
2022-07-14,3006,514,209
2022-07-15,3009,577,243
2022-07-18,3009,495,200
2022-07-19,3008,466,193
2022-07-20,3008,442,185
2022-07-21,3008,455,192
2022-07-22,3008,457,198
2022-07-25,3009,470,196
2022-07-26,3011,494,211
2022-07-27,3011,517,214
2022-07-28,3011,525,221
2022-07-29,3011,551,242
2022-08-01,3010,552,238
2022-08-02,3012,666,295
2022-08-03,3013,706,328
2022-08-04,3013,701,326
2022-08-05,3014,679,317
2022-08-08,3015,648,302
2022-08-09,3015,616,290
2022-08-10,3014,602,286
2022-08-11,3014,583,279
2022-08-12,3015,609,305
2022-08-15,3016,585,282
2022-08-16,3018,567,281
2022-08-17,3018,558,269
2022-08-18,3022,571,267
2022-08-19,3023,641,324
2022-08-22,3024,637,306
2022-08-23,3024,641,315
2022-08-24,3024,791,417
2022-08-25,3024,824,447
2022-08-26,3025,870,474
2022-08-29,3026,865,464
2022-08-30,3027,872,482
2022-08-31,3029,970,539
2022-09-01,3028,986,551
2022-09-02,3029,957,525
2022-09-05,3029,923,510
2022-09-06,3028,895,494
2022-09-07,3028,850,467
2022-09-08,3030,857,478
2022-09-09,3031,893,499
2022-09-13,3031,908,506
2022-09-14,3031,905,501
2022-09-15,3029,942,528
2022-09-16,3029,965,535
2022-09-19,3030,949,533
2022-09-20,3032,893,501
2022-09-21,3033,888,497
2022-09-22,3033,846,472
2022-09-23,3034,844,473
2022-09-26,3035,833,457
2022-09-27,3034,799,439
2022-09-28,3034,842,469
2022-09-29,3034,827,464
2022-09-30,3035,819,459
2022-10-10,3037,800,445
2022-10-11,3037,764,422
2022-10-12,3037,709,392
2022-10-13,3037,694,379
2022-10-14,3039,613,326
2022-10-17,3036,571,292
2022-10-18,3036,568,297
2022-10-19,3040,653,350
2022-10-20,3040,662,364
2022-10-21,3041,652,359
2022-10-24,3042,672,373
2022-10-25,3041,675,379
2022-10-26,3040,659,362
2022-10-27,3041,698,396
2022-10-28,3043,760,431
2022-10-31,3043,713,399
2022-11-01,3045,699,395
2022-11-02,3043,697,388
2022-11-03,3045,719,393
2022-11-04,3047,549,296
2022-11-07,3047,493,258
2022-11-08,3046,618,337
2022-11-09,3046,712,401
2022-11-10,3049,754,427
2022-11-11,3049,792,447
2022-11-14,3047,827,468
2022-11-15,3048,769,437
2022-11-16,3049,802,446
2022-11-17,3048,778,430
2022-11-18,3048,824,453
2022-11-21,3050,783,431
2022-11-22,3049,848,479
2022-11-23,3050,870,490
2022-11-24,3052,846,475
2022-11-25,3052,827,464
2022-11-28,3054,832,467
2022-11-29,3055,786,442
2022-11-30,3054,817,460
2022-12-01,3055,804,453
2022-12-02,3054,786,420
2022-12-05,3052,766,419
2022-12-06,3052,802,432
2022-12-07,3052,798,419
2022-12-08,3053,820,430
2022-12-09,3053,805,419
2022-12-12,3055,782,390
2022-12-13,3055,772,396
2022-12-14,3054,767,388
2022-12-15,3054,751,372
2022-12-16,3055,750,382
2022-12-19,3052,806,417
2022-12-20,3052,830,423
2022-12-21,3048,795,398
2022-12-22,3056,821,408
2022-12-23,3055,800,410
2022-12-26,3053,738,371
2022-12-27,3055,721,379
2022-12-28,3053,714,385
2022-12-29,3056,689,374
2022-12-30,3057,644,348
2023-01-03,3058,587,320
2023-01-04,3059,579,316
2023-01-05,3059,585,302
2023-01-06,3058,595,318
2023-01-09,3056,563,298
2023-01-10,3058,572,317
2023-01-11,3058,578,320
2023-01-12,3057,583,319
2023-01-13,3058,593,331
2023-01-16,3059,586,332
2023-01-17,3059,581,330
2023-01-18,3059,581,334
2023-01-19,3058,584,338
2023-01-20,3059,560,319
2023-01-30,3058,527,288
2023-01-31,3058,586,330
2023-02-01,3059,565,313
2023-02-02,3059,572,316
2023-02-03,3059,592,324
2023-02-06,3061,638,352
2023-02-07,3061,646,347
2023-02-08,3059,682,373
2023-02-09,3060,649,354
2023-02-10,3060,684,386
2023-02-13,3061,657,369
2023-02-14,3061,676,391
2023-02-15,3062,659,375
2023-02-16,3064,775,445
2023-02-17,3066,810,468
2023-02-20,3067,761,441
2023-02-21,3066,761,441
2023-02-22,3067,767,440
2023-02-23,3066,794,452
2023-02-24,3065,807,465
2023-02-27,3066,800,460
2023-02-28,3068,777,446
2023-03-01,3068,733,427
2023-03-02,3070,731,425
2023-03-03,3072,719,426
2023-03-06,3071,738,428
2023-03-07,3072,801,469
2023-03-08,3073,753,441
2023-03-09,3073,758,440
2023-03-10,3074,772,443
2023-03-13,3077,734,421
2023-03-14,3077,738,423
2023-03-15,3078,706,404
2023-03-16,3078,722,418
2023-03-17,3077,668,384
2023-03-20,3076,676,387
2023-03-21,3078,613,350
2023-03-22,3077,596,335
2023-03-23,3078,570,317
2023-03-24,3079,569,312
2023-03-27,3081,575,317
2023-03-28,3081,618,351
2023-03-29,3084,626,360
2023-03-30,3084,633,369
2023-03-31,3084,603,349
2023-04-03,3085,589,337
2023-04-04,3086,604,355
2023-04-06,3085,615,361
2023-04-07,3084,598,350
2023-04-10,3094,643,383
2023-04-11,3095,624,370
2023-04-12,3095,590,346
2023-04-13,3096,616,367
2023-04-14,3096,612,361
2023-04-17,3096,643,380
2023-04-18,3098,658,386
2023-04-19,3099,652,371
2023-04-20,3099,660,371
2023-04-21,3097,747,415
2023-04-24,3096,740,413
2023-04-25,3095,760,429
2023-04-26,3092,764,426
2023-04-27,3086,783,441
2023-04-28,3076,748,422
2023-05-04,3047,745,419
2023-05-05,3048,735,410
2023-05-08,3047,717,398
2023-05-09,3047,742,410
2023-05-10,3050,782,423
2023-05-11,3052,766,414
2023-05-12,3053,794,425
2023-05-15,3053,781,407
2023-05-16,3056,789,399
2023-05-17,3058,789,403
2023-05-18,3058,760,391
2023-05-19,3059,741,372
2023-05-22,3060,737,374
2023-05-23,3061,752,382
2023-05-24,3063,734,365
2023-05-25,3063,742,377
2023-05-26,3062,690,343
2023-05-29,3061,688,343
2023-05-30,3064,655,328
2023-05-31,3067,641,322
2023-06-01,3069,605,302
2023-06-02,3070,604,302
2023-06-05,3070,583,297
2023-06-06,3070,614,319
2023-06-07,3070,578,305
2023-06-08,3069,584,315
2023-06-09,3070,571,307
2023-06-12,3072,571,304
2023-06-13,3074,556,300
2023-06-14,3075,576,306
2023-06-15,3075,567,301
2023-06-16,3075,557,296
2023-06-19,3077,569,307
2023-06-20,3076,562,301
2023-06-21,3077,604,335
2023-06-26,3077,660,374
2023-06-27,3077,626,355
2023-06-28,3079,647,362
2023-06-29,3079,645,358
2023-06-30,3078,619,340
2023-07-03,3079,605,334
2023-07-04,3079,622,339
2023-07-05,3079,636,356
2023-07-06,3077,627,351
2023-07-07,3078,664,375
2023-07-10,3076,663,374
2023-07-11,3075,655,367
2023-07-12,3074,681,384
2023-07-13,3073,665,373
2023-07-14,3074,666,373
2023-07-17,3075,650,371
2023-07-18,3074,641,366
2023-07-19,3074,643,379
2023-07-20,3074,669,393
2023-07-21,3074,669,396
2023-07-24,3073,657,389
2023-07-25,3074,644,388
2023-07-26,3075,668,400
2023-07-27,3075,680,400
2023-07-28,3075,669,394
2023-07-31,3076,637,376
2023-08-01,3076,678,391
2023-08-02,3075,662,373
2023-08-03,3076,653,373
2023-08-04,3076,655,366
2023-08-07,3076,666,371
2023-08-08,3077,675,363
2023-08-09,3077,655,362
2023-08-10,3078,643,345
2023-08-11,3078,666,354
2023-08-14,3078,663,348
2023-08-15,3078,661,348
2023-08-16,3078,646,332
2023-08-17,3078,609,302
2023-08-18,3078,628,309
2023-08-21,3077,642,313
2023-08-22,3077,620,302
2023-08-23,3079,629,309
2023-08-24,3079,621,313
2023-08-25,3079,633,318
2023-08-28,3078,619,314
2023-08-29,3077,590,293
2023-08-30,3078,607,299
2023-08-31,3078,620,308
2023-09-01,3078,579,274
2023-09-04,3079,565,272
2023-09-05,3079,610,299
2023-09-06,3079,607,301
2023-09-07,3079,632,314
2023-09-08,3079,631,321
2023-09-11,3079,627,319
2023-09-12,3080,635,324
2023-09-13,3080,644,325
2023-09-14,3080,648,339
2023-09-15,3079,626,329
2023-09-18,3080,627,330
2023-09-19,3080,628,336
2023-09-20,3080,646,339
2023-09-21,3081,630,330
2023-09-22,3081,604,314
2023-09-25,3082,576,301
2023-09-26,3082,566,301
2023-09-27,3081,540,288
2023-09-28,3080,508,277
2023-10-09,3079,536,285
2023-10-10,3079,520,278
2023-10-11,3078,508,275
2023-10-12,3078,487,264
2023-10-13,3078,499,277
2023-10-16,3079,506,286
2023-10-17,3080,512,296
2023-10-18,3080,518,304
2023-10-19,3082,536,319
2023-10-20,3083,543,327
2023-10-23,3084,546,326
2023-10-24,3083,534,312
2023-10-25,3083,533,310
2023-10-26,3083,541,314
2023-10-27,3083,531,312
2023-10-30,3083,505,290
2023-10-31,3084,550,325
2023-11-01,3085,583,343
2023-11-02,3085,602,354
2023-11-03,3087,602,346
2023-11-06,3083,573,330
2023-11-07,3086,557,321
2023-11-08,3088,540,316
2023-11-09,3087,588,343
2023-11-10,3087,616,369
2023-11-13,3088,592,352
2023-11-14,3088,583,346
2023-11-15,3087,583,335
2023-11-16,3087,588,338
2023-11-17,3087,569,323
2023-11-20,3090,507,286
2023-11-21,3091,585,345
2023-11-22,3091,625,370
2023-11-23,3092,595,346
2023-11-24,3092,634,376
2023-11-27,3092,634,374
2023-11-28,3092,604,349
2023-11-29,3092,632,380
2023-11-30,3091,660,405
2023-12-01,3091,649,399
2023-12-04,3090,644,396
2023-12-05,3091,694,421
2023-12-06,3091,676,411
2023-12-07,3091,684,414
2023-12-08,3092,708,427
2023-12-11,3092,685,408
2023-12-12,3092,660,396
2023-12-13,3093,670,397
2023-12-14,3093,674,399
2023-12-15,3094,701,414
2023-12-18,3092,710,415
2023-12-19,3091,692,394
2023-12-20,3092,710,406
2023-12-21,3092,704,392
2023-12-22,3093,738,415
2023-12-25,3096,711,389
2023-12-26,3096,712,398
2023-12-27,3097,694,385
2023-12-28,3097,679,362
2023-12-29,3097,646,337
2024-01-02,3096,652,351
2024-01-03,3096,660,354
2024-01-04,3096,653,357
2024-01-05,3097,697,391
2024-01-08,3097,701,386
2024-01-09,3097,685,376
2024-01-10,3099,708,392
2024-01-11,3101,671,376
2024-01-12,3100,682,389
2024-01-15,3100,668,390
2024-01-16,3101,681,400
2024-01-17,3101,713,428
2024-01-18,3103,744,452
2024-01-19,3104,741,449
2024-01-22,3104,785,475
2024-01-23,3104,770,469
2024-01-24,3105,764,472
2024-01-25,3105,764,464
2024-01-26,3105,783,471
2024-01-29,3105,763,477
2024-01-30,3105,797,478
2024-01-31,3105,829,476
2024-02-01,3105,839,477
2024-02-02,3104,857,483
2024-02-05,3104,896,492
2024-02-06,3106,846,450
2024-02-07,3106,888,463
2024-02-08,3106,808,388
2024-02-19,3106,742,376
2024-02-20,3106,356,153
2024-02-21,3106,581,249
2024-02-22,3106,493,217
2024-02-23,3105,520,214
2024-02-26,3104,527,200
2024-02-27,3104,388,140
2024-02-28,3103,665,284
2024-02-29,3103,465,159
2024-03-01,3104,443,149
2024-03-04,3104,424,143
2024-03-05,3104,464,175
2024-03-06,3104,436,149
2024-03-07,3104,479,190
2024-03-08,3105,420,163
2024-03-11,3105,323,105
2024-03-12,3105,229,66
2024-03-13,3105,311,98
2024-03-14,3105,297,97
2024-03-15,3104,267,90
2024-03-18,3103,234,78
2024-03-19,3105,252,85
2024-03-20,3105,235,78
2024-03-21,3105,223,73
2024-03-22,3105,278,95
2024-03-25,3105,332,122
2024-03-26,3106,328,122
2024-03-27,3108,427,185
2024-03-28,3109,353,146
2024-03-29,3107,301,126
2024-04-01,3107,240,88
2024-04-02,3108,262,107
2024-04-03,3107,287,123
2024-04-08,3107,345,160
2024-04-09,3108,304,132
2024-04-10,3108,356,169
2024-04-11,3108,343,165
2024-04-12,3108,372,179
2024-04-15,3107,439,220
2024-04-16,3107,658,355
2024-04-17,3106,448,226
2024-04-18,3105,474,235
2024-04-19,3103,503,258
2024-04-22,3103,504,256
2024-04-23,3100,501,242
2024-04-24,3100,433,206
2024-04-25,3099,449,211
2024-04-26,3092,394,185
2024-04-29,3086,311,136
2024-04-30,3054,357,163
2024-05-06,3052,293,133
2024-05-07,3052,294,133
2024-05-08,3052,365,170
2024-05-09,3052,319,149
2024-05-10,3052,333,163
2024-05-13,3051,361,180
2024-05-14,3051,360,181
2024-05-15,3052,549,278
2024-05-16,3052,568,283
2024-05-17,3052,592,298
2024-05-20,3050,625,318
2024-05-21,3051,652,339
2024-05-22,3052,664,347
2024-05-23,3052,733,375
2024-05-24,3052,762,390
2024-05-27,3051,731,377
2024-05-28,3051,755,385
2024-05-29,3052,727,368
2024-05-30,3052,758,376
2024-05-31,3052,734,367
2024-06-03,3052,746,381
2024-06-04,3052,716,376
2024-06-05,3057,733,378
2024-06-06,3059,750,394
2024-06-07,3059,725,384
2024-06-11,3062,710,371
2024-06-12,3065,658,340
2024-06-13,3063,663,337
2024-06-14,3069,643,327
2024-06-17,3069,629,319
2024-06-18,3070,572,293
2024-06-19,3070,580,298
2024-06-20,3069,592,306
2024-06-21,3070,571,304
2024-06-24,3070,586,312
2024-06-25,3070,580,310
2024-06-26,3075,557,297
2024-06-27,3071,572,308
2024-06-28,3070,552,295
2024-07-01,3069,525,284
2024-07-02,3070,537,288
2024-07-03,3071,536,289
2024-07-04,3072,548,297
2024-07-05,3072,526,286
2024-07-08,3070,525,291
2024-07-09,3070,502,273
2024-07-10,3071,517,276
2024-07-11,3071,482,257
2024-07-12,3071,492,270
2024-07-15,3072,490,269
2024-07-16,3072,496,276
2024-07-17,3071,514,291
2024-07-18,3070,511,291
2024-07-19,3068,508,288
2024-07-22,3068,498,278
2024-07-23,3068,505,286
2024-07-24,3068,515,288
2024-07-25,3067,516,292
2024-07-26,3069,494,284
2024-07-29,3069,488,280
2024-07-30,3070,484,283
2024-07-31,3070,441,254
2024-08-01,3069,448,258
2024-08-02,3070,499,291
2024-08-05,3070,544,314
2024-08-06,3069,523,297
2024-08-07,3069,524,302
2024-08-08,3070,543,305
2024-08-09,3070,542,303
2024-08-12,3070,539,301
2024-08-13,3070,522,286
2024-08-14,3071,512,285
2024-08-15,3072,502,277
2024-08-16,3072,509,276
2024-08-19,3072,503,274
2024-08-20,3073,507,277
2024-08-21,3073,478,262
2024-08-22,3072,498,277
2024-08-23,3072,505,287
2024-08-26,3073,497,278
2024-08-27,3072,503,283
2024-08-28,3071,465,259
2024-08-29,3071,432,239
2024-08-30,3071,430,234
2024-09-02,3069,440,241
2024-09-03,3068,395,211
2024-09-04,3068,404,219
2024-09-05,3068,394,214
2024-09-06,3068,418,240
2024-09-09,3068,404,233
2024-09-10,3069,404,230
2024-09-11,3070,405,233
2024-09-12,3070,414,232
2024-09-13,3070,420,239
2024-09-18,3067,407,236
2024-09-19,3069,390,231
2024-09-20,3069,396,230
2024-09-23,3070,394,223
2024-09-24,3071,375,217
2024-09-25,3072,415,234
2024-09-26,3072,344,204
2024-09-27,3072,128,67
2024-09-30,3069,12,1
2024-10-08,3068,21,5
2024-10-09,3067,283,97
2024-10-10,3069,401,171
2024-10-11,3069,716,341
2024-10-14,3069,595,281
2024-10-15,3070,698,320
2024-10-16,3071,676,324
2024-10-17,3072,756,359
2024-10-18,3071,599,276
2024-10-21,3072,551,240
2024-10-22,3072,403,149
2024-10-23,3071,381,134
2024-10-24,3072,570,220
2024-10-25,3072,422,147
2024-10-28,3070,335,114
2024-10-29,3069,662,259
2024-10-30,3067,673,271
2024-10-31,3067,628,260
2024-11-01,3066,759,350
2024-11-04,3066,586,246
2024-11-05,3068,403,162
2024-11-06,3069,386,154
2024-11-07,3069,277,106
2024-11-08,3070,303,115
2024-11-11,3070,272,97
2024-11-12,3070,309,111
2024-11-13,3069,317,114
2024-11-14,3069,429,161
2024-11-15,3072,533,211
2024-11-18,3069,641,291
2024-11-19,3069,504,198
2024-11-20,3071,418,156
2024-11-21,3070,427,155
2024-11-22,3071,655,261
2024-11-25,3071,582,220
2024-11-26,3072,610,241
2024-11-27,3071,523,196
2024-11-28,3069,532,214
2024-11-29,3072,454,173
2024-12-02,3071,390,148
2024-12-03,3070,400,157
2024-12-04,3069,449,185
2024-12-05,3071,404,159
2024-12-06,3070,338,136
2024-12-09,3070,343,140
2024-12-10,3071,313,122
2024-12-11,3072,268,103
2024-12-12,3071,242,94
2024-12-13,3071,317,119
2024-12-16,3072,343,135
2024-12-17,3070,479,210
2024-12-18,3069,538,236
2024-12-19,3069,570,240
2024-12-20,3070,561,231
2024-12-23,3069,828,376
2024-12-24,3069,961,438
2024-12-25,3069,1093,517
2024-12-26,3070,1184,561
2024-12-27,3069,1221,595
2024-12-30,3067,1240,611
2024-12-31,3069,1267,653
2025-01-02,3068,1289,665
2025-01-03,3069,1362,717
2025-01-06,3068,1353,719
2025-01-07,3068,1277,671
2025-01-08,3069,1243,658
2025-01-09,3069,1191,629
2025-01-10,3068,1185,632
2025-01-13,3069,1143,612
2025-01-14,3071,1023,540
2025-01-15,3072,1024,546
2025-01-16,3073,1005,544
2025-01-17,3074,987,522
2025-01-20,3073,938,493
2025-01-21,3074,957,506
2025-01-22,3075,953,507
2025-01-23,3077,967,515
2025-01-24,3077,958,511
2025-01-27,3078,970,534
2025-02-05,3079,934,513
2025-02-06,3077,858,457
2025-02-07,3078,776,415
2025-02-10,3078,694,353
2025-02-11,3077,674,342
2025-02-12,3077,699,367
2025-02-13,3077,772,423
2025-02-14,3076,797,429
2025-02-17,3077,716,369
2025-02-18,3077,827,433
2025-02-19,3077,819,428
2025-02-20,3076,809,413
2025-02-21,3076,788,404
2025-02-24,3075,795,408
2025-02-25,3073,810,416
2025-02-26,3073,778,392
2025-02-27,3073,821,422
2025-02-28,3073,991,536
2025-03-03,3072,986,538
2025-03-04,3074,941,506
2025-03-05,3074,943,500
2025-03-06,3074,885,453
2025-03-07,3075,904,461
2025-03-10,3075,879,448
2025-03-11,3076,887,465
2025-03-12,3076,847,423
2025-03-13,3076,897,458
2025-03-14,3076,856,432
2025-03-17,3073,859,431
2025-03-18,3074,820,412
2025-03-19,3070,855,429
2025-03-20,3071,859,438
2025-03-21,3073,953,507
2025-03-24,3073,1008,557
2025-03-25,3072,1046,571
2025-03-26,3072,986,541
2025-03-27,3071,1007,558
2025-03-28,3069,1036,580
2025-03-31,3070,1067,598
2025-04-01,3070,1056,597
2025-04-02,3071,1023,568
2025-04-03,3070,1039,598
2025-04-07,3070,1313,746
2025-04-08,3072,1324,765
2025-04-09,3075,1337,766
2025-04-10,3075,1300,728
2025-04-11,3075,1322,736
2025-04-14,3075,1146,643
2025-04-15,3075,1115,597
2025-04-16,3077,1274,693
2025-04-17,3077,1284,690
2025-04-18,3076,1258,678
2025-04-21,3076,1166,614
2025-04-22,3069,1143,609
2025-04-23,3067,1113,570
2025-04-24,3068,1151,604
2025-04-25,3066,1114,586
2025-04-28,3055,1167,609
2025-04-29,3030,1116,570
2025-04-30,3018,1069,538
2025-05-06,3021,948,452
2025-05-07,3022,950,451
2025-05-08,3023,829,380
2025-05-09,3023,896,435
2025-05-12,3023,812,385
2025-05-13,3022,828,393
2025-05-14,3022,805,382
2025-05-15,3022,881,441
2025-05-16,3021,836,413
2025-05-19,3023,793,389
2025-05-20,3028,745,358
2025-05-21,3027,778,380
2025-05-22,3028,851,425
2025-05-23,3029,910,466
2025-05-26,3028,839,420
2025-05-27,3027,832,419
2025-05-28,3027,819,419
2025-05-29,3029,742,380
2025-05-30,3030,809,418
2025-06-03,3027,780,401
2025-06-04,3031,729,364
2025-06-05,3032,683,340
2025-06-06,3033,689,343
2025-06-09,3032,663,329
2025-06-10,3036,707,358
2025-06-11,3037,673,340
2025-06-12,3038,670,331
2025-06-13,3041,764,398
2025-06-16,3044,734,371
2025-06-17,3047,721,364
2025-06-18,3047,739,363
2025-06-19,3047,799,399
2025-06-20,3049,841,426
2025-06-23,3048,775,387
2025-06-24,3050,714,346
2025-06-25,3051,685,333
2025-06-26,3051,691,339
2025-06-27,3049,670,329
2025-06-30,3051,636,304
2025-07-01,3050,635,306
2025-07-02,3050,667,329
2025-07-03,3050,617,296
2025-07-04,3049,588,306
2025-07-07,3048,567,293
2025-07-08,3046,773,436
2025-07-09,3047,798,449
2025-07-10,3048,812,466
2025-07-11,3048,811,461
2025-07-14,3048,814,464
2025-07-15,3048,869,493
2025-07-16,3047,878,495
2025-07-17,3047,822,472
2025-07-18,3047,846,492
2025-07-21,3047,833,482
2025-07-22,3044,858,506
2025-07-23,3047,940,554
2025-07-24,3046,893,518
2025-07-25,3046,932,528
2025-07-28,3046,968,541
2025-07-29,3051,974,555
2025-07-30,3052,1025,572
2025-07-31,3051,1090,606
2025-08-01,3051,1090,611
2025-08-04,3049,1021,562
2025-08-05,3049,1002,555
2025-08-06,3049,978,535
2025-08-07,3050,961,524
2025-08-08,3051,942,527
2025-08-11,3052,928,508
2025-08-12,3052,945,525
2025-08-13,3051,937,522
2025-08-14,3051,1017,573
2025-08-15,3050,968,540
2025-08-18,3050,898,501
2025-08-19,3051,894,505
2025-08-20,3050,877,499
2025-08-21,3050,900,515
2025-08-22,3051,881,512
2025-08-25,3051,845,493
2025-08-26,3051,862,498
2025-08-27,3051,1025,591
2025-08-28,3051,979,573
2025-08-29,3051,1003,580
2025-09-01,3050,983,570
2025-09-02,3051,1098,637
2025-09-03,3052,1188,689
2025-09-04,3051,1226,727
2025-09-05,3052,1130,653
2025-09-08,3053,1095,615
2025-09-09,3053,1126,644
2025-09-10,3054,1120,647
2025-09-11,3052,1046,597
2025-09-12,3053,1079,626
2025-09-15,3052,1083,636
2025-09-16,3053,1060,614
2025-09-17,3052,1062,604
2025-09-18,3053,1128,642
2025-09-19,3053,1166,665
2025-09-22,3051,1135,630
2025-09-23,3052,1192,670
2025-09-24,3051,1107,619
2025-09-25,3050,1095,626
2025-09-26,3050,1128,649
2025-09-29,3047,1112,644
2025-09-30,3048,1053,603
2025-10-09,3044,1006,578
2025-10-10,3044,1013,588
2025-10-13,3046,1055,615
2025-10-14,3046,1118,650
2025-10-15,3046,1069,612
2025-10-16,3048,1137,660
2025-10-17,3051,1212,717
2025-10-20,3050,1190,703
2025-10-21,3049,1137,668
2025-10-22,3050,1174,692
2025-10-23,3051,1172,691
2025-10-24,3052,1113,643
2025-10-27,3052,1114,641
2025-10-28,3052,1117,641
2025-10-29,3054,1086,630
2025-10-30,3052,1133,647
2025-10-31,3052,1125,647
2025-11-03,3051,1097,620
2025-11-04,3050,1146,659
2025-11-05,3050,1129,650
2025-11-06,3050,1121,644
2025-11-07,3051,1131,643
2025-11-10,3054,1116,637
2025-11-11,3055,1130,655
2025-11-12,3056,1152,668
2025-11-13,3056,1095,632
2025-11-14,3056,1115,654
2025-11-17,3055,1151,671
2025-11-18,3055,1240,711
2025-11-19,3057,1273,735
2025-11-20,3055,1305,752
2025-11-21,3056,1420,806
2025-11-24,3054,1381,781
2025-11-25,3053,1326,757
2025-11-26,3053,1342,764
2025-11-27,3053,1302,736
2025-11-28,3052,1222,685
2025-12-01,3051,1206,673
2025-12-02,3052,1246,702
2025-12-03,3054,1244,697
2025-12-04,3053,1225,698
2025-12-05,3052,1190,682
2025-12-08,3052,1178,672
2025-12-09,3053,1175,670
2025-12-10,3050,1116,641
2025-12-11,3051,1185,684
2025-12-12,3052,1163,671
2025-12-15,3050,1155,674
2025-12-16,3051,1199,687
2025-12-17,3052,1169,670
2025-12-18,3054,1184,677
2025-12-19,3053,1061,623
2025-12-22,3053,1054,618
2025-12-23,3055,1093,635
2025-12-24,3056,1045,605
2025-12-25,3058,1022,585
2025-12-26,3059,1033,599
2025-12-29,3058,1047,605
2025-12-30,3056,1055,613
2025-12-31,3056,1064,621
2026-01-05,3056,1046,602
2026-01-06,3057,1017,598
2026-01-07,3057,1026,594
2026-01-08,3057,1002,580
2026-01-09,3056,958,551
2026-01-12,3056,922,542
2026-01-13,3055,1057,616
2026-01-14,3055,1036,599
2026-01-15,3058,1047,609
2026-01-16,3057,1095,617
2026-01-19,3058,1060,607
2026-01-20,3060,1139,658
2026-01-21,3059,1112,636
2026-01-22,3059,1090,623
2026-01-23,3060,1044,600
2026-01-26,3057,1146,667
2026-01-27,3058,1163,670
2026-01-28,3057,1187,691
2026-01-29,3058,1239,737
2026-01-30,3058,1285,746
2026-02-02,3059,1417,798
2026-02-03,3060,1342,765
2026-02-04,3062,1300,751
2026-02-05,3062,1376,781
2026-02-06,3061,1364,763
2026-02-09,3060,1253,700
2026-02-10,3062,1259,704
2026-02-11,3062,1236,696
2026-02-12,3063,1186,662
2026-02-13,3061,1210,672
2026-02-24,3061,1120,623
2026-02-25,3059,1038,585
2026-02-26,3059,1049,575
2026-02-27,3059,1016,564
2026-03-02,3057,1056,601
2026-03-03,3058,1212,691
2026-03-04,3058,1223,679
2026-03-05,3058,1179,659
2026-03-06,3058,1137,642
2026-03-09,3061,1154,653
2026-03-10,3060,1069,595
2026-03-11,3062,1071,604
2026-03-12,3062,1090,620
2026-03-13,3062,1135,637
2026-03-16,3063,1136,627
2026-03-17,3064,1219,675
2026-03-18,3064,1191,643
2026-03-19,3063,1275,697
2026-03-20,3063,1335,733
2026-03-23,3063,1502,828
2026-03-24,3062,1427,798
2026-03-25,3062,1378,762
2026-03-26,3060,1413,780
2026-03-27,3057,1373,752
2026-03-30,3054,1249,664
2026-03-31,3053,1358,729
2026-04-01,3053,1324,695
2026-04-02,3053,1338,705
2026-04-03,3053,1376,726
2026-04-07,3054,1297,683
2026-04-08,3057,1258,646
2026-04-09,3058,1301,672
2026-04-10,3059,1268,656
2026-04-13,3060,1181,605
2026-04-14,3061,1171,585
2026-04-15,3061,1245,632
2026-04-16,3062,1216,620
2026-04-17,3063,1207,610
2026-04-20,3063,1177,603
2026-04-21,3062,1075,548
2026-04-22,3059,1128,588
2026-04-23,3056,1189,626
2026-04-24,3053,1208,637
2026-04-27,3047,1219,641
2026-04-28,3039,1245,660
2026-04-29,3013,1193,626
2026-04-30,2994,1190,631
2026-05-06,2995,1138,603
2026-05-07,2996,1073,559
2026-05-08,2997,1054,540
2026-05-11,2997,1085,571
2026-05-12,2997,1141,606
2026-05-13,2999,1121,592
2026-05-14,2998,1234,649
2026-05-15,2999,1270,660
2026-05-18,3002,1252,656
2026-05-19,3002,1248,654
2026-05-20,3006,1266,658
2026-05-21,3009,1336,707
2026-05-22,3011,1286,681
2026-05-25,3012,1261,666
2026-05-26,3012,1309,703
2026-05-27,3012,1368,744
2026-05-28,3011,1340,731
2026-05-29,3011,1410,782
2026-06-01,3015,1373,752
2026-06-02,3017,1396,775
2026-06-03,3020,1357,748
2026-06-04,3020,1343,735
2026-06-05,3021,1325,730
2026-06-08,3024,1383,762
2026-06-09,3023,1310,714
2026-06-10,3023,1331,730
2026-06-11,3024,1296,708
2026-06-12,3026,1262,694
2026-06-15,3027,1175,630
2026-06-16,3030,1187,626
2026-06-17,3028,1157,617
2026-06-18,3029,1126,580
2026-06-22,3030,1102,572
2026-06-23,3031,1158,601
2026-06-24,3030,1167,605
2026-06-25,3031,1159,608
2026-06-26,3035,1192,632
2026-06-29,3034,1186,620
2026-06-30,3031,1150,600
2026-07-01,3035,1104,569
2026-07-02,3040,1134,579
2026-07-03,3040,1088,543
2026-07-06,3041,1162,606
2026-07-07,3039,1201,637
2026-07-08,3040,1276,688
2026-07-09,3040,1249,675
2026-07-10,3039,1227,661
2026-07-13,3041,1314,715
2026-07-14,3041,1281,698
2026-07-15,3041,1281,696
2026-07-16,3041,1284,700
2026-07-17,3041,1390,773
2026-07-20,3043,1340,766
2026-07-21,3043,1350,748
2026-07-22,3043,1340,741
2026-07-23,3043,1268,714
2026-07-24,3043,1325,733
2026-07-27,3042,1212,647
2026-07-28,3042,1250,690
2026-07-29,3042,1217,656
2026-07-30,3044,1273,707
2026-07-31,3043,1137,611
2026-08-03,3042,1169,636
2026-08-04,3043,1089,583
2026-08-05,3044,1051,557
2026-08-06,3046,869,426
2026-08-07,3046,965,499
2026-08-10,3046,882,456
2026-08-11,3044,968,496
2026-08-12,3044,935,475
2026-08-13,3044,995,512
2026-08-14,3044,944,484
2026-08-17,3042,849,425
2026-08-18,3042,871,440
2026-08-19,3042,1028,545
2026-08-20,3041,1024,539
2026-08-21,3041,996,523
2026-08-24,3044,1026,550
2026-08-25,3045,1015,529
2026-08-26,3046,990,521
2026-08-27,3047,883,462
2026-08-28,3046,871,467
2026-08-31,3047,843,439
2026-09-01,3048,856,451
2026-09-02,3049,908,467
2026-09-03,3049,931,489
2026-09-04,3048,944,494
2026-09-07,3047,896,470
2026-09-08,3047,851,451
2026-09-09,3046,870,475
2026-09-10,3045,920,508
2026-09-11,3046,1009,552
