symbol,pool_a_days,pool_b_days,pool_c_days
000001.SZ,2111,38,0
000002.SZ,2111,589,0
000004.SZ,1484,271,0
000005.SZ,808,12,0
000006.SZ,2069,648,0
000007.SZ,1493,141,0
000008.SZ,2051,495,0
000009.SZ,2111,685,0
000010.SZ,1716,130,0
000011.SZ,2111,325,0
000012.SZ,2111,591,0
000014.SZ,2111,452,0
000016.SZ,1998,498,0
000017.SZ,1833,316,0
000018.SZ,342,29,0
000019.SZ,2043,308,0
000020.SZ,2111,124,0
000021.SZ,2111,912,0
000022.SZ,109,0,0
000023.SZ,1293,3,0
000025.SZ,2111,733,0
000026.SZ,2111,226,0
000027.SZ,2111,187,0
000028.SZ,2111,276,0
000029.SZ,1420,94,0
000030.SZ,2111,106,0
000031.SZ,2036,190,0
000032.SZ,2099,642,0
000034.SZ,2019,1136,0
000035.SZ,1980,500,0
000036.SZ,2111,279,0
000037.SZ,2108,411,0
000038.SZ,941,151,0
000039.SZ,2106,656,0
000040.SZ,1520,585,0
000042.SZ,2086,48,0
000043.SZ,464,4,0
000045.SZ,2098,271,0
000046.SZ,1236,86,0
000048.SZ,1757,301,0
000049.SZ,2105,1000,0
000050.SZ,2111,625,0
000055.SZ,2111,103,0
000056.SZ,1948,437,0
000058.SZ,2111,540,0
000059.SZ,2111,695,0
000060.SZ,2111,738,0
000061.SZ,2101,290,0
000062.SZ,2101,315,0
000063.SZ,2071,1106,0
000065.SZ,2105,733,0
000066.SZ,2111,1082,0
000068.SZ,2111,214,0
000069.SZ,2111,263,0
000070.SZ,1829,628,0
000078.SZ,2018,414,0
000088.SZ,2095,58,0
000089.SZ,2111,209,0
000090.SZ,2106,526,0
000096.SZ,2111,141,0
000099.SZ,2111,594,0
000100.SZ,2110,1084,0
000150.SZ,1049,213,0
000151.SZ,2101,561,0
000153.SZ,2101,260,0
000155.SZ,2090,640,0
000156.SZ,1987,312,0
000157.SZ,2111,386,0
000158.SZ,2102,1072,0
000159.SZ,2111,498,0
000166.SZ,2111,14,0
000301.SZ,2086,162,0
000333.SZ,2071,0,0
000338.SZ,2111,1046,0
000400.SZ,2111,1240,0
000401.SZ,2070,444,0
000402.SZ,2111,383,0
000403.SZ,1882,444,0
000404.SZ,2111,371,0
000407.SZ,2101,255,0
000408.SZ,1833,219,0
000409.SZ,1394,479,0
000410.SZ,1154,300,0
000411.SZ,2100,277,0
000413.SZ,1520,717,0
000415.SZ,1992,501,0
000416.SZ,1290,263,0
000417.SZ,2111,369,0
000418.SZ,294,0,0
000419.SZ,2111,187,0
000420.SZ,2086,601,0
000421.SZ,2101,286,0
000422.SZ,1343,784,0
000423.SZ,2111,495,0
000425.SZ,2088,787,0
000426.SZ,2062,919,0
000428.SZ,2111,378,0
000429.SZ,2111,111,0
000430.SZ,1850,163,0
000488.SZ,1728,683,0
000498.SZ,2100,389,0
000501.SZ,2111,612,0
000502.SZ,799,0,0
000503.SZ,2091,1042,0
000504.SZ,1346,19,0
000505.SZ,2105,476,0
000506.SZ,1759,495,0
000507.SZ,2108,367,0
000509.SZ,1487,174,0
000510.SZ,2101,349,0
000511.SZ,30,0,0
000513.SZ,2111,937,0
000514.SZ,2111,220,0
000516.SZ,1984,674,0
000517.SZ,2111,213,0
000518.SZ,1857,257,0
000519.SZ,2111,1291,0
000520.SZ,2111,364,0
000521.SZ,2109,614,0
000523.SZ,1797,151,0
000524.SZ,2101,423,0
000525.SZ,1115,330,0
000526.SZ,1919,439,0
000528.SZ,2090,1001,0
000529.SZ,2111,152,0
000530.SZ,2111,479,0
000531.SZ,2111,219,0
000532.SZ,2111,616,0
000533.SZ,2072,287,0
000534.SZ,2005,235,0
000536.SZ,1862,639,0
000537.SZ,2111,381,0
000538.SZ,2060,306,0
000539.SZ,2111,523,0
000540.SZ,1050,223,0
000541.SZ,2111,274,0
000543.SZ,2100,780,0
000544.SZ,2111,99,0
000545.SZ,1996,360,0
000546.SZ,2025,521,0
000547.SZ,2053,1070,0
000548.SZ,2111,97,0
000550.SZ,2111,613,0
000551.SZ,2111,261,0
000552.SZ,2090,554,0
000553.SZ,2111,40,0
000554.SZ,2111,389,0
000555.SZ,2106,1052,0
000557.SZ,2097,158,0
000558.SZ,2096,561,0
000559.SZ,2101,323,0
000560.SZ,2111,716,0
000561.SZ,2101,439,0
000563.SZ,2105,396,0
000564.SZ,1182,529,0
000565.SZ,2111,164,0
000566.SZ,1985,520,0
000567.SZ,2111,339,0
000568.SZ,2111,161,0
000570.SZ,2111,262,0
000571.SZ,1091,196,0
000572.SZ,1603,634,0
000573.SZ,2111,280,0
000576.SZ,2100,454,0
000581.SZ,2111,748,0
000582.SZ,2111,377,0
000584.SZ,1221,172,0
000585.SZ,63,0,0
000586.SZ,2093,293,0
000587.SZ,551,155,0
000589.SZ,2111,562,0
000590.SZ,2087,95,0
000591.SZ,2111,669,0
000592.SZ,2089,775,0
000593.SZ,2049,149,0
000595.SZ,1437,311,0
000596.SZ,2111,99,0
000597.SZ,2099,394,0
000598.SZ,2111,85,0
000599.SZ,2103,277,0
000600.SZ,2109,768,0
000601.SZ,2099,182,0
000603.SZ,2045,904,0
000605.SZ,2111,65,0
000606.SZ,764,48,0
000607.SZ,2111,378,0
000608.SZ,1845,68,0
000609.SZ,1282,97,0
000610.SZ,2014,747,0
000611.SZ,275,0,0
000612.SZ,2096,649,0
000613.SZ,772,130,0
000615.SZ,1276,328,0
000616.SZ,688,76,0
000617.SZ,2111,188,0
000619.SZ,2111,230,0
000620.SZ,1858,415,0
000622.SZ,1546,142,0
000623.SZ,2111,324,0
000625.SZ,2111,844,0
000626.SZ,2111,144,0
000627.SZ,1767,161,0
000628.SZ,2101,488,0
000629.SZ,1953,777,0
000630.SZ,2101,821,0
000631.SZ,2111,90,0
000632.SZ,2017,166,0
000633.SZ,2096,218,0
000635.SZ,2109,238,0
000636.SZ,2111,1023,0
000637.SZ,1843,140,0
000638.SZ,1437,124,0
000639.SZ,2017,347,0
000650.SZ,2111,1107,0
000651.SZ,2105,176,0
000652.SZ,2111,338,0
000655.SZ,1870,305,0
000656.SZ,1571,519,0
000657.SZ,2101,497,0
000659.SZ,2035,169,0
000661.SZ,2102,1220,0
000662.SZ,623,107,0
000663.SZ,1750,132,0
000665.SZ,2111,615,0
000666.SZ,1211,226,0
000667.SZ,1293,268,0
000668.SZ,1837,0,0
000669.SZ,510,61,0
000670.SZ,1261,493,0
000671.SZ,1293,296,0
000672.SZ,2111,880,0
000673.SZ,518,83,0
000676.SZ,2111,1063,0
000677.SZ,2018,297,0
000678.SZ,2093,409,0
000679.SZ,1869,146,0
000680.SZ,2111,824,0
000681.SZ,2111,1232,0
000682.SZ,2105,794,0
000683.SZ,2111,797,0
000685.SZ,2111,342,0
000686.SZ,2111,496,0
000687.SZ,604,44,0
000688.SZ,2080,279,0
000690.SZ,2111,824,0
000691.SZ,1844,51,0
000692.SZ,1848,132,0
000693.SZ,30,0,0
000695.SZ,2092,188,0
000697.SZ,1583,253,0
000698.SZ,1882,244,0
000700.SZ,2111,679,0
000701.SZ,2111,378,0
000702.SZ,2106,188,0
000703.SZ,2048,202,0
000705.SZ,2111,369,0
000707.SZ,1160,232,0
000708.SZ,2105,26,0
000709.SZ,2111,139,0
000710.SZ,2111,737,0
000711.SZ,1162,87,0
000712.SZ,2111,1139,0
000713.SZ,2070,822,0
000715.SZ,2100,290,0
000716.SZ,2106,552,0
000717.SZ,2111,769,0
000718.SZ,2111,349,0
000719.SZ,2111,439,0
000720.SZ,1863,136,0
000721.SZ,2111,749,0
000722.SZ,2101,622,0
000723.SZ,2026,1014,0
000725.SZ,2111,831,0
000726.SZ,2111,15,0
000727.SZ,1876,686,0
000728.SZ,2105,285,0
000729.SZ,2111,483,0
000731.SZ,2111,455,0
000732.SZ,1037,194,0
000733.SZ,2111,917,0
000735.SZ,2109,1109,0
000736.SZ,1837,488,0
000737.SZ,1331,428,0
000738.SZ,2111,706,0
000739.SZ,2111,560,0
000750.SZ,2105,508,0
000751.SZ,2111,510,0
000752.SZ,306,28,0
000753.SZ,2111,335,0
000755.SZ,1885,196,0
000756.SZ,2097,856,0
000757.SZ,2012,166,0
000758.SZ,2101,1035,0
000759.SZ,2111,382,0
000760.SZ,346,15,0
000761.SZ,2110,36,0
000762.SZ,2111,974,0
000766.SZ,1993,646,0
000767.SZ,2111,480,0
000768.SZ,2111,513,0
000776.SZ,2111,477,0
000777.SZ,2096,648,0
000778.SZ,2111,523,0
000779.SZ,2006,298,0
000780.SZ,481,8,0
000782.SZ,2100,133,0
000783.SZ,2111,362,0
000785.SZ,2100,249,0
000786.SZ,2111,199,0
000788.SZ,2111,387,0
000789.SZ,2111,760,0
000790.SZ,2096,319,0
000791.SZ,2102,490,0
000792.SZ,1555,432,0
000793.SZ,1638,613,0
000795.SZ,2111,860,0
000796.SZ,1379,454,0
000797.SZ,2111,401,0
000798.SZ,2111,284,0
000799.SZ,2111,1332,0
000800.SZ,2100,315,0
000801.SZ,2101,615,0
000802.SZ,1834,570,0
000803.SZ,1691,227,0
000806.SZ,292,38,0
000807.SZ,2101,1165,0
000809.SZ,1496,101,0
000810.SZ,2108,860,0
000811.SZ,2111,638,0
000812.SZ,2010,509,0
000813.SZ,2109,742,0
000815.SZ,2101,745,0
000816.SZ,1504,453,0
000818.SZ,2094,887,0
000819.SZ,2111,479,0
000820.SZ,950,136,0
000821.SZ,1952,745,0
000822.SZ,2111,472,0
000823.SZ,2111,764,0
000825.SZ,2003,231,0
000826.SZ,1993,495,0
000828.SZ,2111,244,0
000829.SZ,2111,956,0
000830.SZ,2101,1020,0
000831.SZ,2111,1125,0
000833.SZ,2111,348,0
000835.SZ,606,0,0
000836.SZ,1534,414,0
000837.SZ,1854,728,0
000838.SZ,2014,306,0
000839.SZ,1601,524,0
000848.SZ,2111,619,0
000850.SZ,2111,213,0
000851.SZ,1534,602,0
000852.SZ,2111,618,0
000856.SZ,2111,386,0
000858.SZ,2111,26,0
000859.SZ,2101,590,0
000860.SZ,2111,1225,0
000861.SZ,1590,263,0
000862.SZ,2095,583,0
000863.SZ,2106,441,0
000868.SZ,1623,529,0
000869.SZ,2111,104,0
000875.SZ,2101,742,0
000876.SZ,2111,390,0
000877.SZ,2100,785,0
000878.SZ,2092,1048,0
000880.SZ,2101,292,0
000881.SZ,2103,432,0
000882.SZ,2111,380,0
000883.SZ,2111,77,0
000885.SZ,2095,160,0
000886.SZ,2111,472,0
000887.SZ,2111,998,0
000888.SZ,2111,649,0
000889.SZ,1358,274,0
000890.SZ,1819,245,0
000892.SZ,2111,430,0
000893.SZ,1751,517,0
000895.SZ,2096,328,0
000897.SZ,1816,220,0
000898.SZ,2111,53,0
000899.SZ,2106,655,0
000900.SZ,2014,73,0
000901.SZ,2105,905,0
000902.SZ,2111,574,0
000903.SZ,1822,344,0
000905.SZ,2106,377,0
000906.SZ,2087,34,0
000908.SZ,1599,379,0
000909.SZ,1282,248,0
000910.SZ,2111,271,0
000911.SZ,1669,180,0
000912.SZ,1801,347,0
000913.SZ,2111,560,0
000915.SZ,2111,562,0
000917.SZ,2111,842,0
000918.SZ,1288,140,0
000919.SZ,2111,250,0
000920.SZ,2111,300,0
000921.SZ,2111,624,0
000922.SZ,1892,623,0
000923.SZ,2111,828,0
000925.SZ,2111,627,0
000926.SZ,2105,287,0
000927.SZ,1917,289,0
000928.SZ,2111,820,0
000929.SZ,1833,127,0
000930.SZ,2021,668,0
000931.SZ,2108,258,0
000932.SZ,2062,1040,0
000933.SZ,2101,1086,0
000935.SZ,2111,489,0
000936.SZ,2111,910,0
000937.SZ,2111,524,0
000938.SZ,2106,1024,0
000939.SZ,30,0,0
000948.SZ,2101,820,0
000949.SZ,2111,556,0
000950.SZ,1951,601,0
000951.SZ,2111,780,0
000952.SZ,2111,166,0
000953.SZ,1283,113,0
000955.SZ,2111,345,0
000957.SZ,2096,778,0
000958.SZ,2090,400,0
000959.SZ,2079,54,0
000960.SZ,2111,1083,0
000961.SZ,1527,573,0
000962.SZ,2071,448,0
000963.SZ,2111,441,0
000965.SZ,2111,488,0
000966.SZ,2100,641,0
000967.SZ,2055,256,0
000968.SZ,2111,350,0
000969.SZ,2111,791,0
000970.SZ,2105,1036,0
000971.SZ,289,17,0
000972.SZ,517,47,0
000973.SZ,2101,520,0
000975.SZ,2096,1059,0
000976.SZ,1280,231,0
000977.SZ,2105,1242,0
000978.SZ,2111,355,0
000979.SZ,186,32,0
000980.SZ,1538,659,0
000981.SZ,1198,317,0
000982.SZ,737,346,0
000983.SZ,2101,814,0
000985.SZ,2111,90,0
000987.SZ,2100,181,0
000988.SZ,2111,1075,0
000989.SZ,1864,759,0
000990.SZ,2111,495,0
000993.SZ,2111,629,0
000995.SZ,1136,471,0
000996.SZ,1293,231,0
000997.SZ,2111,1076,0
000998.SZ,2091,1188,0
000999.SZ,2111,122,0
001201.SZ,1305,47,0
001202.SZ,1304,106,0
001203.SZ,1300,297,0
001205.SZ,1297,76,0
001206.SZ,1285,87,0
001207.SZ,1269,181,0
001208.SZ,1268,404,0
001209.SZ,1247,130,0
001210.SZ,1243,34,0
001211.SZ,1238,57,0
001212.SZ,1224,318,0
001213.SZ,1214,135,0
001215.SZ,1216,153,0
001216.SZ,1192,163,0
001217.SZ,1201,247,0
001218.SZ,1194,0,0
001219.SZ,1190,157,0
001220.SZ,148,0,0
001221.SZ,274,82,0
001222.SZ,987,61,0
001223.SZ,911,32,0
001225.SZ,865,34,0
001226.SZ,1028,81,0
001227.SZ,1129,190,0
001228.SZ,1062,54,0
001229.SZ,995,87,0
001230.SZ,1011,36,0
001231.SZ,986,50,0
001232.SZ,29,0,0
001233.SZ,196,13,0
001234.SZ,1133,153,0
001236.SZ,996,384,0
001237.SZ,80,0,0
001238.SZ,966,24,0
001239.SZ,668,116,0
001248.SZ,52,0,0
001255.SZ,957,56,0
001256.SZ,916,47,0
001257.SZ,114,0,0
001258.SZ,1003,245,0
001259.SZ,978,0,0
001260.SZ,869,38,0
001266.SZ,1104,232,0
001267.SZ,1167,113,0
001268.SZ,1022,83,0
001269.SZ,957,381,0
001270.SZ,782,405,0
001277.SZ,491,51,0
001278.SZ,855,75,0
001279.SZ,470,17,0
001280.SZ,190,71,0
001282.SZ,804,190,0
001283.SZ,975,221,0
001285.SZ,220,0,0
001286.SZ,833,299,0
001287.SZ,833,488,0
001288.SZ,1183,152,0
001289.SZ,1124,134,0
001296.SZ,1144,179,0
001298.SZ,941,350,0
001299.SZ,941,145,0
001300.SZ,949,84,0
001301.SZ,899,324,0
001306.SZ,686,93,0
001308.SZ,1090,220,0
001309.SZ,1021,334,0
001311.SZ,862,259,0
001312.SZ,100,0,0
001313.SZ,1112,173,0
001314.SZ,862,362,0
001316.SZ,1026,116,0
001317.SZ,1157,397,0
001318.SZ,1050,209,0
001319.SZ,1056,161,0
001322.SZ,944,66,0
001323.SZ,1027,8,0
001324.SZ,806,51,0
001325.SZ,179,0,0
001326.SZ,691,17,0
001328.SZ,833,35,0
001330.SZ,987,278,0
001331.SZ,943,111,0
001332.SZ,965,106,0
001333.SZ,913,45,0
001335.SZ,346,25,0
001336.SZ,1005,20,0
001337.SZ,858,419,0
001338.SZ,929,297,0
001339.SZ,990,385,0
001356.SZ,397,9,0
001358.SZ,661,8,0
001359.SZ,598,108,0
001360.SZ,833,45,0
001365.SZ,84,0,0
001366.SZ,856,76,0
001367.SZ,833,44,0
001368.SZ,852,92,0
001369.SZ,171,43,0
001373.SZ,798,19,0
001376.SZ,695,225,0
001378.SZ,699,26,0
001379.SZ,641,173,0
001380.SZ,810,60,0
001382.SZ,362,51,0
001386.SZ,220,8,0
001387.SZ,647,38,0
001388.SZ,295,31,0
001389.SZ,595,141,0
001390.SZ,317,28,0
001391.SZ,414,32,0
001393.SZ,85,0,0
001395.SZ,395,24,0
001396.SZ,171,0,0
001399.SZ,56,0,0
001400.SZ,339,51,0
001696.SZ,2111,630,0
001872.SZ,1980,14,0
001896.SZ,2100,468,0
001914.SZ,2100,433,0
001965.SZ,2111,20,0
001979.SZ,2095,160,0
002001.SZ,2111,615,615
002002.SZ,1339,777,777
002003.SZ,2111,136,136
002004.SZ,2065,723,723
002005.SZ,245,0,0
002006.SZ,2111,634,634
002007.SZ,2111,619,619
002008.SZ,2111,1335,1335
002009.SZ,2111,767,767
002010.SZ,2101,342,342
002011.SZ,1995,736,736
002012.SZ,2088,553,553
002013.SZ,1225,265,265
002014.SZ,2111,27,27
002015.SZ,2096,641,641
002016.SZ,2107,232,232
002017.SZ,2105,880,880
002018.SZ,82,0,0
002019.SZ,2111,1035,1035
002020.SZ,2111,1052,1052
002021.SZ,871,160,160
002022.SZ,1886,488,488
002023.SZ,2111,1166,1166
002024.SZ,1034,59,59
002025.SZ,2111,781,781
002026.SZ,2111,505,505
002027.SZ,2111,522,522
002028.SZ,2111,765,765
002029.SZ,2111,199,199
002030.SZ,2111,832,832
002031.SZ,2111,756,756
002032.SZ,2110,3,3
002033.SZ,2065,574,574
002034.SZ,2086,252,252
002035.SZ,2111,885,885
002036.SZ,2101,1118,1118
002037.SZ,2061,257,257
002038.SZ,2111,1019,1019
002039.SZ,2111,324,324
002040.SZ,2111,237,237
002041.SZ,2111,741,741
002042.SZ,2111,462,462
002043.SZ,2111,913,913
002044.SZ,2111,761,761
002045.SZ,2106,886,886
002046.SZ,2111,491,491
002047.SZ,1791,279,279
002048.SZ,2111,821,821
002049.SZ,2085,1170,1170
002050.SZ,2111,558,558
002051.SZ,1993,547,547
002052.SZ,870,258,258
002053.SZ,2073,289,289
002054.SZ,2111,315,315
002055.SZ,1942,608,608
002056.SZ,2111,1041,1041
002057.SZ,2111,930,930
002058.SZ,1568,43,43
002059.SZ,1995,396,396
002060.SZ,2101,382,382
002061.SZ,2111,454,454
002062.SZ,2109,466,466
002063.SZ,2111,1039,1039
002064.SZ,2096,429,429
002065.SZ,2101,797,797
002066.SZ,2100,120,120
002067.SZ,2111,515,515
002068.SZ,2111,841,841
002069.SZ,1847,92,92
002070.SZ,30,0,0
002071.SZ,622,45,45
002072.SZ,1151,120,120
002073.SZ,2101,652,652
002074.SZ,2104,1060,1060
002075.SZ,1894,886,886
002076.SZ,1107,34,34
002077.SZ,1846,885,885
002078.SZ,2111,350,350
002079.SZ,2100,983,983
002080.SZ,2101,365,365
002081.SZ,2111,205,205
002082.SZ,1884,108,108
002083.SZ,2111,339,339
002084.SZ,2106,274,274
002085.SZ,2063,770,770
002086.SZ,750,226,226
002087.SZ,1297,189,189
002088.SZ,2107,62,62
002089.SZ,264,9,9
002090.SZ,2104,562,562
002091.SZ,2111,518,518
002092.SZ,1859,691,691
002093.SZ,2111,739,739
002094.SZ,2111,493,493
002095.SZ,2111,533,533
002096.SZ,2100,404,404
002097.SZ,2108,706,706
002098.SZ,1942,153,153
002099.SZ,2111,577,577
002100.SZ,2111,961,961
002101.SZ,2111,523,523
002102.SZ,844,207,207
002103.SZ,2031,596,596
002104.SZ,2111,872,872
002105.SZ,2111,90,90
002106.SZ,2111,894,894
002107.SZ,2111,150,150
002108.SZ,2111,633,633
002109.SZ,2018,209,209
002110.SZ,2104,671,671
002111.SZ,2111,371,371
002112.SZ,2069,529,529
002113.SZ,152,25,25
002114.SZ,2107,455,455
002115.SZ,2093,790,790
002116.SZ,2111,278,278
002117.SZ,2111,581,581
002118.SZ,1254,478,478
002119.SZ,2111,943,943
002120.SZ,2111,347,347
002121.SZ,1743,538,538
002122.SZ,647,200,200
002123.SZ,2091,1063,1063
002124.SZ,1856,907,907
002125.SZ,2102,841,841
002126.SZ,2111,958,958
002127.SZ,2111,900,900
002128.SZ,2086,491,491
002129.SZ,2095,1321,1321
002130.SZ,2095,911,911
002131.SZ,2108,1161,1161
002132.SZ,2111,690,690
002133.SZ,2111,156,156
002134.SZ,2041,355,355
002135.SZ,2111,395,395
002136.SZ,2109,353,353
002137.SZ,2109,616,616
002138.SZ,2111,1135,1135
002139.SZ,2111,1075,1075
002140.SZ,2111,413,413
002141.SZ,1828,222,222
002142.SZ,2105,0,0
002143.SZ,233,25,25
002144.SZ,2111,68,68
002145.SZ,2111,767,767
002146.SZ,2101,842,842
002147.SZ,49,0,0
002148.SZ,2111,409,409
002149.SZ,2111,718,718
002150.SZ,2102,449,449
002151.SZ,2111,1277,1277
002152.SZ,2111,683,683
002153.SZ,2108,617,617
002154.SZ,2111,675,675
002155.SZ,2096,1254,1254
002156.SZ,2111,1098,1098
002157.SZ,1843,1000,1000
002158.SZ,2111,638,638
002159.SZ,2106,107,107
002160.SZ,2058,414,414
002161.SZ,2041,606,606
002162.SZ,2106,493,493
002163.SZ,2036,593,593
002164.SZ,2111,337,337
002165.SZ,2111,492,492
002166.SZ,2095,683,683
002167.SZ,2111,659,659
002168.SZ,1501,443,443
002169.SZ,2103,599,599
002170.SZ,2111,612,612
002171.SZ,2051,890,890
002172.SZ,2106,476,476
002173.SZ,2111,504,504
002174.SZ,2111,1175,1175
002175.SZ,1281,375,375
002176.SZ,1874,1037,1037
002177.SZ,1840,798,798
002178.SZ,2111,616,616
002179.SZ,2111,308,308
002180.SZ,2102,477,477
002181.SZ,2111,359,359
002182.SZ,2109,1138,1138
002183.SZ,2097,865,865
002184.SZ,2101,511,511
002185.SZ,2095,913,913
002186.SZ,2106,292,292
002187.SZ,2105,145,145
002188.SZ,1043,107,107
002189.SZ,2063,632,632
002190.SZ,1817,626,626
002191.SZ,2111,847,847
002192.SZ,1889,890,890
002193.SZ,2005,87,87
002194.SZ,1792,961,961
002195.SZ,2111,1259,1259
002196.SZ,2106,521,521
002197.SZ,1699,710,710
002198.SZ,1940,264,264
002199.SZ,1778,174,174
002200.SZ,390,0,0
002201.SZ,2111,561,561
002202.SZ,2105,649,649
002203.SZ,2111,178,178
002204.SZ,2111,655,655
002205.SZ,2095,327,327
002206.SZ,2111,386,386
002207.SZ,1410,254,254
002208.SZ,2090,491,491
002209.SZ,2105,180,180
002210.SZ,1351,426,426
002211.SZ,1495,120,120
002212.SZ,2067,931,931
002213.SZ,2076,345,345
002214.SZ,1802,435,435
002215.SZ,2111,793,793
002216.SZ,2111,554,554
002217.SZ,1734,875,875
002218.SZ,2111,648,648
002219.SZ,1467,470,470
002220.SZ,357,7,7
002221.SZ,2103,720,720
002222.SZ,2111,976,976
002223.SZ,2111,705,705
002224.SZ,2111,221,221
002225.SZ,2096,307,307
002226.SZ,1975,451,451
002227.SZ,2011,246,246
002228.SZ,2111,143,143
002229.SZ,2111,724,724
002230.SZ,2111,1213,1213
002231.SZ,1775,226,226
002232.SZ,2111,750,750
002233.SZ,2111,567,567
002234.SZ,2111,705,705
002235.SZ,2106,961,961
002236.SZ,2109,1471,1471
002237.SZ,2110,1210,1210
002238.SZ,2111,318,318
002239.SZ,2004,872,872
002240.SZ,2109,875,875
002241.SZ,2111,1144,1144
002242.SZ,2111,191,191
002243.SZ,2100,692,692
002244.SZ,2111,616,616
002245.SZ,2107,810,810
002246.SZ,2111,546,546
002247.SZ,1846,97,97
002248.SZ,2044,522,522
002249.SZ,2111,937,937
002250.SZ,2111,459,459
002251.SZ,1729,498,498
002252.SZ,1902,185,185
002253.SZ,1830,342,342
002254.SZ,2089,807,807
002255.SZ,1863,380,380
002256.SZ,1709,555,555
002258.SZ,2111,817,817
002259.SZ,412,51,51
002260.SZ,30,0,0
002261.SZ,2111,1046,1046
002262.SZ,2111,714,714
002263.SZ,1547,441,441
002264.SZ,2111,483,483
002265.SZ,2100,397,397
002266.SZ,2100,516,516
002267.SZ,2111,291,291
002268.SZ,2111,1141,1141
002269.SZ,2111,641,641
002270.SZ,2059,590,590
002271.SZ,2111,1330,1330
002272.SZ,2111,449,449
002273.SZ,2111,1243,1243
002274.SZ,2106,735,735
002275.SZ,2111,104,104
002276.SZ,2111,1008,1008
002277.SZ,2099,524,524
002278.SZ,2101,246,246
002279.SZ,2111,840,840
002280.SZ,1313,597,597
002281.SZ,2111,1053,1053
002282.SZ,2092,103,103
002283.SZ,2111,487,487
002284.SZ,2111,648,648
002285.SZ,2096,642,642
002286.SZ,2111,405,405
002287.SZ,2111,108,108
002288.SZ,1515,429,429
002289.SZ,851,44,44
002290.SZ,1632,132,132
002291.SZ,2096,1002,1002
002292.SZ,2111,952,952
002293.SZ,2111,44,44
002294.SZ,2111,116,116
002295.SZ,2111,93,93
002296.SZ,2111,502,502
002297.SZ,2081,565,565
002298.SZ,2111,630,630
002299.SZ,2111,531,531
002300.SZ,2111,404,404
002301.SZ,1990,411,411
002302.SZ,2111,738,738
002303.SZ,2111,284,284
002304.SZ,2111,24,24
002305.SZ,1765,382,382
002306.SZ,969,123,123
002307.SZ,2100,761,761
002308.SZ,1530,367,367
002309.SZ,1241,340,340
002310.SZ,1780,614,614
002311.SZ,2111,0,0
002312.SZ,2014,733,733
002313.SZ,1745,388,388
002314.SZ,2095,430,430
002315.SZ,2111,634,634
002316.SZ,1620,303,303
002317.SZ,2111,1021,1021
002318.SZ,2111,522,522
002319.SZ,1875,97,97
002320.SZ,2111,389,389
002321.SZ,1571,417,417
002322.SZ,2111,188,188
002323.SZ,1068,318,318
002324.SZ,2110,886,886
002325.SZ,1534,156,156
002326.SZ,2106,938,938
002327.SZ,2111,42,42
002328.SZ,2111,540,540
002329.SZ,2111,492,492
002330.SZ,2111,390,390
002331.SZ,2107,475,475
002332.SZ,2111,938,938
002333.SZ,1609,164,164
002334.SZ,2111,827,827
002335.SZ,2111,789,789
002336.SZ,1026,112,112
002337.SZ,2111,219,219
002338.SZ,2094,750,750
002339.SZ,2111,623,623
002340.SZ,2111,995,995
002341.SZ,1524,604,604
002342.SZ,2103,446,446
002343.SZ,2106,577,577
002344.SZ,2085,205,205
002345.SZ,2044,448,448
002346.SZ,2111,283,283
002347.SZ,2111,345,345
002348.SZ,2104,248,248
002349.SZ,2111,534,534
002350.SZ,2104,407,407
002351.SZ,2111,788,788
002352.SZ,2108,11,11
002353.SZ,2111,1103,1103
002354.SZ,1844,680,680
002355.SZ,2101,463,463
002356.SZ,1330,240,240
002357.SZ,2012,206,206
002358.SZ,1612,394,394
002359.SZ,276,39,39
002360.SZ,2016,70,70
002361.SZ,2111,310,310
002362.SZ,2111,634,634
002363.SZ,2111,303,303
002364.SZ,2111,488,488
002365.SZ,2111,300,300
002366.SZ,1777,757,757
002367.SZ,2111,349,349
002368.SZ,2111,1340,1340
002369.SZ,1983,714,714
002370.SZ,2097,702,702
002371.SZ,2111,1016,1016
002372.SZ,2111,71,71
002373.SZ,2106,1148,1148
002374.SZ,2101,270,270
002375.SZ,2111,245,245
002376.SZ,2111,467,467
002377.SZ,2105,203,203
002378.SZ,2111,525,525
002379.SZ,2101,219,219
002380.SZ,2111,456,456
002381.SZ,2111,30,30
002382.SZ,2102,622,622
002383.SZ,2111,898,898
002384.SZ,2041,1049,1049
002385.SZ,2106,1178,1178
002386.SZ,2111,628,628
002387.SZ,2078,561,561
002388.SZ,1816,199,199
002389.SZ,2111,1010,1010
002390.SZ,2106,541,541
002391.SZ,2111,181,181
002392.SZ,2111,275,275
002393.SZ,2111,123,123
002394.SZ,2111,157,157
002395.SZ,2111,345,345
002396.SZ,2111,1230,1230
002397.SZ,2111,170,170
002398.SZ,2064,290,290
002399.SZ,2111,34,34
002400.SZ,2111,1131,1131
002401.SZ,2111,391,391
002402.SZ,2097,1151,1151
002403.SZ,2111,199,199
002404.SZ,2111,263,263
002405.SZ,2111,1431,1431
002406.SZ,2111,478,478
002407.SZ,2111,1115,1115
002408.SZ,2002,386,386
002409.SZ,2106,933,933
002410.SZ,2111,790,790
002411.SZ,958,370,370
002412.SZ,2111,161,161
002413.SZ,2046,901,901
002414.SZ,2111,510,510
002415.SZ,2109,91,91
002416.SZ,2111,684,684
002417.SZ,1048,134,134
002418.SZ,1839,411,411
002419.SZ,2111,438,438
002420.SZ,1648,212,212
002421.SZ,2111,844,844
002422.SZ,2111,1112,1112
002423.SZ,2019,362,362
002424.SZ,1653,593,593
002425.SZ,1799,836,836
002426.SZ,1854,847,847
002427.SZ,824,170,170
002428.SZ,2111,975,975
002429.SZ,2106,417,417
002430.SZ,2111,424,424
002431.SZ,1940,373,373
002432.SZ,2111,637,637
002433.SZ,1137,127,127
002434.SZ,2111,672,672
002435.SZ,1534,220,220
002436.SZ,2042,968,968
002437.SZ,2003,688,688
002438.SZ,2101,536,536
002439.SZ,2106,1338,1338
002440.SZ,2111,471,471
002441.SZ,2111,302,302
002442.SZ,2072,339,339
002443.SZ,2111,386,386
002444.SZ,2111,775,775
002445.SZ,1390,383,383
002446.SZ,2111,1235,1235
002447.SZ,518,211,211
002448.SZ,2111,546,546
002449.SZ,2111,830,830
002450.SZ,127,0,0
002451.SZ,2034,464,464
002452.SZ,2111,419,419
002453.SZ,2071,475,475
002454.SZ,2111,254,254
002455.SZ,2111,545,545
002456.SZ,2096,1213,1213
002457.SZ,2111,710,710
002458.SZ,2091,1038,1038
002459.SZ,2039,959,959
002460.SZ,2111,1340,1340
002461.SZ,2111,36,36
002462.SZ,2106,179,179
002463.SZ,2111,978,978
002464.SZ,701,216,216
002465.SZ,2111,1082,1082
002466.SZ,2092,1224,1224
002467.SZ,2111,845,845
002468.SZ,2111,843,843
002469.SZ,2101,362,362
002470.SZ,1333,404,404
002471.SZ,2101,460,460
002472.SZ,2111,850,850
002473.SZ,344,0,0
002474.SZ,2111,612,612
002475.SZ,2111,619,619
002476.SZ,2111,282,282
002477.SZ,284,14,14
002478.SZ,2111,239,239
002479.SZ,2111,266,266
002480.SZ,2091,306,306
002481.SZ,2111,604,604
002482.SZ,1642,182,182
002483.SZ,2095,222,222
002484.SZ,2111,716,716
002485.SZ,943,15,15
002486.SZ,2100,252,252
002487.SZ,2111,758,758
002488.SZ,2111,683,683
002489.SZ,2111,564,564
002490.SZ,1781,284,284
002491.SZ,2111,456,456
002492.SZ,2111,346,346
002493.SZ,2111,7,7
002494.SZ,2101,108,108
002495.SZ,2111,199,199
002496.SZ,1222,143,143
002497.SZ,2111,1098,1098
002498.SZ,2111,366,366
002499.SZ,323,0,0
002500.SZ,2105,184,184
002501.SZ,1248,253,253
002502.SZ,920,92,92
002503.SZ,1289,478,478
002504.SZ,718,7,7
002505.SZ,1576,556,556
002506.SZ,2102,809,809
002507.SZ,2054,875,875
002508.SZ,2111,503,503
002509.SZ,565,89,89
002510.SZ,2101,685,685
002511.SZ,2111,626,626
002512.SZ,1828,698,698
002513.SZ,1829,101,101
002514.SZ,2012,494,494
002515.SZ,2028,498,498
002516.SZ,2106,308,308
002517.SZ,2075,1128,1128
002518.SZ,2111,762,762
002519.SZ,2111,645,645
002520.SZ,2003,643,643
002521.SZ,2111,80,80
002522.SZ,2111,448,448
002523.SZ,2059,316,316
002524.SZ,2039,338,338
002526.SZ,2111,612,612
002527.SZ,2106,482,482
002528.SZ,1532,285,285
002529.SZ,1546,209,209
002530.SZ,2106,931,931
002531.SZ,2105,938,938
002532.SZ,2028,720,720
002533.SZ,2100,593,593
002534.SZ,2111,369,369
002535.SZ,1353,157,157
002536.SZ,2111,468,468
002537.SZ,2111,933,933
002538.SZ,1971,450,450
002539.SZ,2111,698,698
002540.SZ,2111,241,241
002541.SZ,2111,449,449
002542.SZ,2000,498,498
002543.SZ,2111,131,131
002544.SZ,2111,800,800
002545.SZ,2050,535,535
002546.SZ,2111,309,309
002547.SZ,2017,865,865
002548.SZ,2101,664,664
002549.SZ,2111,563,563
002550.SZ,2111,516,516
002551.SZ,2111,222,222
002552.SZ,1887,278,278
002553.SZ,2111,571,571
002554.SZ,2092,447,447
002555.SZ,2111,1236,1236
002556.SZ,2100,555,555
002557.SZ,2111,605,605
002558.SZ,2076,626,626
002559.SZ,2106,713,713
002560.SZ,2101,497,497
002561.SZ,2111,411,411
002562.SZ,2111,527,527
002563.SZ,2111,229,229
002564.SZ,1629,337,337
002565.SZ,2111,587,587
002566.SZ,2111,120,120
002567.SZ,2111,984,984
002568.SZ,2111,836,836
002569.SZ,256,0,0
002570.SZ,1873,763,763
002571.SZ,2043,189,189
002572.SZ,2111,1253,1253
002573.SZ,2030,132,132
002574.SZ,2111,128,128
002575.SZ,1536,345,345
002576.SZ,2111,397,397
002577.SZ,2111,247,247
002578.SZ,2092,318,318
002579.SZ,2074,700,700
002580.SZ,2025,469,469
002581.SZ,1820,434,434
002582.SZ,2111,584,584
002583.SZ,2111,953,953
002584.SZ,2026,906,906
002585.SZ,2111,697,697
002586.SZ,348,7,7
002587.SZ,2111,584,584
002588.SZ,2111,625,625
002589.SZ,2111,687,687
002590.SZ,2111,541,541
002591.SZ,2104,251,251
002592.SZ,515,21,21
002593.SZ,2111,309,309
002594.SZ,2111,800,800
002595.SZ,2111,29,29
002596.SZ,2101,799,799
002597.SZ,2111,816,816
002598.SZ,1991,300,300
002599.SZ,2107,502,502
002600.SZ,2111,863,863
002601.SZ,2071,695,695
002602.SZ,1765,835,835
002603.SZ,2111,952,952
002604.SZ,30,0,0
002605.SZ,2111,867,867
002606.SZ,2101,487,487
002607.SZ,2013,1200,1200
002608.SZ,2111,37,37
002609.SZ,2090,367,367
002610.SZ,1442,615,615
002611.SZ,2101,735,735
002612.SZ,2110,705,705
002613.SZ,2111,273,273
002614.SZ,2111,507,507
002615.SZ,2111,307,307
002616.SZ,2111,203,203
002617.SZ,1993,1128,1128
002618.SZ,822,284,284
002619.SZ,751,201,201
002620.SZ,1775,150,150
002621.SZ,1478,169,169
002622.SZ,2036,389,389
002623.SZ,2102,421,421
002624.SZ,2101,1274,1274
002625.SZ,2109,852,852
002626.SZ,2111,673,673
002627.SZ,2090,259,259
002628.SZ,2099,470,470
002629.SZ,1454,258,258
002630.SZ,1710,320,320
002631.SZ,2111,315,315
002632.SZ,2111,489,489
002633.SZ,2098,26,26
002634.SZ,2005,71,71
002635.SZ,2111,1011,1011
002636.SZ,2111,347,347
002637.SZ,2101,411,411
002638.SZ,1844,229,229
002639.SZ,2111,954,954
002640.SZ,1766,1016,1016
002641.SZ,2111,240,240
002642.SZ,1834,691,691
002643.SZ,2111,719,719
002644.SZ,2103,184,184
002645.SZ,2100,456,456
002646.SZ,2111,347,347
002647.SZ,1703,479,479
002648.SZ,2111,545,545
002649.SZ,2111,1060,1060
002650.SZ,1103,171,171
002651.SZ,2111,407,407
002652.SZ,2111,172,172
002653.SZ,2111,151,151
002654.SZ,2111,575,575
002655.SZ,2106,657,657
002656.SZ,386,56,56
002657.SZ,2111,877,877
002658.SZ,2111,447,447
002659.SZ,2102,368,368
002660.SZ,2111,410,410
002661.SZ,2057,204,204
002662.SZ,2056,476,476
002663.SZ,2101,194,194
002664.SZ,2111,550,550
002665.SZ,1426,711,711
002666.SZ,2111,209,209
002667.SZ,2013,313,313
002668.SZ,1762,750,750
002669.SZ,2091,562,562
002670.SZ,2081,1067,1067
002671.SZ,2111,194,194
002672.SZ,2111,77,77
002673.SZ,2111,417,417
002674.SZ,2111,64,64
002675.SZ,2106,816,816
002676.SZ,2101,282,282
002677.SZ,2106,281,281
002678.SZ,2111,133,133
002679.SZ,2111,164,164
002680.SZ,166,15,15
002681.SZ,1881,796,796
002682.SZ,2099,392,392
002683.SZ,2101,759,759
002684.SZ,308,58,58
002685.SZ,2106,410,410
002686.SZ,2107,175,175
002687.SZ,2111,69,69
002688.SZ,2111,269,269
002689.SZ,1919,341,341
002690.SZ,2111,571,571
002691.SZ,2008,161,161
002692.SZ,975,154,154
002693.SZ,1844,217,217
002694.SZ,1983,60,60
002695.SZ,2111,338,338
002696.SZ,2111,180,180
002697.SZ,2105,668,668
002698.SZ,2111,491,491
002699.SZ,975,259,259
002700.SZ,925,92,92
002701.SZ,2111,577,577
002702.SZ,2111,489,489
002703.SZ,2106,621,621
002705.SZ,2111,436,436
002706.SZ,2111,639,639
002707.SZ,2068,894,894
002708.SZ,2102,516,516
002709.SZ,2111,1054,1054
002711.SZ,314,42,42
002712.SZ,2111,317,317
002713.SZ,1815,102,102
002714.SZ,2111,460,460
002715.SZ,2101,100,100
002716.SZ,1597,510,510
002717.SZ,1771,558,558
002718.SZ,2101,30,30
002719.SZ,1499,147,147
002721.SZ,1507,334,334
002722.SZ,2110,121,121
002723.SZ,2048,402,402
002724.SZ,2109,113,113
002725.SZ,2106,589,589
002726.SZ,1962,636,636
002727.SZ,2111,1192,1192
002728.SZ,2111,600,600
002729.SZ,2061,325,325
002730.SZ,2111,224,224
002731.SZ,1952,262,262
002732.SZ,2111,83,83
002733.SZ,2111,868,868
002734.SZ,2111,283,283
002735.SZ,2092,346,346
002736.SZ,2101,0,0
002737.SZ,2111,774,774
002738.SZ,2055,818,818
002739.SZ,1902,966,966
002740.SZ,1048,9,9
002741.SZ,2111,516,516
002742.SZ,1232,11,11
002743.SZ,2096,54,54
002745.SZ,2108,1246,1246
002746.SZ,2111,498,498
002747.SZ,2101,853,853
002748.SZ,1860,126,126
002749.SZ,2111,29,29
002750.SZ,1549,329,329
002751.SZ,1035,188,188
002752.SZ,2111,152,152
002753.SZ,2111,71,71
002755.SZ,2080,305,305
002756.SZ,2111,854,854
002757.SZ,2106,516,516
002758.SZ,2100,195,195
002759.SZ,2067,508,508
002760.SZ,2107,183,183
002761.SZ,2070,742,742
002762.SZ,1826,352,352
002763.SZ,2111,37,37
002765.SZ,2058,513,513
002766.SZ,1378,459,459
002767.SZ,2111,266,266
002768.SZ,2111,479,479
002769.SZ,2081,210,210
002770.SZ,527,28,28
002771.SZ,2111,514,514
002772.SZ,2111,454,454
002773.SZ,2111,586,586
002774.SZ,2111,76,76
002775.SZ,2100,100,100
002776.SZ,791,196,196
002777.SZ,2111,641,641
002778.SZ,2045,79,79
002779.SZ,2111,179,179
002780.SZ,2111,246,246
002781.SZ,1046,23,23
002782.SZ,2111,591,591
002783.SZ,2111,594,594
002785.SZ,2106,647,647
002786.SZ,2108,482,482
002787.SZ,2111,137,137
002788.SZ,2105,183,183
002789.SZ,1773,73,73
002790.SZ,2111,30,30
002791.SZ,2111,779,779
002792.SZ,2111,675,675
002793.SZ,2100,272,272
002795.SZ,2100,300,300
002796.SZ,2111,627,627
002797.SZ,2111,1158,1158
002798.SZ,2109,276,276
002799.SZ,2052,365,365
002800.SZ,1840,282,282
002801.SZ,2111,203,203
002802.SZ,2111,33,33
002803.SZ,2111,786,786
002805.SZ,2111,685,685
002806.SZ,2094,412,412
002807.SZ,2111,382,382
002808.SZ,1308,101,101
002809.SZ,2111,153,153
002810.SZ,2111,447,447
002811.SZ,2111,143,143
002812.SZ,2096,927,927
002813.SZ,2093,338,338
002815.SZ,2111,752,752
002816.SZ,1416,4,4
002817.SZ,2111,37,37
002818.SZ,2111,21,21
002819.SZ,2008,485,485
002820.SZ,2111,325,325
002821.SZ,2111,1130,1130
002822.SZ,1489,392,392
002823.SZ,2111,339,339
002824.SZ,2111,497,497
002825.SZ,2096,152,152
002826.SZ,2106,202,202
002827.SZ,2111,360,360
002828.SZ,2099,637,637
002829.SZ,2111,669,669
002830.SZ,2111,119,119
002831.SZ,2111,331,331
002832.SZ,2111,427,427
002833.SZ,2111,404,404
002835.SZ,2111,182,182
002836.SZ,2101,19,19
002837.SZ,2105,629,629
002838.SZ,2086,437,437
002839.SZ,2111,608,608
002840.SZ,2111,653,653
002841.SZ,2111,234,234
002842.SZ,2111,235,235
002843.SZ,2111,331,331
002845.SZ,2111,709,709
002846.SZ,2111,388,388
002847.SZ,2111,529,529
002848.SZ,1843,323,323
002849.SZ,2111,236,236
002850.SZ,2111,808,808
002851.SZ,2041,449,449
002852.SZ,2111,153,153
002853.SZ,2106,36,36
002855.SZ,2111,217,217
002856.SZ,1953,70,70
002857.SZ,2050,87,87
002858.SZ,2111,387,387
002859.SZ,2101,634,634
002860.SZ,2111,433,433
002861.SZ,2111,293,293
002862.SZ,2111,219,219
002863.SZ,2111,230,230
002864.SZ,2107,538,538
002865.SZ,2111,750,750
002866.SZ,2035,651,651
002867.SZ,2111,278,278
002868.SZ,1858,90,90
002869.SZ,2111,590,590
002870.SZ,2057,392,392
002871.SZ,2111,149,149
002872.SZ,259,2,2
002873.SZ,2101,177,177
002875.SZ,2106,328,328
002876.SZ,2111,764,764
002877.SZ,2111,236,236
002878.SZ,2107,566,566
002879.SZ,2111,182,182
002880.SZ,2106,74,74
002881.SZ,2111,658,658
002882.SZ,2111,549,549
002883.SZ,2003,122,122
002884.SZ,2105,19,19
002885.SZ,2111,653,653
002886.SZ,2111,607,607
002887.SZ,2111,101,101
002888.SZ,2109,299,299
002889.SZ,2111,267,267
002890.SZ,2101,19,19
002891.SZ,2101,558,558
002892.SZ,2111,489,489
002893.SZ,2106,381,381
002895.SZ,2111,817,817
002896.SZ,2111,524,524
002897.SZ,2111,978,978
002898.SZ,1788,128,128
002899.SZ,2111,230,230
002900.SZ,2111,232,232
002901.SZ,2111,178,178
002902.SZ,2103,708,708
002903.SZ,2111,609,609
002905.SZ,2111,426,426
002906.SZ,2107,854,854
002907.SZ,2109,331,331
002908.SZ,2111,655,655
002909.SZ,2111,222,222
002910.SZ,2111,313,313
002911.SZ,2111,171,171
002912.SZ,2111,756,756
002913.SZ,2111,742,742
002915.SZ,2110,594,594
002916.SZ,2109,627,627
002917.SZ,2101,351,351
002918.SZ,2111,462,462
002919.SZ,2111,373,373
002920.SZ,2111,536,536
002921.SZ,2111,216,216
002922.SZ,2109,646,646
002923.SZ,2108,279,279
002925.SZ,2100,706,706
002926.SZ,2087,592,592
002927.SZ,2076,488,488
002928.SZ,2073,704,704
002929.SZ,2074,816,816
002930.SZ,2046,464,464
002931.SZ,2027,240,240
002932.SZ,1886,458,458
002933.SZ,1948,375,375
002935.SZ,1947,673,673
002936.SZ,1935,219,219
002937.SZ,1931,364,364
002938.SZ,1936,544,544
002939.SZ,1914,614,614
002940.SZ,1907,284,284
002941.SZ,1891,1037,1037
002942.SZ,1886,31,31
002943.SZ,1875,431,431
002945.SZ,1857,606,606
002946.SZ,1851,224,224
002947.SZ,1846,504,504
002948.SZ,1852,378,378
002949.SZ,1834,103,103
002950.SZ,1825,360,360
002951.SZ,1375,168,168
002952.SZ,1812,266,266
002953.SZ,1786,383,383
002955.SZ,1772,406,406
002956.SZ,1758,128,128
002957.SZ,1731,408,408
002958.SZ,1814,396,396
002959.SZ,1711,434,434
002960.SZ,1721,414,414
002961.SZ,1702,358,358
002962.SZ,1695,473,473
002963.SZ,1671,43,43
002965.SZ,1672,598,598
002966.SZ,1726,336,336
002967.SZ,1662,599,599
002968.SZ,1635,64,64
002969.SZ,1629,118,118
002970.SZ,1635,477,477
002971.SZ,1617,159,159
002972.SZ,1627,72,72
002973.SZ,1622,100,100
002975.SZ,1606,208,208
002976.SZ,1584,212,212
002977.SZ,1479,303,303
002978.SZ,1555,333,333
002979.SZ,1562,477,477
002980.SZ,1557,117,117
002981.SZ,1555,145,145
002982.SZ,1550,285,285
002983.SZ,1548,200,200
002984.SZ,1455,765,765
002985.SZ,1547,828,828
002986.SZ,1526,89,89
002987.SZ,1544,634,634
002988.SZ,1537,307,307
002989.SZ,1518,206,206
002990.SZ,1532,281,281
002991.SZ,1485,86,86
002992.SZ,1484,473,473
002993.SZ,1474,602,602
002995.SZ,1473,338,338
002996.SZ,1465,232,232
002997.SZ,1461,575,575
002998.SZ,1440,105,105
002999.SZ,1461,213,213
003000.SZ,1454,247,247
003001.SZ,1439,247,247
003002.SZ,1448,164,164
003003.SZ,1449,144,144
003004.SZ,1154,79,79
003005.SZ,1443,408,408
003006.SZ,1449,194,194
003007.SZ,1447,304,304
003008.SZ,1447,33,33
003009.SZ,1445,530,530
003010.SZ,1445,324,324
003011.SZ,1442,90,90
003012.SZ,1435,126,126
003013.SZ,1422,65,65
003015.SZ,1433,387,387
003016.SZ,1430,132,132
003017.SZ,1430,128,128
003018.SZ,1421,15,15
003019.SZ,1414,408,408
003020.SZ,1394,127,127
003021.SZ,1401,561,561
003022.SZ,1399,390,390
003023.SZ,1396,155,155
003025.SZ,1396,187,187
003026.SZ,1391,422,422
003027.SZ,1391,159,159
003028.SZ,1385,81,81
003029.SZ,1387,504,504
003030.SZ,1379,97,97
003031.SZ,1371,436,436
003032.SZ,1100,496,496
003033.SZ,1376,129,129
003035.SZ,1370,426,426
003036.SZ,1363,75,75
003037.SZ,1358,279,279
003038.SZ,1354,236,236
003039.SZ,1336,256,256
003040.SZ,1331,681,681
003041.SZ,1312,98,98
003042.SZ,1321,270,270
003043.SZ,1316,299,299
003816.SZ,1710,124,124
600000.SH,2111,0,0
600004.SH,2111,382,0
600006.SH,2106,856,0
600007.SH,2111,17,0
600008.SH,2105,213,0
600009.SH,2100,533,0
600010.SH,2102,682,0
600011.SH,2111,137,0
600012.SH,2101,0,0
600015.SH,2111,0,0
600016.SH,2111,7,0
600017.SH,2111,270,0
600018.SH,2111,0,0
600019.SH,2111,0,0
600020.SH,2111,121,0
600021.SH,2111,696,0
600022.SH,2014,412,0
600023.SH,2111,1,0
600025.SH,2111,17,0
600026.SH,2109,525,0
600027.SH,2100,268,0
600028.SH,2111,0,0
600029.SH,2111,192,0
600030.SH,2094,470,0
600031.SH,2111,600,0
600032.SH,1289,331,0
600033.SH,2111,169,0
600035.SH,2111,82,0
600036.SH,2111,0,0
600037.SH,2105,680,0
600038.SH,2101,594,0
600039.SH,2099,187,0
600048.SH,2111,267,0
600050.SH,2111,203,0
600051.SH,2040,77,0
600052.SH,2028,149,0
600053.SH,2012,369,0
600054.SH,2111,325,0
600055.SH,2110,374,0
600056.SH,2111,588,0
600057.SH,2111,411,0
600058.SH,2101,365,0
600059.SH,2111,641,0
600060.SH,2111,624,0
600061.SH,2111,63,0
600062.SH,2111,490,0
600063.SH,2110,743,0
600064.SH,2110,303,0
600066.SH,2110,371,0
600067.SH,2111,223,0
600068.SH,882,137,0
600069.SH,537,21,0
600070.SH,1291,165,0
600071.SH,2105,386,0
600072.SH,2090,1111,0
600073.SH,2111,642,0
600074.SH,30,0,0
600075.SH,2100,487,0
600076.SH,2031,204,0
600077.SH,1293,92,0
600078.SH,1340,199,0
600079.SH,1919,638,0
600080.SH,1784,139,0
600081.SH,2090,366,0
600082.SH,2005,95,0
600083.SH,974,78,0
600084.SH,1172,3,0
600085.SH,2111,265,0
600086.SH,440,166,0
600088.SH,2111,444,0
600089.SH,2111,702,0
600090.SH,618,86,0
600091.SH,15,0,0
600093.SH,818,204,0
600094.SH,2111,517,0
600095.SH,2090,875,0
600096.SH,2111,777,0
600097.SH,2111,127,0
600098.SH,2111,100,0
600099.SH,2111,24,0
600100.SH,2111,688,0
600101.SH,2111,482,0
600103.SH,2111,515,0
600104.SH,2111,2,0
600105.SH,2111,582,0
600106.SH,2111,403,0
600107.SH,1776,75,0
600108.SH,2111,584,0
600109.SH,2101,615,0
600110.SH,2103,675,0
600111.SH,2111,882,0
600112.SH,253,17,0
600113.SH,2103,212,0
600114.SH,2101,640,0
600115.SH,2111,127,0
600116.SH,2099,442,0
600117.SH,1785,116,0
600118.SH,2111,710,0
600119.SH,1520,216,0
600120.SH,2111,558,0
600121.SH,2046,695,0
600122.SH,452,45,0
600123.SH,2111,623,0
600125.SH,2111,655,0
600126.SH,2104,477,0
600127.SH,2110,772,0
600128.SH,2111,224,0
600129.SH,2111,659,0
600130.SH,1868,406,0
600131.SH,2100,727,0
600132.SH,2111,236,0
600133.SH,2042,669,0
600135.SH,2110,171,0
600136.SH,1047,75,0
600137.SH,2111,43,0
600138.SH,2111,1079,0
600139.SH,808,73,0
600141.SH,2110,1120,0
600143.SH,2111,689,0
600145.SH,15,0,0
600146.SH,564,128,0
600148.SH,2018,102,0
600149.SH,1313,154,0
600150.SH,1807,724,0
600151.SH,2111,654,0
600152.SH,2111,439,0
600153.SH,2111,179,0
600155.SH,2111,876,0
600156.SH,2101,151,0
600157.SH,1794,745,0
600158.SH,2035,1143,0
600159.SH,2111,161,0
600160.SH,2101,545,0
600161.SH,2111,203,0
600162.SH,2103,101,0
600163.SH,2100,424,0
600165.SH,1433,210,0
600166.SH,2111,916,0
600167.SH,2107,22,0
600168.SH,2101,101,0
600169.SH,1899,195,0
600170.SH,2111,323,0
600171.SH,2111,1208,0
600172.SH,2106,626,0
600173.SH,2111,155,0
600175.SH,538,135,0
600176.SH,2101,387,0
600177.SH,2111,23,0
600178.SH,2111,393,0
600179.SH,1613,286,0
600180.SH,2017,148,0
600182.SH,1595,6,0
600183.SH,2111,589,0
600184.SH,2111,309,0
600185.SH,2096,877,0
600186.SH,1880,367,0
600187.SH,1964,331,0
600188.SH,2111,241,0
600189.SH,2048,386,0
600190.SH,1570,163,0
600191.SH,1795,222,0
600192.SH,2111,280,0
600193.SH,1027,3,0
600195.SH,2111,729,0
600196.SH,2111,780,0
600197.SH,2111,969,0
600198.SH,1630,697,0
600199.SH,2111,884,0
600200.SH,1781,584,0
600201.SH,2111,1289,0
600202.SH,1882,185,0
600203.SH,2111,589,0
600206.SH,2111,1061,0
600207.SH,2111,383,0
600208.SH,2100,346,0
600209.SH,87,0,0
600210.SH,2111,514,0
600211.SH,2111,750,0
600212.SH,1826,368,0
600213.SH,1534,176,0
600215.SH,1855,139,0
600216.SH,2111,1271,0
600217.SH,1982,319,0
600218.SH,2111,612,0
600219.SH,2105,483,0
600220.SH,1534,116,0
600221.SH,1588,306,0
600222.SH,2104,514,0
600223.SH,2111,574,0
600225.SH,1096,86,0
600226.SH,1175,290,0
600227.SH,2069,156,0
600228.SH,1046,103,0
600229.SH,2108,107,0
600230.SH,2111,717,0
600231.SH,2111,202,0
600232.SH,2041,95,0
600233.SH,2111,42,0
600234.SH,1045,19,0
600235.SH,2111,137,0
600236.SH,2111,0,0
600237.SH,2111,742,0
600238.SH,1057,457,0
600239.SH,1513,250,0
600240.SH,350,75,0
600241.SH,1285,55,0
600242.SH,596,165,0
600243.SH,1517,172,0
600246.SH,2110,470,0
600247.SH,0,0,0
600248.SH,2091,293,0
600249.SH,2109,183,0
600250.SH,2085,274,0
600251.SH,2111,466,0
600252.SH,2111,445,0
600255.SH,1821,410,0
600256.SH,2098,727,0
600257.SH,2031,619,0
600258.SH,2111,1140,0
600259.SH,2111,1086,0
600260.SH,880,577,0
600261.SH,2111,120,0
600262.SH,2111,235,0
600265.SH,218,0,0
600266.SH,2111,773,0
600267.SH,2101,790,0
600268.SH,2111,552,0
600269.SH,2111,42,0
600270.SH,174,0,0
600271.SH,2111,438,0
600272.SH,2111,261,0
600273.SH,2066,933,0
600275.SH,15,0,0
600276.SH,2111,128,0
600277.SH,1514,354,0
600278.SH,2100,296,0
600279.SH,2100,94,0
600280.SH,1858,409,0
600281.SH,2111,128,0
600282.SH,2102,480,0
600283.SH,2103,228,0
600284.SH,2110,444,0
600285.SH,2111,734,0
600287.SH,1863,27,0
600288.SH,2111,393,0
600289.SH,0,0,0
600290.SH,428,81,0
600291.SH,823,311,0
600292.SH,2101,487,0
600293.SH,2043,389,0
600295.SH,2110,276,0
600297.SH,1587,141,0
600298.SH,2111,685,0
600299.SH,2111,42,0
600300.SH,1879,476,0
600301.SH,1044,283,0
600302.SH,2013,109,0
600303.SH,1392,172,0
600305.SH,2111,839,0
600306.SH,531,0,0
600307.SH,2111,389,0
600308.SH,2111,301,0
600309.SH,2005,607,0
600310.SH,2098,442,0
600311.SH,563,112,0
600312.SH,2111,959,0
600313.SH,2111,863,0
600315.SH,2111,385,0
600316.SH,2111,946,0
600317.SH,728,0,0
600318.SH,1971,740,0
600319.SH,1491,35,0
600320.SH,2111,413,0
600321.SH,1057,36,0
600322.SH,2101,196,0
600323.SH,2109,247,0
600325.SH,2111,1161,0
600326.SH,2111,878,0
600327.SH,2111,374,0
600328.SH,2084,768,0
600329.SH,2110,457,0
600330.SH,2111,900,0
600331.SH,2110,618,0
600332.SH,2107,306,0
600333.SH,2111,317,0
600335.SH,1986,575,0
600336.SH,2111,579,0
600337.SH,2008,258,0
600338.SH,2111,1128,0
600339.SH,2111,322,0
600340.SH,2003,665,0
600343.SH,2102,581,0
600345.SH,2091,578,0
600346.SH,2111,128,0
600348.SH,2111,827,0
600350.SH,2111,0,0
600351.SH,2111,574,0
600352.SH,2111,529,0
600353.SH,2101,389,0
600354.SH,1820,610,0
600355.SH,1774,291,0
600356.SH,2102,27,0
600358.SH,1575,70,0
600359.SH,2111,426,0
600360.SH,1610,689,0
600361.SH,2100,527,0
600362.SH,2111,562,0
600363.SH,2111,1101,0
600365.SH,592,7,0
600366.SH,2110,1049,0
600367.SH,2111,482,0
600368.SH,2111,200,0
600369.SH,2111,188,0
600370.SH,2005,86,0
600371.SH,2111,507,0
600372.SH,2093,189,0
600373.SH,2108,511,0
600375.SH,1845,389,0
600376.SH,2111,236,0
600377.SH,2111,0,0
600378.SH,2045,214,0
600379.SH,2111,211,0
600380.SH,2105,486,0
600381.SH,1534,256,0
600382.SH,1606,169,0
600383.SH,2111,1014,0
600385.SH,333,0,0
600386.SH,2111,158,0
600387.SH,928,116,0
600388.SH,1814,399,0
600389.SH,2100,594,0
600390.SH,2111,363,0
600391.SH,2111,839,0
600392.SH,2111,1094,0
600393.SH,957,200,0
600395.SH,2111,502,0
600396.SH,1608,194,0
600397.SH,1865,352,0
600398.SH,2106,56,0
600399.SH,1333,837,0
600400.SH,2111,236,0
600401.SH,30,0,0
600403.SH,1811,196,0
600405.SH,2106,624,0
600406.SH,2111,143,0
600408.SH,1132,216,0
600409.SH,2111,833,0
600410.SH,2111,901,0
600415.SH,2111,442,0
600416.SH,1867,767,0
600418.SH,2111,949,0
600419.SH,2104,268,0
600420.SH,2111,476,0
600421.SH,919,3,0
600422.SH,2109,898,0
600423.SH,1196,137,0
600425.SH,2033,695,0
600426.SH,2111,686,0
600428.SH,2111,797,0
600429.SH,2111,209,0
600432.SH,30,0,0
600433.SH,2098,173,0
600435.SH,2111,1225,0
600436.SH,2111,67,0
600438.SH,2101,673,0
600439.SH,2070,179,0
600444.SH,2111,196,0
600446.SH,2096,1107,0
600448.SH,2111,282,0
600449.SH,2100,575,0
600452.SH,2111,620,0
600455.SH,2110,64,0
600456.SH,2111,1077,0
600458.SH,2111,633,0
600459.SH,2099,861,0
600460.SH,2100,1208,0
600461.SH,2100,157,0
600462.SH,266,1,0
600463.SH,2105,95,0
600466.SH,1290,389,0
600467.SH,2111,457,0
600468.SH,2110,489,0
600469.SH,2106,118,0
600470.SH,1884,599,0
600475.SH,2111,326,0
600476.SH,2016,348,0
600477.SH,2111,497,0
600478.SH,2110,799,0
600479.SH,2102,271,0
600480.SH,2105,656,0
600481.SH,2111,749,0
600482.SH,2090,250,0
600483.SH,2102,293,0
600485.SH,0,0,0
600486.SH,2106,438,0
600487.SH,2100,1069,0
600488.SH,2110,48,0
600489.SH,2100,785,0
600490.SH,1997,770,0
600491.SH,2013,416,0
600493.SH,2111,92,0
600495.SH,2111,268,0
600496.SH,2110,585,0
600497.SH,2101,844,0
600498.SH,2111,776,0
600499.SH,2101,541,0
600500.SH,2102,250,0
600501.SH,2111,622,0
600502.SH,2111,566,0
600503.SH,2111,480,0
600505.SH,2111,454,0
600506.SH,1797,358,0
600507.SH,2111,846,0
600508.SH,2111,396,0
600509.SH,2111,704,0
600510.SH,2101,298,0
600511.SH,2111,758,0
600512.SH,2075,362,0
600513.SH,2111,408,0
600515.SH,1576,368,0
600516.SH,2111,983,0
600517.SH,2100,478,0
600518.SH,866,314,0
600519.SH,2111,0,0
600520.SH,2106,460,0
600521.SH,2111,873,0
600522.SH,2111,1092,0
600523.SH,2111,368,0
600525.SH,1776,471,0
600526.SH,1848,50,0
600527.SH,2111,318,0
600528.SH,2111,233,0
600529.SH,2111,861,0
600530.SH,1550,133,0
600531.SH,2111,878,0
600532.SH,1054,62,0
600533.SH,2111,248,0
600535.SH,2109,393,0
600536.SH,2109,1298,0
600537.SH,2016,569,0
600538.SH,2100,222,0
600539.SH,1287,70,0
600540.SH,2047,435,0
600543.SH,1727,108,0
600545.SH,2111,165,0
600546.SH,2066,934,0
600547.SH,2110,610,0
600548.SH,2111,13,0
600549.SH,2111,694,0
600550.SH,2111,518,0
600551.SH,2111,187,0
600552.SH,2111,925,0
600555.SH,580,20,0
600556.SH,1553,887,0
600557.SH,2111,713,0
600558.SH,2111,235,0
600559.SH,2106,1129,0
600560.SH,2111,151,0
600561.SH,2111,20,0
600562.SH,2110,557,0
600563.SH,2111,667,0
600565.SH,1534,150,0
600566.SH,2110,357,0
600567.SH,2111,530,0
600568.SH,493,123,0
600569.SH,2105,390,0
600570.SH,2111,1214,0
600571.SH,2111,687,0
600572.SH,2110,935,0
600573.SH,2111,342,0
600575.SH,2076,372,0
600576.SH,2100,314,0
600577.SH,2111,625,0
600578.SH,2111,64,0
600579.SH,2093,109,0
600580.SH,2111,909,0
600581.SH,1993,767,0
600582.SH,2111,235,0
600583.SH,2111,185,0
600584.SH,2106,1172,0
600585.SH,2111,129,0
600586.SH,2111,807,0
600587.SH,2111,788,0
600588.SH,2111,467,0
600589.SH,1321,232,0
600590.SH,2101,390,0
600592.SH,2111,394,0
600593.SH,1902,382,0
600594.SH,2111,259,0
600595.SH,1371,318,0
600596.SH,2103,1043,0
600597.SH,2111,543,0
600598.SH,2111,679,0
600599.SH,606,25,0
600600.SH,2111,342,0
600601.SH,1596,380,0
600602.SH,2111,757,0
600603.SH,1834,266,0
600604.SH,2111,594,0
600605.SH,2105,213,0
600606.SH,2106,125,0
600608.SH,15,0,0
600609.SH,2111,274,0
600610.SH,1369,504,0
600611.SH,2111,269,0
600612.SH,2111,103,0
600613.SH,2111,195,0
600614.SH,274,41,0
600615.SH,1674,85,0
600616.SH,2111,247,0
600617.SH,2111,172,0
600618.SH,2111,433,0
600619.SH,2111,438,0
600620.SH,2111,56,0
600621.SH,2111,1269,0
600622.SH,2111,559,0
600623.SH,2111,361,0
600624.SH,1875,423,0
600626.SH,2111,224,0
600628.SH,2111,208,0
600629.SH,2111,448,0
600630.SH,2111,464,0
600633.SH,2111,797,0
600634.SH,63,0,0
600635.SH,2111,573,0
600636.SH,1712,241,0
600637.SH,2111,397,0
600638.SH,2111,120,0
600639.SH,2111,279,0
600640.SH,2111,459,0
600641.SH,2031,752,0
600642.SH,2111,31,0
600643.SH,2110,278,0
600644.SH,2111,445,0
600645.SH,2093,1082,0
600647.SH,1287,20,0
600648.SH,2111,105,0
600649.SH,2111,415,0
600650.SH,2111,187,0
600651.SH,1865,190,0
600652.SH,333,1,0
600653.SH,2106,85,0
600654.SH,540,287,0
600655.SH,2106,164,0
600657.SH,2106,327,0
600658.SH,2111,278,0
600660.SH,2111,224,0
600661.SH,2111,254,0
600662.SH,2100,105,0
600663.SH,2101,1,0
600664.SH,2075,586,0
600665.SH,2111,72,0
600666.SH,741,289,0
600667.SH,2111,917,0
600668.SH,2111,459,0
600671.SH,916,70,0
600673.SH,2081,315,0
600674.SH,2111,0,0
600675.SH,2111,78,0
600676.SH,2111,165,0
600677.SH,500,195,0
600678.SH,1911,356,0
600679.SH,2101,248,0
600680.SH,0,0,0
600681.SH,2111,157,0
600682.SH,2028,647,0
600683.SH,2111,266,0
600684.SH,2111,298,0
600685.SH,2050,948,0
600686.SH,2100,591,0
600687.SH,288,40,0
600688.SH,2111,95,0
600689.SH,2109,162,0
600690.SH,2109,0,0
600691.SH,2111,303,0
600692.SH,2111,217,0
600693.SH,2110,291,0
600694.SH,2111,178,0
600695.SH,780,138,0
600696.SH,947,107,0
600697.SH,2111,212,0
600698.SH,1580,308,0
600699.SH,2111,1182,0
600701.SH,76,0,0
600702.SH,1955,1362,0
600703.SH,2111,909,0
600704.SH,2111,314,0
600705.SH,1757,170,0
600706.SH,2111,506,0
600707.SH,2110,450,0
600708.SH,2111,347,0
600710.SH,2050,654,0
600711.SH,1814,769,0
600712.SH,2111,345,0
600713.SH,2110,224,0
600714.SH,2111,195,0
600715.SH,1839,295,0
600716.SH,2111,174,0
600717.SH,2102,123,0
600718.SH,2101,818,0
600719.SH,1868,269,0
600720.SH,2101,787,0
600721.SH,1371,346,0
600722.SH,2111,413,0
600723.SH,892,21,0
600724.SH,2031,147,0
600725.SH,1274,136,0
600726.SH,1589,230,0
600727.SH,2095,506,0
600728.SH,2111,1094,0
600729.SH,2088,441,0
600730.SH,2010,268,0
600731.SH,2111,255,0
600732.SH,1585,958,0
600733.SH,1930,1093,0
600734.SH,935,368,0
600735.SH,1824,191,0
600736.SH,2111,555,0
600737.SH,2111,874,0
600738.SH,2108,378,0
600739.SH,2111,278,0
600740.SH,2105,911,0
600741.SH,2111,34,0
600742.SH,2111,340,0
600743.SH,2111,102,0
600744.SH,2111,511,0
600745.SH,1849,1067,0
600746.SH,2109,295,0
600747.SH,30,0,0
600748.SH,2110,353,0
600749.SH,1870,303,0
600750.SH,2046,767,0
600751.SH,1940,627,0
600753.SH,1669,166,0
600754.SH,2111,497,0
600755.SH,2110,557,0
600756.SH,2111,919,0
600757.SH,2111,402,0
600758.SH,2093,378,0
600759.SH,1356,505,0
600760.SH,2111,612,0
600761.SH,2111,743,0
600763.SH,2111,1126,0
600764.SH,1987,500,0
600765.SH,2101,851,0
600766.SH,873,208,0
600767.SH,186,0,0
600768.SH,2033,70,0
600769.SH,2101,159,0
600770.SH,2111,546,0
600771.SH,2111,1120,0
600773.SH,2111,626,0
600774.SH,2105,61,0
600775.SH,2111,763,0
600776.SH,2111,1011,0
600777.SH,1548,805,0
600778.SH,1862,142,0
600779.SH,2109,548,0
600780.SH,2111,200,0
600781.SH,417,32,0
600782.SH,2111,954,0
600783.SH,2111,492,0
600784.SH,1994,83,0
600785.SH,2108,327,0
600787.SH,2111,365,0
600789.SH,2111,963,0
600790.SH,2111,72,0
600791.SH,2111,90,0
600792.SH,2111,411,0
600793.SH,2111,168,0
600794.SH,2011,268,0
600795.SH,2111,147,0
600796.SH,1977,68,0
600797.SH,2111,996,0
600798.SH,2030,400,0
600800.SH,1981,159,0
600801.SH,2109,574,0
600802.SH,2111,306,0
600803.SH,2079,225,0
600804.SH,1047,513,0
600805.SH,2111,167,0
600806.SH,30,0,0
600807.SH,1506,154,0
600808.SH,2111,656,0
600809.SH,2101,35,0
600810.SH,2100,741,0
600811.SH,1666,345,0
600812.SH,2102,448,0
600814.SH,2111,271,0
600815.SH,1551,188,0
600816.SH,1230,320,0
600817.SH,1311,87,0
600818.SH,1990,190,0
600819.SH,2111,163,0
600820.SH,2111,200,0
600821.SH,1846,504,0
600822.SH,2111,356,0
600823.SH,1293,38,0
600824.SH,2101,186,0
600825.SH,2106,376,0
600826.SH,2100,190,0
600827.SH,2111,271,0
600828.SH,2111,146,0
600829.SH,2075,249,0
600830.SH,2111,361,0
600831.SH,1786,471,0
600833.SH,2111,193,0
600834.SH,2111,161,0
600835.SH,2111,445,0
600836.SH,1280,47,0
600837.SH,1701,169,0
600838.SH,2111,297,0
600839.SH,2111,888,0
600841.SH,2100,208,0
600843.SH,2110,302,0
600844.SH,1968,211,0
600845.SH,2110,345,0
600846.SH,2109,347,0
600847.SH,2018,7,0
600848.SH,2034,143,0
600850.SH,2030,739,0
600851.SH,2111,188,0
600853.SH,2111,424,0
600854.SH,2111,96,0
600855.SH,2101,616,0
600856.SH,335,78,0
600857.SH,2108,133,0
600858.SH,2111,158,0
600859.SH,2093,956,0
600860.SH,1802,493,0
600861.SH,2100,127,0
600862.SH,2111,618,0
600863.SH,2103,432,0
600864.SH,2111,1057,0
600865.SH,2108,164,0
600866.SH,2039,456,0
600867.SH,2111,697,0
600868.SH,2106,502,0
600869.SH,2098,518,0
600870.SH,28,0,0
600871.SH,1865,149,0
600872.SH,2111,1014,0
600873.SH,2111,523,0
600874.SH,2111,168,0
600875.SH,2106,759,0
600876.SH,2105,393,0
600877.SH,1296,549,0
600879.SH,2111,1122,0
600880.SH,2027,594,0
600881.SH,2111,317,0
600882.SH,2095,666,0
600883.SH,2111,8,0
600884.SH,2111,1024,0
600885.SH,2111,326,0
600886.SH,2111,0,0
600887.SH,2111,287,0
600888.SH,2105,742,0
600889.SH,1992,233,0
600890.SH,801,22,0
600891.SH,326,31,0
600892.SH,1610,167,0
600893.SH,2100,454,0
600894.SH,2111,105,0
600895.SH,2111,728,0
600896.SH,595,9,0
600897.SH,2111,83,0
600898.SH,810,6,0
600900.SH,2100,0,0
600901.SH,2074,187,0
600903.SH,2101,644,0
600905.SH,1277,174,0
600906.SH,1301,648,0
600908.SH,2111,354,0
600909.SH,2105,477,0
600916.SH,1357,504,0
600917.SH,2106,49,0
600918.SH,1525,434,0
600919.SH,2105,46,0
600925.SH,840,18,0
600926.SH,2111,57,0
600927.SH,1145,67,0
600928.SH,1831,278,0
600929.SH,2042,320,0
600930.SH,284,120,0
600933.SH,2103,329,0
600935.SH,1164,86,0
600936.SH,2111,203,0
600938.SH,1068,460,0
600939.SH,2111,119,0
600941.SH,1137,185,0
600955.SH,1209,76,0
600956.SH,1509,259,0
600958.SH,2095,365,0
600959.SH,2086,179,0
600960.SH,2027,325,0
600961.SH,2100,458,0
600962.SH,2097,80,0
600963.SH,2111,598,0
600965.SH,2018,186,0
600966.SH,2109,334,0
600967.SH,2111,694,0
600968.SH,1753,398,0
600969.SH,2111,198,0
600970.SH,2089,611,0
600971.SH,2111,843,0
600973.SH,2102,597,0
600975.SH,2101,826,0
600976.SH,2111,433,0
600977.SH,2111,624,0
600978.SH,565,61,0
600979.SH,2110,411,0
600980.SH,2100,291,0
600981.SH,2111,288,0
600982.SH,2110,395,0
600983.SH,2107,52,0
600984.SH,2091,598,0
600985.SH,2106,533,0
600986.SH,2109,935,0
600987.SH,2053,72,0
600988.SH,2103,1226,0
600989.SH,1781,614,0
600990.SH,2111,457,0
600992.SH,2111,389,0
600993.SH,2111,956,0
600995.SH,2100,397,0
600996.SH,2111,742,0
600997.SH,2111,531,0
600998.SH,2111,19,0
600999.SH,2105,35,0
601000.SH,2111,185,0
601001.SH,2111,733,0
601002.SH,2111,251,0
601003.SH,2091,182,0
601005.SH,2068,440,0
601006.SH,2111,0,0
601007.SH,2106,322,0
601008.SH,2111,414,0
601009.SH,2111,49,0
601010.SH,2017,156,0
601011.SH,2111,865,0
601012.SH,2105,1015,0
601015.SH,2105,551,0
601016.SH,2105,477,0
601018.SH,2111,0,0
601019.SH,2111,34,0
601020.SH,1842,768,0
601021.SH,2111,45,0
601022.SH,913,290,0
601026.SH,223,21,0
601028.SH,1750,353,0
601033.SH,642,64,0
601038.SH,2111,488,0
601058.SH,2111,711,0
601059.SH,860,462,0
601061.SH,833,275,0
601065.SH,833,49,0
601066.SH,2000,355,0
601068.SH,1948,287,0
601069.SH,2096,976,0
601077.SH,1670,99,0
601083.SH,673,130,0
601086.SH,2111,313,0
601088.SH,2101,0,0
601089.SH,1022,120,0
601096.SH,660,135,0
601098.SH,2111,73,0
601099.SH,2111,1025,0
601100.SH,2111,9,0
601101.SH,2110,495,0
601106.SH,2029,147,0
601107.SH,2101,59,0
601108.SH,2105,792,0
601111.SH,2110,14,0
601112.SH,151,0,0
601113.SH,1446,288,0
601116.SH,2111,515,0
601117.SH,2111,529,0
601118.SH,1998,466,0
601121.SH,849,202,0
601123.SH,9,0,0
601126.SH,2111,608,0
601127.SH,2107,800,0
601128.SH,2111,754,0
601133.SH,830,188,0
601136.SH,903,382,0
601137.SH,2109,954,0
601138.SH,2007,463,0
601139.SH,2111,57,0
601155.SH,2111,377,0
601156.SH,1278,509,0
601158.SH,2111,0,0
601162.SH,1913,951,0
601163.SH,2111,182,0
601166.SH,2111,0,0
601168.SH,2111,1023,0
601169.SH,2111,0,0
601177.SH,2108,246,0
601179.SH,2111,494,0
601186.SH,2111,144,0
601187.SH,1429,231,0
601188.SH,2111,193,0
601198.SH,2091,367,0
601199.SH,2111,242,0
601200.SH,2111,285,0
601208.SH,2111,685,0
601211.SH,2092,67,0
601212.SH,2106,428,0
601216.SH,2041,278,0
601218.SH,2111,421,0
601222.SH,2111,705,0
601225.SH,2111,9,0
601226.SH,2111,369,0
601228.SH,2111,37,0
601229.SH,2111,0,0
601231.SH,2103,239,0
601233.SH,2111,915,0
601236.SH,1740,306,0
601238.SH,2111,39,0
601258.SH,884,131,0
601279.SH,1314,159,0
601288.SH,2111,0,0
601298.SH,1849,92,0
601311.SH,2111,781,0
601318.SH,2111,70,0
601319.SH,1899,233,0
601326.SH,2111,42,0
601328.SH,2111,0,0
601330.SH,2006,544,0
601333.SH,2111,234,0
601336.SH,2111,208,0
601339.SH,2110,196,0
601360.SH,2097,980,0
601366.SH,2106,98,0
601368.SH,2111,26,0
601369.SH,2063,183,0
601375.SH,2111,765,0
601377.SH,2105,590,0
601388.SH,2111,619,0
601390.SH,2037,61,0
601398.SH,2111,0,0
601399.SH,1299,308,0
601456.SH,1465,923,0
601500.SH,2104,346,0
601512.SH,1632,60,0
601515.SH,2103,435,0
601518.SH,2111,33,0
601519.SH,2018,919,0
601528.SH,1267,296,0
601555.SH,2089,419,0
601558.SH,30,0,0
601566.SH,2111,78,0
601567.SH,2111,498,0
601568.SH,1434,71,0
601577.SH,1931,320,0
601579.SH,2111,475,0
601588.SH,2111,154,0
601595.SH,2111,578,0
601598.SH,1856,501,0
601599.SH,2106,257,0
601600.SH,2076,666,0
601601.SH,2111,4,0
601606.SH,1967,947,0
601607.SH,2111,304,0
601608.SH,2111,385,0
601609.SH,1552,430,0
601611.SH,2111,446,0
601615.SH,1845,1004,0
601616.SH,2111,237,0
601618.SH,2111,234,0
601619.SH,2026,601,0
601628.SH,2111,0,0
601633.SH,2111,0,0
601636.SH,2111,976,0
601658.SH,1640,328,0
601665.SH,1272,179,0
601666.SH,2111,780,0
601668.SH,2111,24,0
601669.SH,2111,458,0
601677.SH,2111,909,0
601678.SH,2111,723,0
601686.SH,1401,57,0
601688.SH,2111,570,0
601689.SH,2111,611,0
601696.SH,1591,835,0
601698.SH,1751,576,0
601699.SH,2111,590,0
601700.SH,2080,379,0
601702.SH,1459,495,0
601717.SH,2109,963,0
601718.SH,2018,327,0
601727.SH,2068,255,0
601728.SH,1227,95,0
601766.SH,2111,15,0
601777.SH,1949,261,0
601778.SH,1536,772,0
601788.SH,2111,629,0
601789.SH,2111,626,0
601798.SH,1621,175,0
601799.SH,2111,143,0
601800.SH,2111,41,0
601801.SH,2111,185,0
601808.SH,2111,36,0
601811.SH,2111,39,0
601816.SH,1614,7,0
601818.SH,2111,0,0
601825.SH,1228,0,0
601827.SH,1523,78,0
601828.SH,2094,253,0
601838.SH,2090,330,0
601857.SH,2111,0,0
601858.SH,2111,334,0
601860.SH,1867,402,0
601865.SH,1841,539,0
601866.SH,2100,245,0
601868.SH,1202,328,0
601869.SH,1978,412,0
601872.SH,2111,275,0
601877.SH,2111,305,0
601878.SH,2111,951,0
601880.SH,2095,41,0
601881.SH,2111,483,0
601882.SH,2111,202,0
601886.SH,2111,133,0
601888.SH,2111,425,0
601890.SH,2111,1104,0
601898.SH,2111,2,0
601899.SH,2107,606,0
601900.SH,2111,414,0
601901.SH,2111,241,0
601908.SH,2111,602,0
601916.SH,1644,57,0
601918.SH,2111,754,0
601919.SH,2111,231,0
601921.SH,1247,298,0
601928.SH,2111,101,0
601929.SH,2111,708,0
601933.SH,2110,503,0
601939.SH,2111,273,0
601949.SH,2111,375,0
601952.SH,2111,648,0
601956.SH,1386,105,0
601958.SH,2111,186,0
601963.SH,1357,17,0
601965.SH,2111,158,0
601966.SH,2107,239,0
601968.SH,2099,48,0
601969.SH,2093,314,0
601975.SH,1811,1050,0
601985.SH,2111,42,0
601988.SH,2111,0,0
601989.SH,1837,73,0
601990.SH,2004,651,0
601991.SH,2111,279,0
601992.SH,2111,147,0
601995.SH,1405,457,0
601996.SH,2111,117,0
601997.SH,2111,112,0
601998.SH,2111,0,0
601999.SH,2111,171,0
603000.SH,2111,831,831
603001.SH,1815,37,37
603002.SH,2100,336,336
603003.SH,1549,165,165
603004.SH,657,117,117
603005.SH,2111,1124,1124
603006.SH,2101,50,50
603007.SH,903,74,74
603008.SH,2015,603,603
603009.SH,2098,377,377
603010.SH,2105,452,452
603011.SH,2111,344,344
603012.SH,2111,322,322
603013.SH,2029,245,245
603014.SH,315,31,31
603015.SH,2101,206,206
603016.SH,2028,69,69
603017.SH,2111,191,191
603018.SH,2111,428,428
603019.SH,2098,1261,1261
603020.SH,2111,188,188
603021.SH,1683,33,33
603022.SH,2110,30,30
603023.SH,1826,152,152
603025.SH,2101,238,238
603026.SH,2111,749,749
603027.SH,2111,1054,1054
603028.SH,2091,78,78
603029.SH,2101,237,237
603030.SH,1823,191,191
603031.SH,2103,156,156
603032.SH,1752,486,486
603033.SH,2037,102,102
603035.SH,2111,561,561
603036.SH,2106,163,163
603037.SH,2106,260,260
603038.SH,2109,194,194
603039.SH,1886,202,202
603040.SH,2111,156,156
603041.SH,2111,7,7
603042.SH,2104,482,482
603043.SH,2111,195,195
603045.SH,2012,229,229
603048.SH,1172,96,96
603049.SH,313,106,106
603050.SH,2110,408,408
603051.SH,1085,399,399
603052.SH,955,128,128
603053.SH,1635,107,107
603055.SH,2111,107,107
603056.SH,1931,219,219
603057.SH,961,54,54
603058.SH,2099,144,144
603059.SH,2073,65,65
603060.SH,2111,128,128
603061.SH,858,64,64
603062.SH,693,32,32
603063.SH,2111,675,675
603065.SH,846,44,44
603066.SH,2031,210,210
603067.SH,2098,338,338
603068.SH,1801,693,693
603069.SH,2093,672,672
603070.SH,1096,145,145
603071.SH,1150,0,0
603072.SH,411,193,193
603073.SH,849,15,15
603075.SH,728,19,19
603076.SH,2111,207,207
603077.SH,2111,677,677
603078.SH,2104,735,735
603079.SH,2083,237,237
603080.SH,2108,434,434
603081.SH,2111,184,184
603082.SH,629,106,106
603083.SH,2111,764,764
603085.SH,2101,237,237
603086.SH,2111,154,154
603087.SH,1509,983,983
603088.SH,2094,291,291
603089.SH,2111,56,56
603090.SH,2111,125,125
603091.SH,480,0,0
603092.SH,208,30,30
603093.SH,1706,417,417
603095.SH,1557,67,67
603096.SH,2111,69,69
603097.SH,1056,190,190
603098.SH,2110,198,198
603099.SH,2111,518,518
603100.SH,2111,304,304
603101.SH,2111,160,160
603102.SH,1123,23,23
603103.SH,2111,361,361
603105.SH,1987,666,666
603106.SH,2110,398,398
603107.SH,697,58,58
603108.SH,2072,813,813
603109.SH,1625,236,236
603110.SH,2109,340,340
603111.SH,2111,176,176
603112.SH,1451,256,256
603113.SH,2111,528,528
603115.SH,1721,91,91
603116.SH,2111,67,67
603117.SH,1565,98,98
603118.SH,2106,685,685
603119.SH,757,132,132
603120.SH,345,51,51
603121.SH,1851,239,239
603122.SH,1109,186,186
603123.SH,2100,620,620
603124.SH,363,46,46
603125.SH,833,165,165
603126.SH,2111,460,460
603127.SH,2111,712,712
603128.SH,2111,745,745
603129.SH,2111,386,386
603130.SH,927,69,69
603131.SH,2105,567,567
603132.SH,1108,42,42
603133.SH,1298,126,126
603135.SH,833,83,83
603136.SH,2111,195,195
603137.SH,816,0,0
603138.SH,2111,605,605
603139.SH,2109,30,30
603150.SH,1124,99,99
603151.SH,941,11,11
603153.SH,852,128,128
603155.SH,1463,204,204
603156.SH,2082,50,50
603157.SH,618,23,23
603158.SH,2111,378,378
603159.SH,2102,16,16
603160.SH,2101,539,539
603161.SH,2093,125,125
603162.SH,840,187,187
603163.SH,953,88,88
603165.SH,2111,116,116
603166.SH,2111,313,313
603167.SH,2111,142,142
603168.SH,2111,149,149
603169.SH,2111,631,631
603170.SH,1011,18,18
603171.SH,1264,266,266
603172.SH,814,11,11
603173.SH,882,76,76
603175.SH,218,45,45
603176.SH,1139,17,17
603177.SH,2111,66,66
603178.SH,2111,348,348
603179.SH,2111,419,419
603180.SH,2111,86,86
603181.SH,2111,213,213
603182.SH,966,1,1
603183.SH,2105,216,216
603185.SH,1869,757,757
603186.SH,2111,527,527
603187.SH,1890,219,219
603188.SH,1600,53,53
603189.SH,2018,483,483
603190.SH,868,113,113
603191.SH,1063,429,429
603192.SH,1951,102,102
603193.SH,708,118,118
603194.SH,418,105,105
603195.SH,1605,344,344
603196.SH,2091,154,154
603197.SH,2111,770,770
603198.SH,2111,300,300
603199.SH,2111,304,304
603200.SH,2111,384,384
603201.SH,1001,41,41
603202.SH,339,21,21
603203.SH,2111,91,91
603205.SH,451,11,11
603206.SH,1060,209,209
603207.SH,497,68,68
603208.SH,2111,89,89
603209.SH,1086,116,116
603210.SH,350,0,0
603211.SH,1005,259,259
603212.SH,1546,642,642
603213.SH,1165,50,50
603214.SH,2053,281,281
603215.SH,1110,213,213
603216.SH,1142,84,84
603217.SH,1757,104,104
603218.SH,2111,551,551
603219.SH,1168,200,200
603220.SH,1900,833,833
603221.SH,1565,82,82
603222.SH,2057,574,574
603223.SH,2108,131,131
603225.SH,2111,222,222
603226.SH,2107,110,110
603227.SH,2098,333,333
603228.SH,2111,497,497
603229.SH,2111,366,366
603230.SH,1144,99,99
603231.SH,665,39,39
603232.SH,2111,482,482
603233.SH,2111,186,186
603235.SH,1014,0,0
603236.SH,1739,979,979
603237.SH,978,57,57
603238.SH,2111,79,79
603239.SH,2111,170,170
603248.SH,176,12,12
603255.SH,987,33,33
603256.SH,1736,145,145
603257.SH,351,116,116
603258.SH,2111,503,503
603259.SH,2030,912,912
603260.SH,2111,323,323
603261.SH,819,40,40
603262.SH,279,14,14
603266.SH,2111,247,247
603267.SH,1782,939,939
603268.SH,1867,46,46
603269.SH,2105,193,193
603270.SH,734,127,127
603271.SH,370,186,186
603272.SH,955,3,3
603273.SH,704,64,64
603275.SH,741,87,87
603276.SH,718,0,0
603277.SH,2111,8,8
603278.SH,2111,207,207
603279.SH,1730,272,272
603280.SH,935,166,166
603281.SH,881,85,85
603282.SH,850,0,0
603283.SH,2105,634,634
603284.SH,143,15,15
603285.SH,533,91,91
603286.SH,2094,253,253
603288.SH,2111,0,0
603289.SH,2111,110,110
603290.SH,1607,934,934
603291.SH,842,54,54
603293.SH,103,0,0
603296.SH,752,350,350
603297.SH,1942,415,415
603298.SH,2111,102,102
603299.SH,2106,553,553
603300.SH,2109,598,598
603301.SH,2046,374,374
603303.SH,2111,27,27
603305.SH,2104,806,806
603306.SH,2094,582,582
603307.SH,869,0,0
603308.SH,2111,337,337
603309.SH,2042,122,122
603310.SH,505,21,21
603311.SH,2106,54,54
603312.SH,647,109,109
603313.SH,2111,386,386
603315.SH,2020,251,251
603316.SH,2111,137,137
603317.SH,1800,480,480
603318.SH,2024,325,325
603319.SH,2111,431,431
603320.SH,2111,124,124
603321.SH,2111,28,28
603322.SH,2066,502,502
603323.SH,2111,503,503
603324.SH,1320,201,201
603325.SH,648,59,59
603326.SH,2111,39,39
603327.SH,1776,479,479
603328.SH,2111,602,602
603329.SH,2105,195,195
603330.SH,2097,244,244
603331.SH,2111,55,55
603332.SH,1857,169,169
603333.SH,2075,377,377
603334.SH,210,0,0
603335.SH,2111,190,190
603336.SH,2104,621,621
603337.SH,2111,96,96
603338.SH,2111,449,449
603339.SH,2111,117,117
603341.SH,617,394,394
603344.SH,604,109,109
603345.SH,2111,713,713
603348.SH,2035,722,722
603350.SH,535,97,97
603351.SH,1848,10,10
603352.SH,161,0,0
603353.SH,1563,116,116
603355.SH,2111,20,20
603356.SH,2085,68,68
603357.SH,2111,293,293
603358.SH,2106,210,210
603359.SH,2007,101,101
603360.SH,2111,333,333
603363.SH,1858,732,732
603365.SH,2111,32,32
603366.SH,2111,452,452
603367.SH,2111,418,418
603368.SH,2111,495,495
603369.SH,2111,242,242
603370.SH,247,0,0
603373.SH,662,78,78
603375.SH,638,181,181
603376.SH,209,0,0
603377.SH,1534,191,191
603378.SH,2018,124,124
603379.SH,1809,440,440
603380.SH,2111,138,138
603381.SH,540,114,114
603382.SH,308,33,33
603383.SH,2109,869,869
603385.SH,2111,13,13
603386.SH,2023,300,300
603387.SH,2111,528,528
603388.SH,1533,105,105
603389.SH,1569,91,91
603390.SH,1651,266,266
603391.SH,515,53,53
603392.SH,1547,248,248
603393.SH,2049,914,914
603395.SH,438,71,71
603396.SH,2111,560,560
603398.SH,1703,215,215
603399.SH,2093,737,737
603400.SH,302,21,21
603402.SH,168,30,30
603406.SH,267,8,8
603407.SH,89,0,0
603408.SH,1486,20,20
603409.SH,375,20,20
603416.SH,2111,404,404
603418.SH,235,19,19
603421.SH,2111,297,297
603429.SH,1967,292,292
603435.SH,80,0,0
603439.SH,1548,448,448
603444.SH,2111,1134,1134
603448.SH,5,0,0
603456.SH,2088,692,692
603458.SH,2109,175,175
603459.SH,109,0,0
603466.SH,2110,807,807
603468.SH,27,0,0
603477.SH,2100,874,874
603486.SH,2016,214,214
603488.SH,2095,86,86
603489.SH,1661,245,245
603496.SH,2102,499,499
603499.SH,2110,314,314
603500.SH,2111,132,132
603501.SH,2025,704,704
603505.SH,2111,514,514
603506.SH,2089,52,52
603507.SH,2106,552,552
603508.SH,2018,453,453
603511.SH,1285,48,48
603515.SH,2111,7,7
603516.SH,2088,468,468
603517.SH,1875,759,759
603518.SH,2108,299,299
603519.SH,2111,37,37
603520.SH,2010,653,653
603527.SH,2111,233,233
603528.SH,2111,353,353
603529.SH,1275,310,310
603530.SH,1725,242,242
603533.SH,2111,832,832
603535.SH,2111,131,131
603536.SH,2111,237,237
603538.SH,2038,605,605
603551.SH,1615,19,19
603555.SH,792,54,54
603556.SH,2111,345,345
603557.SH,797,78,78
603558.SH,2111,55,55
603559.SH,1342,377,377
603565.SH,1445,275,275
603566.SH,2111,259,259
603567.SH,2111,276,276
603568.SH,2111,0,0
603569.SH,2111,195,195
603577.SH,2111,197,197
603578.SH,2106,39,39
603579.SH,2111,102,102
603580.SH,1823,85,85
603583.SH,1933,691,691
603585.SH,2111,98,98
603586.SH,2111,103,103
603587.SH,1998,85,85
603588.SH,2106,555,555
603589.SH,2111,712,712
603590.SH,1952,253,253
603595.SH,1897,391,391
603596.SH,2035,767,767
603598.SH,2070,596,596
603599.SH,2111,661,661
603600.SH,2111,140,140
603601.SH,2111,229,229
603602.SH,2049,453,453
603603.SH,975,12,12
603605.SH,2111,411,411
603606.SH,2111,990,990
603607.SH,2110,396,396
603608.SH,1863,109,109
603609.SH,2111,175,175
603610.SH,1670,333,333
603611.SH,2111,279,279
603612.SH,2100,787,787
603613.SH,1729,972,972
603615.SH,2111,117,117
603616.SH,2099,214,214
603617.SH,2111,180,180
603618.SH,2111,305,305
603619.SH,2111,963,963
603626.SH,2111,491,491
603628.SH,2111,406,406
603629.SH,1873,334,334
603630.SH,2111,254,254
603633.SH,2105,336,336
603636.SH,2036,819,819
603637.SH,2109,121,121
603638.SH,2111,103,103
603639.SH,2111,73,73
603648.SH,2111,246,246
603650.SH,1995,685,685
603655.SH,2106,85,85
603656.SH,2111,101,101
603657.SH,1972,150,150
603658.SH,2111,89,89
603659.SH,2055,520,520
603660.SH,2111,443,443
603661.SH,2103,70,70
603662.SH,1724,498,498
603663.SH,2111,379,379
603665.SH,2111,103,103
603666.SH,2005,471,471
603667.SH,2039,422,422
603668.SH,2111,588,588
603669.SH,2111,111,111
603676.SH,2111,55,55
603677.SH,2108,52,52
603678.SH,2111,804,804
603679.SH,2111,253,253
603680.SH,2076,21,21
603681.SH,1814,246,246
603682.SH,1553,129,129
603683.SH,2111,257,257
603685.SH,2109,16,16
603686.SH,2111,575,575
603687.SH,1731,231,231
603688.SH,2111,849,849
603689.SH,2111,39,39
603690.SH,2020,1039,1039
603693.SH,1982,486,486
603696.SH,2077,220,220
603697.SH,1787,217,217
603698.SH,2111,244,244
603699.SH,2101,45,45
603700.SH,1854,54,54
603701.SH,2101,157,157
603703.SH,2101,352,352
603706.SH,1987,155,155
603707.SH,2111,69,69
603708.SH,2111,237,237
603709.SH,2084,53,53
603711.SH,2111,147,147
603712.SH,2074,890,890
603713.SH,1983,254,254
603716.SH,2108,414,414
603717.SH,2111,244,244
603718.SH,1982,319,319
603719.SH,1588,404,404
603721.SH,1842,328,328
603722.SH,2104,110,110
603725.SH,2096,53,53
603726.SH,2105,217,217
603727.SH,2111,152,152
603728.SH,2111,539,539
603729.SH,1747,28,28
603730.SH,2096,46,46
603733.SH,2040,235,235
603737.SH,2111,110,110
603738.SH,2111,744,744
603739.SH,1858,241,241
603755.SH,1708,14,14
603757.SH,2111,141,141
603758.SH,2097,87,87
603759.SH,1327,75,75
603766.SH,2110,494,494
603767.SH,2111,300,300
603768.SH,2111,13,13
603773.SH,2043,421,421
603776.SH,2096,261,261
603777.SH,2111,555,555
603778.SH,2087,306,306
603779.SH,1689,236,236
603786.SH,1680,128,128
603787.SH,2111,132,132
603788.SH,2111,65,65
603789.SH,1775,86,86
603790.SH,1929,91,91
603797.SH,2111,61,61
603798.SH,2110,63,63
603799.SH,2099,1156,1156
603800.SH,2105,231,231
603801.SH,2111,348,348
603803.SH,2108,453,453
603806.SH,2111,284,284
603808.SH,2111,126,126
603809.SH,2111,293,293
603810.SH,1855,102,102
603811.SH,2111,159,159
603813.SH,1838,7,7
603815.SH,1666,331,331
603816.SH,2107,168,168
603817.SH,2111,142,142
603818.SH,2077,71,71
603819.SH,2104,51,51
603822.SH,1847,142,142
603823.SH,2111,202,202
603825.SH,1769,554,554
603826.SH,2111,147,147
603828.SH,1524,22,22
603829.SH,2111,117,117
603833.SH,2111,136,136
603836.SH,1288,75,75
603838.SH,1689,16,16
603839.SH,2111,88,88
603843.SH,1696,225,225
603848.SH,2111,28,28
603855.SH,2111,94,94
603856.SH,2111,88,88
603858.SH,2111,372,372
603859.SH,2106,474,474
603860.SH,2111,107,107
603861.SH,2111,340,340
603863.SH,1518,379,379
603866.SH,2111,115,115
603867.SH,1752,616,616
603868.SH,2111,0,0
603869.SH,1534,85,85
603871.SH,2086,268,268
603876.SH,2042,652,652
603877.SH,2110,58,58
603878.SH,2111,124,124
603879.SH,1868,68,68
603880.SH,1743,9,9
603881.SH,2111,1054,1054
603882.SH,2111,693,693
603883.SH,2111,410,410
603885.SH,2111,189,189
603886.SH,2111,105,105
603887.SH,2029,539,539
603888.SH,2111,933,933
603889.SH,2111,74,74
603890.SH,2111,398,398
603893.SH,1604,688,688
603895.SH,2097,69,69
603896.SH,2111,198,198
603897.SH,2043,294,294
603898.SH,2111,24,24
603899.SH,2111,28,28
603900.SH,2110,151,151
603901.SH,2111,270,270
603903.SH,2109,100,100
603906.SH,2111,698,698
603908.SH,2111,153,153
603909.SH,2107,51,51
603912.SH,2111,460,460
603915.SH,1761,405,405
603916.SH,2111,189,189
603917.SH,2111,245,245
603918.SH,2111,529,529
603919.SH,2108,540,540
603920.SH,2108,733,733
603922.SH,1994,130,130
603926.SH,2111,63,63
603927.SH,1700,729,729
603928.SH,2111,124,124
603929.SH,2111,209,209
603931.SH,1472,268,268
603933.SH,2101,162,162
603936.SH,2106,880,880
603937.SH,2111,106,106
603938.SH,2111,314,314
603939.SH,2044,174,174
603948.SH,1588,126,126
603949.SH,1582,146,146
603950.SH,1521,142,142
603955.SH,2065,77,77
603956.SH,1836,188,188
603958.SH,2086,79,79
603959.SH,1717,254,254
603960.SH,2109,628,628
603963.SH,1532,85,85
603966.SH,2108,176,176
603967.SH,1791,105,105
603968.SH,2111,68,68
603969.SH,2111,468,468
603970.SH,2111,152,152
603976.SH,2111,177,177
603977.SH,2095,429,429
603978.SH,2108,272,272
603979.SH,2111,427,427
603980.SH,2105,208,208
603982.SH,1777,436,436
603983.SH,1732,258,258
603985.SH,2106,677,677
603986.SH,2067,1104,1104
603987.SH,2111,323,323
603988.SH,2086,341,341
603989.SH,2111,206,206
603990.SH,2106,548,548
603991.SH,2102,172,172
603992.SH,1710,102,102
603993.SH,2111,499,499
603995.SH,1630,321,321
603996.SH,352,23,23
603997.SH,2020,353,353
603998.SH,2058,515,515
603999.SH,2111,293,293
605001.SH,1533,52,52
605003.SH,1458,0,0
605005.SH,1370,70,70
605006.SH,1461,127,127
605007.SH,1419,78,78
605008.SH,1461,10,10
605009.SH,1455,207,207
605011.SH,1264,360,360
605016.SH,1310,230,230
605018.SH,1443,108,108
605020.SH,1257,443,443
605028.SH,1247,52,52
605033.SH,1208,99,99
605050.SH,1446,140,140
605055.SH,1362,66,66
605056.SH,1250,112,112
605058.SH,1433,154,154
605060.SH,1346,71,71
605066.SH,1480,281,281
605068.SH,1410,23,23
605069.SH,1231,78,78
605077.SH,1350,38,38
605080.SH,1302,52,52
605081.SH,1028,24,24
605086.SH,1313,86,86
605088.SH,1474,276,276
605089.SH,1306,109,109
605090.SH,1278,583,583
605098.SH,1310,73,73
605099.SH,1442,91,91
605100.SH,1478,136,136
605108.SH,1496,177,177
605111.SH,1444,829,829
605116.SH,1449,111,111
605117.SH,1311,630,630
605118.SH,1486,150,150
605122.SH,1339,17,17
605123.SH,1468,498,498
605128.SH,1453,192,192
605133.SH,1349,279,279
605136.SH,1443,298,298
605138.SH,1186,56,56
605151.SH,1394,80,80
605155.SH,1382,45,45
605158.SH,1482,80,80
605162.SH,1259,167,167
605166.SH,1514,121,121
605167.SH,1246,168,168
605168.SH,1529,509,509
605169.SH,1416,114,114
605177.SH,1408,49,49
605178.SH,1456,118,118
605179.SH,1385,216,216
605180.SH,1303,12,12
605183.SH,1400,62,62
605186.SH,1389,96,96
605188.SH,1488,231,231
605189.SH,1286,49,49
605196.SH,1299,351,351
605198.SH,1450,59,59
605199.SH,1164,221,221
605208.SH,1341,272,272
605218.SH,1444,142,142
605222.SH,1485,191,191
605228.SH,1369,226,226
605255.SH,1435,103,103
605258.SH,1402,197,197
605259.SH,1275,1,1
605266.SH,1404,39,39
605268.SH,1349,91,91
605277.SH,1379,417,417
605286.SH,1321,231,231
605287.SH,1260,84,84
605288.SH,1527,67,67
605289.SH,1307,136,136
605296.SH,1286,139,139
605298.SH,1346,52,52
605299.SH,1394,207,207
605300.SH,1303,69,69
605303.SH,1346,70,70
605305.SH,1302,302,302
605318.SH,1483,73,73
605319.SH,1273,230,230
605333.SH,1473,205,205
605336.SH,1336,36,36
605337.SH,1356,329,329
605338.SH,1440,140,140
605339.SH,1294,67,67
605358.SH,1455,702,702
605365.SH,1250,148,148
605366.SH,1477,270,270
605368.SH,1361,109,109
605369.SH,1452,28,28
605376.SH,1399,416,416
605377.SH,1385,119,119
605378.SH,1317,109,109
605388.SH,1473,266,266
605389.SH,1313,34,34
605398.SH,1368,264,264
605399.SH,1483,312,312
605488.SH,1297,256,256
605499.SH,1287,244,244
605500.SH,1389,19,19
605507.SH,1241,192,192
605555.SH,1186,343,343
605566.SH,1188,81,81
605567.SH,1196,132,132
605577.SH,1222,152,152
605580.SH,1228,122,122
605588.SH,1233,291,291
605589.SH,1235,667,667
605598.SH,1207,173,173
605599.SH,1213,56,56
